experiment_order,experiment_id,threshold_label,valid_predictions,failed_predictions,brier
1,exp_01_50,50,17,3,0.1552
2,exp_02_25_75,"50, 25/75",15,5,0.1382
3,exp_03_10_90,"50, 25/75, 10/90",15,5,0.17094666666666664
4,exp_04_5_95,"50, 25/75, 10/90, 5/95",15,5,0.13584666666666664
5,exp_05_1_99,"50, 25/75, 10/90, 5/95, 1/99",17,3,0.14589442647058823
