split,config,question_id,question,forecast_date,resolution,resolution_binary,final_probability,final_reasoning,brier,status,error,calls_per_question,stage_paths,stage_outputs
dev,baseline_one_shot,22382,"Will Joe Biden issue his 11th veto before May 17, 2024?","April 19, 2024",Yes,1,0.08,"As of Apr. 19, 2024 Biden had issued only a small number of vetoes in his presidency, far short of 11. Reaching an 11th veto by May 17 would require an unusually rapid cluster of vetoes in under a month, which is very unlikely given the low veto rate and the need for Congress to send him veto-worthy bills.",0.8464,ok,,1,"{""forecast"": ""/Users/kenneth.cao/Desktop/Stat 390/AutoResearch_Prediction_Optimization/outputs/raw/dev/baseline_one_shot/22382/forecast.json""}","{""forecast"": {""probability"": 0.08, ""reasoning"": ""As of Apr. 19, 2024 Biden had issued only a small number of vetoes in his presidency, far short of 11. Reaching an 11th veto by May 17 would require an unusually rapid cluster of vetoes in under a month, which is very unlikely given the low veto rate and the need for Congress to send him veto-worthy bills.""}}"
validation,baseline_one_shot,40207,"Will Secret of Secrets be the top of the New York Times Hardcover Fiction list for the week of November 2, 2025?","October 05, 2025",No,0,0.18,"This asks whether ""Secret of Secrets"" will be #1 on the NYT Hardcover Fiction list for the week of Nov. 2, 2025. As of the Oct. 5 forecast date, that requires a very strong launch and sustained sales against other major fall releases. Even highly anticipated fiction often misses #1 due to competition, retailer mix, and NYT methodology. Without evidence of exceptional preorders or dominant buzz, the base rate for a specific title to top a given weekly hardcover fiction list is modest.",0.0324,ok,,1,"{""forecast"": ""/Users/kenneth.cao/Desktop/Stat 390/AutoResearch_Prediction_Optimization/outputs/raw/validation/baseline_one_shot/40207/forecast.json""}","{""forecast"": {""probability"": 0.18, ""reasoning"": ""This asks whether \""Secret of Secrets\"" will be #1 on the NYT Hardcover Fiction list for the week of Nov. 2, 2025. As of the Oct. 5 forecast date, that requires a very strong launch and sustained sales against other major fall releases. Even highly anticipated fiction often misses #1 due to competition, retailer mix, and NYT methodology. Without evidence of exceptional preorders or dominant buzz, the base rate for a specific title to top a given weekly hardcover fiction list is modest.""}}"
validation,baseline_one_shot,41356,"Will any US electric utility announce a $5 billion capex increase, citing data center demand, between January 13 and March 12, 2026?","January 13, 2026",Yes,1,0.27,"The setup is plausible: U.S. utilities have been publicly raising capital plans due to data-center load growth, grid interconnection needs, and large load forecasts. However, the resolution is quite specific: an announcement between Jan 13 and Mar 12, 2026 of a $5B capex increase, explicitly citing data center demand. That requires both a large enough incremental increase and clear attribution in the announcement. Many utilities may instead give smaller step-ups, broader multi-year plan updates, or cite multiple drivers rather than data centers alone. The short window also limits opportunities. So the chance is meaningful but below even odds.",0.5328999999999999,ok,,1,"{""forecast"": ""/Users/kenneth.cao/Desktop/Stat 390/AutoResearch_Prediction_Optimization/outputs/raw/validation/baseline_one_shot/41356/forecast.json""}","{""forecast"": {""probability"": 0.27, ""reasoning"": ""The setup is plausible: U.S. utilities have been publicly raising capital plans due to data-center load growth, grid interconnection needs, and large load forecasts. However, the resolution is quite specific: an announcement between Jan 13 and Mar 12, 2026 of a $5B capex increase, explicitly citing data center demand. That requires both a large enough incremental increase and clear attribution in the announcement. Many utilities may instead give smaller step-ups, broader multi-year plan updates, or cite multiple drivers rather than data centers alone. The short window also limits opportunities. So the chance is meaningful but below even odds.""}}"
dev,baseline_one_shot,40216,Will the upper bound of the federal funds rate be 4.00% or higher at the December 2025 FOMC meeting?,"October 10, 2025",No,0,0.18,"As of Oct. 10, 2025, the Fed had already cut rates from the 2024 peak, and the market consensus for the remaining 2025 meetings implied further easing or at least no return to 4.00%+. For the upper bound to be 4.00% or higher at the December 2025 FOMC meeting, the Fed would need to either hold at 4.00% after prior cuts or hike back up, which seems unlikely absent a major inflation reacceleration or financial shock. The literal resolution is based on the target range announced at the December 2025 meeting, so the chance is low but nonzero.",0.0324,ok,,1,"{""forecast"": ""/Users/kenneth.cao/Desktop/Stat 390/AutoResearch_Prediction_Optimization/outputs/raw/dev/baseline_one_shot/40216/forecast.json""}","{""forecast"": {""probability"": 0.18, ""reasoning"": ""As of Oct. 10, 2025, the Fed had already cut rates from the 2024 peak, and the market consensus for the remaining 2025 meetings implied further easing or at least no return to 4.00%+. For the upper bound to be 4.00% or higher at the December 2025 FOMC meeting, the Fed would need to either hold at 4.00% after prior cuts or hike back up, which seems unlikely absent a major inflation reacceleration or financial shock. The literal resolution is based on the target range announced at the December 2025 meeting, so the chance is low but nonzero.""}}"
dev,premortem_one_shot,22787,"Will the San Francisco Bay Area experience an earthquake of at least 3.0 magnitude during the seven-day period ending midday on May 14th, 2024?","May 07, 2024",No,0,0.9,"The Bay Area is one of the most seismically active regions in the United States, and a magnitude 3.0+ earthquake over any seven-day span is fairly likely. Over a week, the chance is high but not near-certain because M3 events are still intermittent and the exact geographic/time cutoff matters. I start high due to the region’s baseline activity, then trim slightly for the literal resolution risk and the possibility of a quiet week.",0.81,ok,,1,"{""premortem"": ""/Users/kenneth.cao/Desktop/Stat 390/AutoResearch_Prediction_Optimization/outputs/raw/dev/premortem_one_shot/22787/premortem.json""}","{""premortem"": {""initial_probability"": 0.93, ""ways_forecast_could_be_wrong"": [""The Bay Area may simply have an unusually quiet week with no M3.0+ events, which is plausible over a short seven-day window despite the region's high seismicity."", ""The question’s geographic definition of the San Francisco Bay Area could be interpreted more narrowly than expected, excluding some nearby quakes that I might otherwise count."", ""The magnitude threshold and reporting could differ slightly by agency or be revised after the fact, creating ambiguity about whether an event qualifies as at least 3.0."", ""A quake could occur just outside the exact seven-day window or just outside midday on May 14th, causing a miss under the literal resolution criteria."", ""Cataloging delays or later magnitude adjustments could mean an event initially thought to qualify is ultimately recorded below 3.0 or outside the area.""], ""final_probability"": 0.9, ""reasoning"": ""The Bay Area is one of the most seismically active regions in the United States, and a magnitude 3.0+ earthquake over any seven-day span is fairly likely. Over a week, the chance is high but not near-certain because M3 events are still intermittent and the exact geographic/time cutoff matters. I start high due to the region’s baseline activity, then trim slightly for the literal resolution risk and the possibility of a quiet week.""}}"
validation,baseline_one_shot,40726,Will Nvidia's stock price reach a new record close in February 2026?,"January 31, 2026",No,0,0.58,"Nvidia entered 2026 as a highly volatile mega-cap with strong AI-driven momentum, so making a new monthly closing high in February is plausible. The resolution is literal: any close above the prior all-time closing high by end of February 2026. That said, after a large run-up, short-term pullbacks, earnings/guidance risk, and broader market volatility make a fresh record close far from certain. I’d price this as slightly better than even.",0.3364,ok,,1,"{""forecast"": ""/Users/kenneth.cao/Desktop/Stat 390/AutoResearch_Prediction_Optimization/outputs/raw/validation/baseline_one_shot/40726/forecast.json""}","{""forecast"": {""probability"": 0.58, ""reasoning"": ""Nvidia entered 2026 as a highly volatile mega-cap with strong AI-driven momentum, so making a new monthly closing high in February is plausible. The resolution is literal: any close above the prior all-time closing high by end of February 2026. That said, after a large run-up, short-term pullbacks, earnings/guidance risk, and broader market volatility make a fresh record close far from certain. I’d price this as slightly better than even.""}}"
dev,premortem_one_shot,41037,"Will the United States gain less than 100,000 new nonfarm jobs between December 2025 and February 2026?","January 22, 2026",Yes,1,0.39,"The resolution appears to depend on the cumulative change in U.S. nonfarm payrolls from December 2025 to February 2026, using the monthly BLS payroll changes available by the deadline. A YES requires a very weak three-month stretch: fewer than 100,000 net jobs added across three months, which is roughly below 33,000 per month on average. That is plausible if the labor market is slowing, but absent clear evidence of a recession-level deterioration, the base rate for three-month payroll gains staying under 100,000 is not dominant. I start near 0.42 because the threshold is low and late-cycle slowdowns can produce weak prints, then trim slightly to 0.39 because payroll growth often remains positive enough over a three-month window to clear 100,000 even when monthly gains are modest.",0.3721,ok,,1,"{""premortem"": ""/Users/kenneth.cao/Desktop/Stat 390/AutoResearch_Prediction_Optimization/outputs/raw/dev/premortem_one_shot/41037/premortem.json""}","{""premortem"": {""initial_probability"": 0.42, ""ways_forecast_could_be_wrong"": [""The labor market could remain resilient through January and February 2026, with payroll gains averaging well above 50,000 per month, making the three-month net increase exceed 100,000."", ""December 2025 could be revised materially higher or February 2026 could come in strong enough that the sum of December 2025, January 2026, and February 2026 nonfarm payroll changes is comfortably above 100,000."", ""Seasonal adjustment quirks or one-off disruptions could depress one month but be offset by unusually strong gains in the other two months, preventing a sub-100,000 total."", ""The question may resolve using the BLS nonfarm payroll change series exactly as published at the deadline; if I misread the inclusion of December 2025 through February 2026 or the relevant release timing, the forecast could be off."", ""A recession or sharp slowdown could hit in early 2026, causing one or more months to be negative and making the total far below 100,000.""], ""final_probability"": 0.39, ""reasoning"": ""The resolution appears to depend on the cumulative change in U.S. nonfarm payrolls from December 2025 to February 2026, using the monthly BLS payroll changes available by the deadline. A YES requires a very weak three-month stretch: fewer than 100,000 net jobs added across three months, which is roughly below 33,000 per month on average. That is plausible if the labor market is slowing, but absent clear evidence of a recession-level deterioration, the base rate for three-month payroll gains staying under 100,000 is not dominant. I start near 0.42 because the threshold is low and late-cycle slowdowns can produce weak prints, then trim slightly to 0.39 because payroll growth often remains positive enough over a three-month window to clear 100,000 even when monthly gains are modest.""}}"
validation,premortem_one_shot,20759,Will an AI win a coding contest on Codeforces in 2024?,"January 21, 2024",No,0,0.12,"As of January 21, 2024, an AI winning an actual Codeforces coding contest in 2024 seemed possible but still unlikely. Codeforces contests are highly competitive, time-constrained, and typically dominated by skilled human programmers. While AI coding systems were improving rapidly, reliably solving the full range of contest problems, handling edge cases, and outperforming top human participants in a live contest remained a high bar. I therefore start with a modest chance and then lower it because the literal resolution requires an AI to actually win under the contest's official rules by the end of 2024, which is a stricter and less common outcome than merely performing well or assisting a human.",0.0144,ok,,1,"{""premortem"": ""/Users/kenneth.cao/Desktop/Stat 390/AutoResearch_Prediction_Optimization/outputs/raw/validation/premortem_one_shot/20759/premortem.json""}","{""premortem"": {""initial_probability"": 0.18, ""ways_forecast_could_be_wrong"": [""The contest may include an AI-assisted or fully automated submission that is officially accepted as the winner, even if it is not widely publicized outside the event."", ""A strong coding model could improve quickly enough in 2024 to outperform human contestants in a Codeforces contest under the exact rules used by ACX 2024."", ""The resolution criteria may be broader than a standard Codeforces round win, allowing an AI to count as winning if it places first in a relevant contest segment or division."", ""There may be only a small number of eligible contests in 2024, so a single unusual event could determine the outcome and make the event more likely than expected."", ""Public reporting of the result could be ambiguous, and an AI victory might be recognized by organizers even if community discussion is mixed.""], ""final_probability"": 0.12, ""reasoning"": ""As of January 21, 2024, an AI winning an actual Codeforces coding contest in 2024 seemed possible but still unlikely. Codeforces contests are highly competitive, time-constrained, and typically dominated by skilled human programmers. While AI coding systems were improving rapidly, reliably solving the full range of contest problems, handling edge cases, and outperforming top human participants in a live contest remained a high bar. I therefore start with a modest chance and then lower it because the literal resolution requires an AI to actually win under the contest's official rules by the end of 2024, which is a stricter and less common outcome than merely performing well or assisting a human.""}}"
dev,baseline_one_shot,40195,"Will South Korea sign arms export deals worth >$5bn with any country between October 1 and December 15, 2025?","October 10, 2025",No,0,0.42,"South Korea has been aggressively expanding defense exports and has a strong pipeline of large deals, especially with Poland and other European/Middle Eastern buyers. However, the question is literal and time-bounded: it requires signed arms export deals exceeding $5bn with any country specifically between Oct. 1 and Dec. 15, 2025. Large contracts can slip in timing, be split across tranches, or fall short of the threshold when measured as signed value. Given the short window and the need for a single-country deal above $5bn, this looks plausible but not likely enough to be above even odds.",0.17639999999999997,ok,,1,"{""forecast"": ""/Users/kenneth.cao/Desktop/Stat 390/AutoResearch_Prediction_Optimization/outputs/raw/dev/baseline_one_shot/40195/forecast.json""}","{""forecast"": {""probability"": 0.42, ""reasoning"": ""South Korea has been aggressively expanding defense exports and has a strong pipeline of large deals, especially with Poland and other European/Middle Eastern buyers. However, the question is literal and time-bounded: it requires signed arms export deals exceeding $5bn with any country specifically between Oct. 1 and Dec. 15, 2025. Large contracts can slip in timing, be split across tranches, or fall short of the threshold when measured as signed value. Given the short window and the need for a single-country deal above $5bn, this looks plausible but not likely enough to be above even odds.""}}"
dev,baseline_one_shot,31296,Will at least twice as many deportations by U.S. ICE occur in Fiscal Year 2025 compared with Fiscal Year 2024?,"February 01, 2025",No,0,0.08,"FY2024 ICE deportations were roughly in the low- to mid-200k range, so a YES requires around 400k+ deportations in FY2025. As of Feb. 1, 2025, that would require an exceptionally large acceleration in removals over the remaining months, far beyond recent ICE capacity and typical annual variation. Even with a new administration and potentially stricter enforcement, doubling FY2024 within one fiscal year looks unlikely.",0.0064,ok,,1,"{""forecast"": ""/Users/kenneth.cao/Desktop/Stat 390/AutoResearch_Prediction_Optimization/outputs/raw/dev/baseline_one_shot/31296/forecast.json""}","{""forecast"": {""probability"": 0.08, ""reasoning"": ""FY2024 ICE deportations were roughly in the low- to mid-200k range, so a YES requires around 400k+ deportations in FY2025. As of Feb. 1, 2025, that would require an exceptionally large acceleration in removals over the remaining months, far beyond recent ICE capacity and typical annual variation. Even with a new administration and potentially stricter enforcement, doubling FY2024 within one fiscal year looks unlikely.""}}"
validation,premortem_one_shot,40182,"Will France announce a nuclear deterrent extension agreement with a European country before December 16, 2025?","October 15, 2025",No,0,0.24,"As of the forecast date, France has strong incentives to discuss European nuclear reassurance, but a public announcement of a concrete 'nuclear deterrent extension agreement' with a European country by December 16, 2025 still seems more likely than not to be absent. France is cautious about formalizing nuclear commitments, and such an agreement would be diplomatically significant, politically sensitive, and likely require careful negotiation and public framing. However, the probability is not negligible because European security concerns, summit diplomacy, and France's role in European strategic autonomy could produce a public announcement that meets the literal resolution criteria. I therefore raise the estimate modestly from the initial baseline to reflect the possibility of a narrowly defined announcement.",0.0576,ok,,1,"{""premortem"": ""/Users/kenneth.cao/Desktop/Stat 390/AutoResearch_Prediction_Optimization/outputs/raw/validation/premortem_one_shot/40182/premortem.json""}","{""premortem"": {""initial_probability"": 0.18, ""ways_forecast_could_be_wrong"": [""France may announce a formal bilateral or multilateral agreement extending its nuclear deterrent umbrella to a European country before the deadline, especially if security conditions in Europe intensify or if an existing defense partnership is upgraded into explicit deterrent language."", ""The question may resolve YES on a relatively modest public announcement, such as a joint statement, memorandum, or treaty framework that explicitly mentions nuclear deterrence extension, even if operational details are deferred."", ""A European country could seek French reassurance outside NATO, and France may use a high-profile summit or state visit to announce a deterrent extension agreement for political signaling."", ""I may be underestimating diplomatic momentum from prior French discussions about European strategic autonomy and nuclear sharing/reassurance, which could culminate in an announcement sooner than expected."", ""The resolution could hinge on wording that is broader than a full treaty; if the announcement clearly indicates an 'extension agreement' in public terms, it may count even if the arrangement is limited or symbolic.""], ""final_probability"": 0.24, ""reasoning"": ""As of the forecast date, France has strong incentives to discuss European nuclear reassurance, but a public announcement of a concrete 'nuclear deterrent extension agreement' with a European country by December 16, 2025 still seems more likely than not to be absent. France is cautious about formalizing nuclear commitments, and such an agreement would be diplomatically significant, politically sensitive, and likely require careful negotiation and public framing. However, the probability is not negligible because European security concerns, summit diplomacy, and France's role in European strategic autonomy could produce a public announcement that meets the literal resolution criteria. I therefore raise the estimate modestly from the initial baseline to reflect the possibility of a narrowly defined announcement.""}}"
validation,baseline_one_shot,31307,Will Nvidia outperform the S&P 500 in 2025?,"February 01, 2025",Yes,1,0.58,"Literal read: this resolves YES if Nvidia’s total return in calendar 2025 exceeds the S&P 500’s total return in 2025. As of Feb. 1, 2025, Nvidia had strong momentum and AI-driven growth expectations, but it was already a very large-cap, high-valuation stock, so beating the index is plausible but far from assured. The S&P 500 also benefits from broad diversification and could be lifted by large-cap tech, making the hurdle meaningful. I’d put Nvidia modestly above even odds to outperform over the full year.",0.17640000000000003,ok,,1,"{""forecast"": ""/Users/kenneth.cao/Desktop/Stat 390/AutoResearch_Prediction_Optimization/outputs/raw/validation/baseline_one_shot/31307/forecast.json""}","{""forecast"": {""probability"": 0.58, ""reasoning"": ""Literal read: this resolves YES if Nvidia’s total return in calendar 2025 exceeds the S&P 500’s total return in 2025. As of Feb. 1, 2025, Nvidia had strong momentum and AI-driven growth expectations, but it was already a very large-cap, high-valuation stock, so beating the index is plausible but far from assured. The S&P 500 also benefits from broad diversification and could be lifted by large-cap tech, making the hurdle meaningful. I’d put Nvidia modestly above even odds to outperform over the full year.""}}"
validation,baseline_one_shot,31118,Will Benjamin Netanyahu remain Prime Minister of Israel throughout 2025?,"February 01, 2025",Yes,1,0.58,"As of Feb. 1, 2025 Netanyahu was still PM, and he has historically been resilient in office despite coalition instability and legal/political pressures. However, the question requires him to remain PM for the entire calendar year 2025, which is a high bar given Israel’s fragmented coalition politics, war-related volatility, and the possibility of a coalition collapse, resignation, or replacement within the year. I’d put the odds modestly above even, but far from certain.",0.17640000000000003,ok,,1,"{""forecast"": ""/Users/kenneth.cao/Desktop/Stat 390/AutoResearch_Prediction_Optimization/outputs/raw/validation/baseline_one_shot/31118/forecast.json""}","{""forecast"": {""probability"": 0.58, ""reasoning"": ""As of Feb. 1, 2025 Netanyahu was still PM, and he has historically been resilient in office despite coalition instability and legal/political pressures. However, the question requires him to remain PM for the entire calendar year 2025, which is a high bar given Israel’s fragmented coalition politics, war-related volatility, and the possibility of a coalition collapse, resignation, or replacement within the year. I’d put the odds modestly above even, but far from certain.""}}"
dev,premortem_one_shot,22914,"Before May 20, 2024, will it be announced that Minouche Shafik will no longer be President of Columbia University?","May 01, 2024",No,0,0.42,"As of May 1, 2024, there was substantial public pressure on Columbia University leadership due to campus protests and political scrutiny, which made an announcement of Minouche Shafik's departure plausible within the next few weeks. However, absent direct evidence of an imminent resignation or board action, the base rate for a university president leaving on such a short timeline is still moderate rather than high. Because the resolution hinges on an announcement before May 20, not the actual end date, the probability is meaningfully higher than a generic turnover estimate, but still uncertain.",0.17639999999999997,ok,,1,"{""premortem"": ""/Users/kenneth.cao/Desktop/Stat 390/AutoResearch_Prediction_Optimization/outputs/raw/dev/premortem_one_shot/22914/premortem.json""}","{""premortem"": {""initial_probability"": 0.28, ""ways_forecast_could_be_wrong"": [""The announcement could come very quickly if Columbia's board or Shafik herself decides to step down amid ongoing campus controversy, making a YES resolution before May 20 more likely than expected."", ""The question is about an announcement, not the actual departure date; even if she remains in office for some time, a public statement that she will no longer be president would satisfy the criterion."", ""There could be an announcement phrased indirectly or conditionally (for example, a resignation effective later or a leave of absence) that still counts as no longer being president, increasing the chance of YES."", ""Conversely, the situation could stabilize and no announcement is made by the deadline, even if there is intense speculation or pressure, which would make the forecast wrong.""], ""final_probability"": 0.42, ""reasoning"": ""As of May 1, 2024, there was substantial public pressure on Columbia University leadership due to campus protests and political scrutiny, which made an announcement of Minouche Shafik's departure plausible within the next few weeks. However, absent direct evidence of an imminent resignation or board action, the base rate for a university president leaving on such a short timeline is still moderate rather than high. Because the resolution hinges on an announcement before May 20, not the actual end date, the probability is meaningfully higher than a generic turnover estimate, but still uncertain.""}}"
dev,premortem_one_shot,31123,Will Iran possess a nuclear weapon before 2026?,"February 01, 2025",No,0,0.22,"As of the forecast date, Iran had advanced its nuclear program substantially, including high-enrichment capability and reduced transparency, which makes a weapon before 2026 plausible. However, literal possession of a nuclear weapon is a higher bar than breakout capability: it requires not just fissile material but successful weaponization, integration, and a decision to cross the threshold. International monitoring, potential deterrence concerns, and the possibility that Iran prefers threshold status over overt possession all reduce the chance. I therefore start with a moderate-low estimate and adjust upward slightly because the remaining time window is long enough for a determined sprint, but not high enough to make possession likely.",0.0484,ok,,1,"{""premortem"": ""/Users/kenneth.cao/Desktop/Stat 390/AutoResearch_Prediction_Optimization/outputs/raw/dev/premortem_one_shot/31123/premortem.json""}","{""premortem"": {""initial_probability"": 0.18, ""ways_forecast_could_be_wrong"": [""Iran may already have enough highly enriched uranium and technical capability to assemble a crude weapon quickly if it makes a political decision, making the timeline shorter than many expect."", ""A covert or undisclosed weaponization effort could succeed without a public test or declaration, and the resolution criterion may be satisfied by possession rather than overt deployment."", ""Regional escalation or a major security shock could prompt Iran to sprint to a device before the deadline."", ""Conversely, the question may be resolved NO if Iran remains at the threshold but does not complete an actual nuclear weapon by the deadline, even if it has advanced enrichment and delivery capabilities.""], ""final_probability"": 0.22, ""reasoning"": ""As of the forecast date, Iran had advanced its nuclear program substantially, including high-enrichment capability and reduced transparency, which makes a weapon before 2026 plausible. However, literal possession of a nuclear weapon is a higher bar than breakout capability: it requires not just fissile material but successful weaponization, integration, and a decision to cross the threshold. International monitoring, potential deterrence concerns, and the possibility that Iran prefers threshold status over overt possession all reduce the chance. I therefore start with a moderate-low estimate and adjust upward slightly because the remaining time window is long enough for a determined sprint, but not high enough to make possession likely.""}}"
validation,baseline_one_shot,20720,Will annual US core CPI inflation be above 3% in December 2024?,"January 21, 2024",Yes,1,0.41,"As of Jan. 21, 2024, US core CPI inflation was still running above 3% year-over-year, but it had been trending down from 2022 peaks and monthly core inflation had moderated. To be above 3% in Dec. 2024, the 12-month core CPI change would need to stay elevated through the rest of the year, which seems somewhat less likely given expected disinflation and restrictive monetary policy. However, services inflation and sticky shelter components could keep core inflation above 3%, so the chance is meaningful but below even odds.",0.3481000000000001,ok,,1,"{""forecast"": ""/Users/kenneth.cao/Desktop/Stat 390/AutoResearch_Prediction_Optimization/outputs/raw/validation/baseline_one_shot/20720/forecast.json""}","{""forecast"": {""probability"": 0.41, ""reasoning"": ""As of Jan. 21, 2024, US core CPI inflation was still running above 3% year-over-year, but it had been trending down from 2022 peaks and monthly core inflation had moderated. To be above 3% in Dec. 2024, the 12-month core CPI change would need to stay elevated through the rest of the year, which seems somewhat less likely given expected disinflation and restrictive monetary policy. However, services inflation and sticky shelter components could keep core inflation above 3%, so the chance is meaningful but below even odds.""}}"
dev,baseline_one_shot,20771,Will Mike Johnson remain Speaker for all of 2024?,"January 21, 2024",Yes,1,0.28,"As of Jan. 21, 2024, Mike Johnson had only recently become Speaker and was already facing a very narrow Republican majority, internal party divisions, and the possibility of a motion to vacate or resignation if he lost support. Historically, Speakers in similarly fractured majorities have been vulnerable, and 2024 included election-year uncertainty that could further destabilize his position. Still, removing a Speaker is procedurally difficult and Republicans had incentives to avoid another leadership crisis, so the chance he lasts the full year is meaningful but below even odds.",0.5184,ok,,1,"{""forecast"": ""/Users/kenneth.cao/Desktop/Stat 390/AutoResearch_Prediction_Optimization/outputs/raw/dev/baseline_one_shot/20771/forecast.json""}","{""forecast"": {""probability"": 0.28, ""reasoning"": ""As of Jan. 21, 2024, Mike Johnson had only recently become Speaker and was already facing a very narrow Republican majority, internal party divisions, and the possibility of a motion to vacate or resignation if he lost support. Historically, Speakers in similarly fractured majorities have been vulnerable, and 2024 included election-year uncertainty that could further destabilize his position. Still, removing a Speaker is procedurally difficult and Republicans had incentives to avoid another leadership crisis, so the chance he lasts the full year is meaningful but below even odds.""}}"
dev,baseline_one_shot,20757,Will the 2024 light duty electric vehicle sales share exceed 11% in the US through November 2024?,"January 21, 2024",No,0,0.58,"By Jan 2024, US light-duty EV sales share had been rising but was still below the 11% threshold on a trailing basis, with strong growth from incentives and new model availability. However, the question asks whether the 2024 share through November 2024 will exceed 11%, which is a relatively low bar given continued adoption trends, seasonal strength, and likely year-over-year gains. Offsetting this are high interest rates, price competition, and possible demand normalization, so I’d put it modestly above even odds rather than highly likely.",0.3364,ok,,1,"{""forecast"": ""/Users/kenneth.cao/Desktop/Stat 390/AutoResearch_Prediction_Optimization/outputs/raw/dev/baseline_one_shot/20757/forecast.json""}","{""forecast"": {""probability"": 0.58, ""reasoning"": ""By Jan 2024, US light-duty EV sales share had been rising but was still below the 11% threshold on a trailing basis, with strong growth from incentives and new model availability. However, the question asks whether the 2024 share through November 2024 will exceed 11%, which is a relatively low bar given continued adoption trends, seasonal strength, and likely year-over-year gains. Offsetting this are high interest rates, price competition, and possible demand normalization, so I’d put it modestly above even odds rather than highly likely.""}}"
dev,baseline_one_shot,20786,Will Donald Trump be convicted of a felony before the 2024 presidential election?,"January 21, 2024",Yes,1,0.28,"As of Jan. 21, 2024, Trump faced multiple felony cases, but a conviction before the Nov. 2024 election required a trial, verdict, and no successful delay. The strongest near-term case was the New York hush-money trial, yet timing was uncertain and appeals/delays were possible. Other major cases were unlikely to reach conviction by the deadline. Overall, a meaningful but sub-50% chance.",0.5184,ok,,1,"{""forecast"": ""/Users/kenneth.cao/Desktop/Stat 390/AutoResearch_Prediction_Optimization/outputs/raw/dev/baseline_one_shot/20786/forecast.json""}","{""forecast"": {""probability"": 0.28, ""reasoning"": ""As of Jan. 21, 2024, Trump faced multiple felony cases, but a conviction before the Nov. 2024 election required a trial, verdict, and no successful delay. The strongest near-term case was the New York hush-money trial, yet timing was uncertain and appeals/delays were possible. Other major cases were unlikely to reach conviction by the deadline. Overall, a meaningful but sub-50% chance.""}}"
validation,premortem_one_shot,40183,"Will North Korea conduct a nuclear test before December 16, 2025?","October 10, 2025",No,0,0.1,"As of October 10, 2025, North Korea has strong incentives to preserve ambiguity and deterrence without necessarily paying the diplomatic and technical costs of an underground nuclear test. A test before December 16, 2025 would require a deliberate decision, likely with some detectable preparation, and the remaining window is relatively short. However, North Korea has historically used nuclear testing as a signaling tool when it wants to demonstrate capability or respond to perceived threats, so the probability is not negligible. I start at 0.08 because the base rate for an actual test in a short horizon is low, then adjust slightly upward to 0.10 to reflect the possibility of a sudden strategic decision or crisis-driven escalation.",0.010000000000000002,ok,,1,"{""premortem"": ""/Users/kenneth.cao/Desktop/Stat 390/AutoResearch_Prediction_Optimization/outputs/raw/validation/premortem_one_shot/40183/premortem.json""}","{""premortem"": {""initial_probability"": 0.08, ""ways_forecast_could_be_wrong"": [""North Korea may have completed technical preparations and choose to test on short notice, especially if it wants to demonstrate a new warhead, reentry vehicle, or tactical nuclear capability."", ""A major geopolitical shock (e.g., heightened U.S.-ROK military activity, a crisis with Japan, or a leadership/security concern) could prompt Pyongyang to accelerate to an actual underground test."", ""External intelligence may detect a test that is not publicly announced immediately; if the event occurs before the deadline, the resolution would be YES even if confirmation comes later."", ""North Korea could use a low-yield or subcritical-style event that the tournament counts as a nuclear test under its resolution rules, even if it is not a full-scale detonation."", ""My estimate could be too low if North Korea’s pattern of long pauses between tests is broken by a strategic decision to validate a new design before year-end.""], ""final_probability"": 0.1, ""reasoning"": ""As of October 10, 2025, North Korea has strong incentives to preserve ambiguity and deterrence without necessarily paying the diplomatic and technical costs of an underground nuclear test. A test before December 16, 2025 would require a deliberate decision, likely with some detectable preparation, and the remaining window is relatively short. However, North Korea has historically used nuclear testing as a signaling tool when it wants to demonstrate capability or respond to perceived threats, so the probability is not negligible. I start at 0.08 because the base rate for an actual test in a short horizon is low, then adjust slightly upward to 0.10 to reflect the possibility of a sudden strategic decision or crisis-driven escalation.""}}"
validation,premortem_one_shot,40207,"Will Secret of Secrets be the top of the New York Times Hardcover Fiction list for the week of November 2, 2025?","October 05, 2025",No,0,0.54,"As of October 5, 2025, Secret of Secrets appears plausibly positioned to contend for #1 if it is a high-profile fiction release with strong author recognition and marketing. However, the NYT Hardcover Fiction top spot is highly sensitive to release timing, competing titles, and the paper's sales methodology. Because the question is narrowly about being #1 on the specific week of November 2, 2025, there is meaningful uncertainty about whether its sales peak aligns with that reporting week and whether another major title outperforms it. I therefore reduce the initial estimate to reflect the substantial chance of competition or timing mismatch.",0.2916,ok,,1,"{""premortem"": ""/Users/kenneth.cao/Desktop/Stat 390/AutoResearch_Prediction_Optimization/outputs/raw/validation/premortem_one_shot/40207/premortem.json""}","{""premortem"": {""initial_probability"": 0.62, ""ways_forecast_could_be_wrong"": [""The New York Times list for the week of November 2, 2025 may be dominated by another major release or a breakout bestseller, especially if Secret of Secrets has weaker-than-expected sales momentum after launch."", ""The title may not be eligible or may be listed differently than expected due to publication timing, edition issues, or NYT categorization quirks, causing it not to appear at #1 even if sales are strong."", ""Preorders and first-week sales could be front-loaded, but the relevant NYT reporting window may capture a different sales pattern than expected, allowing another book to overtake it."", ""Unexpected controversy, mixed reviews, or limited inventory could suppress sales enough for a competitor to take the top spot."", ""The question is about the specific NYT Hardcover Fiction list for the week of November 2, 2025; if the book is not on that exact weekly list or if the list reflects a different publication date than assumed, the resolution could differ from a casual reading of 'around that week.'""], ""final_probability"": 0.54, ""reasoning"": ""As of October 5, 2025, Secret of Secrets appears plausibly positioned to contend for #1 if it is a high-profile fiction release with strong author recognition and marketing. However, the NYT Hardcover Fiction top spot is highly sensitive to release timing, competing titles, and the paper's sales methodology. Because the question is narrowly about being #1 on the specific week of November 2, 2025, there is meaningful uncertainty about whether its sales peak aligns with that reporting week and whether another major title outperforms it. I therefore reduce the initial estimate to reflect the substantial chance of competition or timing mismatch.""}}"
validation,baseline_one_shot,20753,Will Benjamin Netanyahu remain Prime Minister of Israel throughout 2024?,"January 21, 2024",Yes,1,0.58,"As of Jan. 21, 2024 Netanyahu was firmly in office, but 2024 posed meaningful risks: the Gaza war, hostage pressure, coalition instability, possible no-confidence dynamics, and the possibility of a resignation, incapacitation, or election leading to a different PM before year-end. Still, Israeli governments often persist despite turmoil, and replacing Netanyahu would require a concrete political break that was not yet clearly imminent. So YES is slightly more likely than not, but far from certain.",0.17640000000000003,ok,,1,"{""forecast"": ""/Users/kenneth.cao/Desktop/Stat 390/AutoResearch_Prediction_Optimization/outputs/raw/validation/baseline_one_shot/20753/forecast.json""}","{""forecast"": {""probability"": 0.58, ""reasoning"": ""As of Jan. 21, 2024 Netanyahu was firmly in office, but 2024 posed meaningful risks: the Gaza war, hostage pressure, coalition instability, possible no-confidence dynamics, and the possibility of a resignation, incapacitation, or election leading to a different PM before year-end. Still, Israeli governments often persist despite turmoil, and replacing Netanyahu would require a concrete political break that was not yet clearly imminent. So YES is slightly more likely than not, but far from certain.""}}"
dev,premortem_one_shot,22382,"Will Joe Biden issue his 11th veto before May 17, 2024?","April 19, 2024",Yes,1,0.14,"As of April 19, 2024, Biden had issued very few vetoes overall, so reaching an 11th veto by May 17 would require an unusually large number of prior vetoes or a misunderstanding of the count. Interpreting the question literally, the event resolves YES only if Biden issues his 11th veto before the deadline. That is a narrow and unlikely condition over a one-month window, so the probability is low. I reduce the initial estimate slightly because the specific threshold of an 11th veto makes the event less likely than a generic veto before the deadline.",0.7395999999999999,ok,,1,"{""premortem"": ""/Users/kenneth.cao/Desktop/Stat 390/AutoResearch_Prediction_Optimization/outputs/raw/dev/premortem_one_shot/22382/premortem.json""}","{""premortem"": {""initial_probability"": 0.18, ""ways_forecast_could_be_wrong"": [""Congress could send Biden a bill he strongly opposes in late April or early May, prompting a veto before May 17."", ""A veto could occur on a relatively routine or symbolic bill if legislative timing aligns, even without a major policy fight."", ""My estimate could be too low if Biden had already issued ten vetoes by April 19 and the next veto was imminent; it could be too high if he had issued fewer than ten and the question requires the 11th veto specifically before the deadline."", ""The deadline is short, so an unexpected fast-moving legislative event could create a veto opportunity sooner than expected.""], ""final_probability"": 0.14, ""reasoning"": ""As of April 19, 2024, Biden had issued very few vetoes overall, so reaching an 11th veto by May 17 would require an unusually large number of prior vetoes or a misunderstanding of the count. Interpreting the question literally, the event resolves YES only if Biden issues his 11th veto before the deadline. That is a narrow and unlikely condition over a one-month window, so the probability is low. I reduce the initial estimate slightly because the specific threshold of an 11th veto makes the event less likely than a generic veto before the deadline.""}}"
validation,baseline_one_shot,31271,Will real housing prices in the US increase more in 2025 compared to 2024?,"February 01, 2025",No,0,0.42,"The question compares the full-year change in real US housing prices in 2025 versus 2024, so it resolves YES only if 2025’s inflation-adjusted increase is larger than 2024’s. As of Feb. 1, 2025, 2024 had likely been a modestly positive or near-flat year in real terms, with nominal home prices supported by limited supply but offset by still-elevated mortgage rates and inflation. For 2025 to beat that, either nominal prices must accelerate materially or inflation must fall enough to boost real gains. Both are plausible, but high rates and affordability constraints make a large real-price surge less likely. A modest increase is more likely than a clearly larger one, so I put the chance below 50%.",0.17639999999999997,ok,,1,"{""forecast"": ""/Users/kenneth.cao/Desktop/Stat 390/AutoResearch_Prediction_Optimization/outputs/raw/validation/baseline_one_shot/31271/forecast.json""}","{""forecast"": {""probability"": 0.42, ""reasoning"": ""The question compares the full-year change in real US housing prices in 2025 versus 2024, so it resolves YES only if 2025’s inflation-adjusted increase is larger than 2024’s. As of Feb. 1, 2025, 2024 had likely been a modestly positive or near-flat year in real terms, with nominal home prices supported by limited supply but offset by still-elevated mortgage rates and inflation. For 2025 to beat that, either nominal prices must accelerate materially or inflation must fall enough to boost real gains. Both are plausible, but high rates and affordability constraints make a large real-price surge less likely. A modest increase is more likely than a clearly larger one, so I put the chance below 50%.""}}"
dev,premortem_one_shot,20761,Will Ukraine control central Bakhmut at the end of 2024?,"January 21, 2024",No,0,0.1,"As of January 21, 2024, Ukraine had not controlled Bakhmut since the Russian capture in 2023, and the city remained heavily contested but largely under Russian control. For Ukraine to control central Bakhmut by December 31, 2024, it would need a meaningful battlefield reversal in a sector that had already been devastated and strongly fortified. That is possible but unlikely given the balance of forces and the broader war situation at the time. I therefore start with a low single-digit to low-teens probability and adjust slightly upward to reflect uncertainty in how 'central Bakhmut' might be judged at the deadline.",0.010000000000000002,ok,,1,"{""premortem"": ""/Users/kenneth.cao/Desktop/Stat 390/AutoResearch_Prediction_Optimization/outputs/raw/dev/premortem_one_shot/20761/premortem.json""}","{""premortem"": {""initial_probability"": 0.08, ""ways_forecast_could_be_wrong"": [""Ukraine could mount a successful counteroffensive in the Bakhmut area and retake the central part of the city before year-end, especially if Russian lines weaken elsewhere and Ukraine reallocates forces there."", ""The resolution criterion may be interpreted more loosely than expected, so even limited Ukrainian presence or control over the central district at the deadline could count as YES."", ""Russian forces could withdraw from Bakhmut for operational reasons, allowing Ukraine to re-enter and hold the center without a major battle."", ""My estimate may underweight the possibility of a stalemate where front lines shift enough that 'central Bakhmut' is effectively under Ukrainian control by the end of 2024 despite the city remaining contested overall.""], ""final_probability"": 0.1, ""reasoning"": ""As of January 21, 2024, Ukraine had not controlled Bakhmut since the Russian capture in 2023, and the city remained heavily contested but largely under Russian control. For Ukraine to control central Bakhmut by December 31, 2024, it would need a meaningful battlefield reversal in a sector that had already been devastated and strongly fortified. That is possible but unlikely given the balance of forces and the broader war situation at the time. I therefore start with a low single-digit to low-teens probability and adjust slightly upward to reflect uncertainty in how 'central Bakhmut' might be judged at the deadline.""}}"
dev,baseline_one_shot,20774,"Will there be a US government shutdown before January 1, 2025?","January 21, 2024",No,0,0.62,"As of Jan. 21, 2024, the U.S. had already experienced a near-shutdown and multiple short-term funding deadlines, with another major appropriations deadline looming in 2024. Congress was highly polarized, making at least one lapse in appropriations before Jan. 1, 2025 plausible. However, shutdowns are often averted at the last minute, so the chance is meaningfully above 50% but not overwhelming.",0.3844,ok,,1,"{""forecast"": ""/Users/kenneth.cao/Desktop/Stat 390/AutoResearch_Prediction_Optimization/outputs/raw/dev/baseline_one_shot/20774/forecast.json""}","{""forecast"": {""probability"": 0.62, ""reasoning"": ""As of Jan. 21, 2024, the U.S. had already experienced a near-shutdown and multiple short-term funding deadlines, with another major appropriations deadline looming in 2024. Congress was highly polarized, making at least one lapse in appropriations before Jan. 1, 2025 plausible. However, shutdowns are often averted at the last minute, so the chance is meaningfully above 50% but not overwhelming.""}}"
validation,premortem_one_shot,41356,"Will any US electric utility announce a $5 billion capex increase, citing data center demand, between January 13 and March 12, 2026?","January 13, 2026",Yes,1,0.36,"As of the forecast date, US utilities have strong incentives to highlight data-center-driven load growth, and capex plans are already trending upward. However, the question is narrow: it requires a US electric utility to announce a $5 billion capex increase specifically citing data center demand within a short six-week window. That is a high threshold for a single announcement, and many utilities prefer incremental updates, multi-year plan revisions, or vague references to load growth rather than explicitly attributing a $5 billion increase to data centers. The short deadline reduces the chance that a sufficiently large, clearly worded announcement occurs, so I lower the probability from the initial estimate.",0.4096,ok,,1,"{""premortem"": ""/Users/kenneth.cao/Desktop/Stat 390/AutoResearch_Prediction_Optimization/outputs/raw/validation/premortem_one_shot/41356/premortem.json""}","{""premortem"": {""initial_probability"": 0.42, ""ways_forecast_could_be_wrong"": [""A major US utility may already have a large data-center-driven capex plan in the pipeline and choose the exact wording needed to count as a $5 billion increase during the window."", ""Utilities facing unusually strong load growth from hyperscale AI/data centers could accelerate or expand capital plans enough to clear the $5 billion threshold within two months."", ""The announcement may come via earnings call, investor presentation, or regulatory filing rather than a standalone press release, but still clearly cite data center demand and a $5 billion capex increase."", ""I may be underestimating how often utilities revise multi-year capital plans upward in early-year guidance updates, especially if several utilities report at similar times."", ""The resolution could hinge on literal phrasing: a utility might announce a $5 billion increase in total capex, or a $5 billion increase over prior plans, and if the market interprets it differently than the resolver, my forecast could be wrong.""], ""final_probability"": 0.36, ""reasoning"": ""As of the forecast date, US utilities have strong incentives to highlight data-center-driven load growth, and capex plans are already trending upward. However, the question is narrow: it requires a US electric utility to announce a $5 billion capex increase specifically citing data center demand within a short six-week window. That is a high threshold for a single announcement, and many utilities prefer incremental updates, multi-year plan revisions, or vague references to load growth rather than explicitly attributing a $5 billion increase to data centers. The short deadline reduces the chance that a sufficiently large, clearly worded announcement occurs, so I lower the probability from the initial estimate.""}}"
dev,baseline_one_shot,31130,Will major components of the Affordable Care Act be repealed or curtailed before 2026?,"February 01, 2025",No,0,0.18,"As of Feb. 1, 2025, a full repeal of major ACA components before 2026 looks unlikely because it would require overcoming Senate filibuster constraints or a major court ruling. Curtailment is more plausible via litigation or administrative action, but the question’s wording suggests substantial, identifiable changes to core ACA provisions (e.g., Medicaid expansion, subsidies, guaranteed issue, individual mandate-related structure). Those are hard to unwind quickly, and no clear pre-2026 legislative path was established. So the chance is non-trivial but still low.",0.0324,ok,,1,"{""forecast"": ""/Users/kenneth.cao/Desktop/Stat 390/AutoResearch_Prediction_Optimization/outputs/raw/dev/baseline_one_shot/31130/forecast.json""}","{""forecast"": {""probability"": 0.18, ""reasoning"": ""As of Feb. 1, 2025, a full repeal of major ACA components before 2026 looks unlikely because it would require overcoming Senate filibuster constraints or a major court ruling. Curtailment is more plausible via litigation or administrative action, but the question’s wording suggests substantial, identifiable changes to core ACA provisions (e.g., Medicaid expansion, subsidies, guaranteed issue, individual mandate-related structure). Those are hard to unwind quickly, and no clear pre-2026 legislative path was established. So the chance is non-trivial but still low.""}}"
validation,premortem_one_shot,20783,Will Ali Khamenei cease to be supreme leader of Iran in 2024?,"January 21, 2024",No,0,0.22,"As of January 21, 2024, Khamenei was elderly but still actively serving, and there was no strong public indication that he would leave office within the year. The main path to YES is death or severe incapacity, which is plausible given age, but still far from certain over a one-year horizon. Formal removal or resignation is possible but historically unlikely in Iran's political system. I therefore raise the initial estimate slightly to reflect the nontrivial mortality/health risk over 2024, but keep the probability well below 0.5.",0.0484,ok,,1,"{""premortem"": ""/Users/kenneth.cao/Desktop/Stat 390/AutoResearch_Prediction_Optimization/outputs/raw/validation/premortem_one_shot/20783/premortem.json""}","{""premortem"": {""initial_probability"": 0.18, ""ways_forecast_could_be_wrong"": [""Khamenei could die or become incapacitated before the end of 2024, which would clearly make the resolution YES."", ""He could formally resign or be removed from office by the Assembly of Experts or another political process."", ""A major political crisis, coup, or succession arrangement could lead to him no longer holding the title even if he remains alive."", ""The question is literal and time-bounded to 2024; if he ceases to be supreme leader on December 31, 2024 or earlier, it counts YES, but if he remains in office into 2025 it is NO.""], ""final_probability"": 0.22, ""reasoning"": ""As of January 21, 2024, Khamenei was elderly but still actively serving, and there was no strong public indication that he would leave office within the year. The main path to YES is death or severe incapacity, which is plausible given age, but still far from certain over a one-year horizon. Formal removal or resignation is possible but historically unlikely in Iran's political system. I therefore raise the initial estimate slightly to reflect the nontrivial mortality/health risk over 2024, but keep the probability well below 0.5.""}}"
validation,baseline_one_shot,40182,"Will France announce a nuclear deterrent extension agreement with a European country before December 16, 2025?","October 15, 2025",No,0,0.18,"France has discussed extending its nuclear deterrent umbrella or strategic cooperation to European partners, but a formal announced agreement by Dec. 16, 2025 is a high bar. Such an announcement would likely require sensitive political coordination, legal framing, and careful signaling to avoid escalation. While the topic is salient amid European security concerns, France has historically been cautious about explicit deterrent-extension commitments, so the chance of a public agreement within the deadline looks modest.",0.0324,ok,,1,"{""forecast"": ""/Users/kenneth.cao/Desktop/Stat 390/AutoResearch_Prediction_Optimization/outputs/raw/validation/baseline_one_shot/40182/forecast.json""}","{""forecast"": {""probability"": 0.18, ""reasoning"": ""France has discussed extending its nuclear deterrent umbrella or strategic cooperation to European partners, but a formal announced agreement by Dec. 16, 2025 is a high bar. Such an announcement would likely require sensitive political coordination, legal framing, and careful signaling to avoid escalation. While the topic is salient amid European security concerns, France has historically been cautious about explicit deterrent-extension commitments, so the chance of a public agreement within the deadline looks modest.""}}"
dev,baseline_one_shot,20692,Will Claudia Sheinbaum win the 2024 Mexican Presidential Election?,"January 21, 2024",Yes,1,0.88,"As of Jan. 21, 2024, Claudia Sheinbaum was the clear frontrunner and the official candidate of the governing Morena-led coalition, which had strong approval and organizational advantages. Opposition was fragmented and weaker, and early polling generally showed Sheinbaum ahead by a substantial margin. While Mexican elections can be volatile and the race was not yet decided, the pre-election fundamentals strongly favored a Sheinbaum victory.",0.0144,ok,,1,"{""forecast"": ""/Users/kenneth.cao/Desktop/Stat 390/AutoResearch_Prediction_Optimization/outputs/raw/dev/baseline_one_shot/20692/forecast.json""}","{""forecast"": {""probability"": 0.88, ""reasoning"": ""As of Jan. 21, 2024, Claudia Sheinbaum was the clear frontrunner and the official candidate of the governing Morena-led coalition, which had strong approval and organizational advantages. Opposition was fragmented and weaker, and early polling generally showed Sheinbaum ahead by a substantial margin. While Mexican elections can be volatile and the race was not yet decided, the pre-election fundamentals strongly favored a Sheinbaum victory.""}}"
dev,premortem_one_shot,40195,"Will South Korea sign arms export deals worth >$5bn with any country between October 1 and December 15, 2025?","October 10, 2025",No,0,0.52,"South Korea has been one of the world’s most active arms exporters, and large export packages above $5bn are plausible within a 2.5-month window. However, the resolution is strict: it must be a signed arms export deal, worth more than $5bn, with any country, between Oct 1 and Dec 15, 2025. In practice, many headline defense export stories are MOUs, framework agreements, or phased procurements rather than fully signed export contracts, and the short deadline reduces the chance that a qualifying deal both materializes and is signed in time. That makes this a near-even but slightly below-coin-flip event.",0.27040000000000003,ok,,1,"{""premortem"": ""/Users/kenneth.cao/Desktop/Stat 390/AutoResearch_Prediction_Optimization/outputs/raw/dev/premortem_one_shot/40195/premortem.json""}","{""premortem"": {""initial_probability"": 0.58, ""ways_forecast_could_be_wrong"": [""The question may require signed contracts specifically dated between Oct 1 and Dec 15, 2025; if major deals are announced but not formally signed by the deadline, they would not count."", ""South Korea often announces large defense export negotiations or MOUs that are not yet binding export deals; these could be mistaken for qualifying deals but fail the resolution criteria."", ""A single very large deal may be delayed past Dec 15 or split into smaller tranches, keeping total signed value below $5bn within the window."", ""The threshold is 'with any country,' so multiple deals with the same country can count only if they are arms export deals and the total signed value exceeds $5bn; ambiguity in what counts as one deal versus multiple agreements could affect resolution."", ""Geopolitical or procurement timing could shift unexpectedly, especially if a major buyer like Poland, Saudi Arabia, or another large customer pauses or renegotiates orders.""], ""final_probability"": 0.52, ""reasoning"": ""South Korea has been one of the world’s most active arms exporters, and large export packages above $5bn are plausible within a 2.5-month window. However, the resolution is strict: it must be a signed arms export deal, worth more than $5bn, with any country, between Oct 1 and Dec 15, 2025. In practice, many headline defense export stories are MOUs, framework agreements, or phased procurements rather than fully signed export contracts, and the short deadline reduces the chance that a qualifying deal both materializes and is signed in time. That makes this a near-even but slightly below-coin-flip event.""}}"
dev,premortem_one_shot,40216,Will the upper bound of the federal funds rate be 4.00% or higher at the December 2025 FOMC meeting?,"October 10, 2025",No,0,0.54,"As of October 10, 2025, the most likely outcome is that the Fed will have room to cut at least once before the December meeting, but not with overwhelming certainty. The key resolution criterion is the upper bound of the federal funds target range at the December 2025 FOMC meeting. If the Fed cuts by 25 bps from a range that is already near 4.00%, the upper bound would fall below 4.00%; if it holds steady, the upper bound stays at or above 4.00%. Given the balance of risks, I assign a modestly above-even chance to YES because markets and macro conditions could still support a hold or only limited easing by December, but I reduce that somewhat because a single cut before year-end is a plausible and common Fed response if disinflation and labor-market softening continue.",0.2916,ok,,1,"{""premortem"": ""/Users/kenneth.cao/Desktop/Stat 390/AutoResearch_Prediction_Optimization/outputs/raw/dev/premortem_one_shot/40216/premortem.json""}","{""premortem"": {""initial_probability"": 0.58, ""ways_forecast_could_be_wrong"": [""The Fed could cut rates by 25 bps or more before the December 2025 meeting, leaving the upper bound below 4.00%."", ""Economic data between October and December could weaken enough to justify faster easing than markets currently expect."", ""Inflation or labor-market surprises could push the Fed to hold rates unchanged or even signal a higher terminal path, making 4.00% or higher more likely than I expect."", ""The question is literal about the upper bound at the December 2025 FOMC meeting; if the Fed changes the target range in an unexpected way, the resolution could differ from a simple market-implied expectation."", ""I may be overweighting the persistence of the current policy stance and underweighting the Fed's willingness to deliver another cut before year-end.""], ""final_probability"": 0.54, ""reasoning"": ""As of October 10, 2025, the most likely outcome is that the Fed will have room to cut at least once before the December meeting, but not with overwhelming certainty. The key resolution criterion is the upper bound of the federal funds target range at the December 2025 FOMC meeting. If the Fed cuts by 25 bps from a range that is already near 4.00%, the upper bound would fall below 4.00%; if it holds steady, the upper bound stays at or above 4.00%. Given the balance of risks, I assign a modestly above-even chance to YES because markets and macro conditions could still support a hold or only limited easing by December, but I reduce that somewhat because a single cut before year-end is a plausible and common Fed response if disinflation and labor-market softening continue.""}}"
dev,baseline_one_shot,40208,"On December 1, 2025, will Nvidia be the world's most valuable company by market cap?","October 08, 2025",Yes,1,0.42,"As of the forecast date, Nvidia is among the top-valued companies and has strong AI-driven momentum, but being the single most valuable company on Dec. 1, 2025 requires it to stay ahead of Apple/Microsoft (and any other large-cap rival) through a specific snapshot date. That is a narrow race and highly sensitive to short-term price moves, earnings, and macro conditions. Nvidia has a plausible path to #1, but the lead is not durable enough to make this more likely than not.",0.3364000000000001,ok,,1,"{""forecast"": ""/Users/kenneth.cao/Desktop/Stat 390/AutoResearch_Prediction_Optimization/outputs/raw/dev/baseline_one_shot/40208/forecast.json""}","{""forecast"": {""probability"": 0.42, ""reasoning"": ""As of the forecast date, Nvidia is among the top-valued companies and has strong AI-driven momentum, but being the single most valuable company on Dec. 1, 2025 requires it to stay ahead of Apple/Microsoft (and any other large-cap rival) through a specific snapshot date. That is a narrow race and highly sensitive to short-term price moves, earnings, and macro conditions. Nvidia has a plausible path to #1, but the lead is not durable enough to make this more likely than not.""}}"
validation,premortem_one_shot,40194,"Will the Cambodia-Thailand conflict result in ⩾20 deaths between October 1 and December 15, 2025?","October 09, 2025",Yes,1,0.24,"As of the forecast date, the Cambodia-Thailand situation appears more likely to involve localized border tensions than sustained high-intensity war. A threshold of 20 deaths over roughly 2.5 months is meaningful but not extremely high; however, absent evidence of ongoing large-scale combat, the base rate favors fewer fatalities. I start moderately above zero because border conflicts can escalate abruptly, but I reduce slightly after considering that many such disputes remain contained and that the window is short.",0.5776,ok,,1,"{""premortem"": ""/Users/kenneth.cao/Desktop/Stat 390/AutoResearch_Prediction_Optimization/outputs/raw/validation/premortem_one_shot/40194/premortem.json""}","{""premortem"": {""initial_probability"": 0.28, ""ways_forecast_could_be_wrong"": [""The conflict could de-escalate quickly after October 9, with only sporadic border incidents and no fatalities, making a YES outcome much less likely than estimated."", ""A single sharp escalation—artillery, airstrikes, or a major border clash—could produce 20 or more deaths within the window, especially if civilian areas are hit."", ""The resolution criteria may count deaths from all conflict-related incidents between October 1 and December 15, including indirect or delayed deaths, which could push the total over 20 even without a major battle."", ""Conversely, if the question is interpreted narrowly to require deaths directly attributable to a specific Cambodia-Thailand conflict event rather than broader tensions, the total may stay below 20."", ""Reporting delays or disputed casualty figures could affect whether the threshold is judged met by the deadline.""], ""final_probability"": 0.24, ""reasoning"": ""As of the forecast date, the Cambodia-Thailand situation appears more likely to involve localized border tensions than sustained high-intensity war. A threshold of 20 deaths over roughly 2.5 months is meaningful but not extremely high; however, absent evidence of ongoing large-scale combat, the base rate favors fewer fatalities. I start moderately above zero because border conflicts can escalate abruptly, but I reduce slightly after considering that many such disputes remain contained and that the window is short.""}}"
validation,premortem_one_shot,40215,Will the upper bound of the federal funds rate be 4.00% or lower at the October 2025 FOMC meeting?,"October 06, 2025",Yes,1,0.68,"As of the forecast date, the most likely path is that the Fed has already been easing or is expected to ease further by October 2025, making an upper bound of 4.00% or lower plausible. However, the exact resolution depends on the specific target range announced at that meeting, and there is meaningful uncertainty about the pace of cuts between now and then. Because the question is literal and tied to the October 2025 FOMC decision, I assign a moderately high but not overwhelming probability.",0.10239999999999996,ok,,1,"{""premortem"": ""/Users/kenneth.cao/Desktop/Stat 390/AutoResearch_Prediction_Optimization/outputs/raw/validation/premortem_one_shot/40215/premortem.json""}","{""premortem"": {""initial_probability"": 0.72, ""ways_forecast_could_be_wrong"": [""The FOMC could keep the upper bound above 4.00% if inflation or labor-market data remain firm enough to justify no cut or only a smaller-than-expected easing path."", ""The committee could cut by less than expected, leaving the upper bound at 4.25% or higher at the October 2025 meeting."", ""The meeting outcome could be affected by a late shift in economic conditions, financial stability concerns, or communication strategy that leads the Fed to delay easing."", ""The question is literal about the upper bound at the October 2025 FOMC meeting; if the meeting is canceled, rescheduled, or the target range is changed in an unusual way, resolution could differ from a simple expectation based on market pricing.""], ""final_probability"": 0.68, ""reasoning"": ""As of the forecast date, the most likely path is that the Fed has already been easing or is expected to ease further by October 2025, making an upper bound of 4.00% or lower plausible. However, the exact resolution depends on the specific target range announced at that meeting, and there is meaningful uncertainty about the pace of cuts between now and then. Because the question is literal and tied to the October 2025 FOMC decision, I assign a moderately high but not overwhelming probability.""}}"
dev,baseline_one_shot,31044,Will the US Congress pass a bill implementing Trump's tariff policies in 2025?,"February 01, 2025",No,0,0.18,"As of Feb. 1, 2025, Trump had strong tariff rhetoric and could impose tariffs via executive authority, but the question is specifically whether Congress passes a bill implementing his tariff policies during 2025. That requires both chambers to enact legislation, which is historically difficult on trade and likely to face intra-party disagreement, business opposition, and Senate filibuster risk unless Republicans gain unusually strong unity. Congress is more likely to leave tariff policy to the executive than to codify a broad Trump tariff agenda, so YES is possible but not the base case.",0.0324,ok,,1,"{""forecast"": ""/Users/kenneth.cao/Desktop/Stat 390/AutoResearch_Prediction_Optimization/outputs/raw/dev/baseline_one_shot/31044/forecast.json""}","{""forecast"": {""probability"": 0.18, ""reasoning"": ""As of Feb. 1, 2025, Trump had strong tariff rhetoric and could impose tariffs via executive authority, but the question is specifically whether Congress passes a bill implementing his tariff policies during 2025. That requires both chambers to enact legislation, which is historically difficult on trade and likely to face intra-party disagreement, business opposition, and Senate filibuster risk unless Republicans gain unusually strong unity. Congress is more likely to leave tariff policy to the executive than to codify a broad Trump tariff agenda, so YES is possible but not the base case.""}}"
validation,baseline_one_shot,31045,Will Jerome Powell cease to hold the office of Chair of the Federal Reserve before 2026?,"February 01, 2025",No,0,0.18,"As of Feb. 1, 2025, Jerome Powell’s Fed Chair term was set to run until May 2026, so the default expectation is that he remains in office through the end of 2025. A YES requires him to stop being Chair before Jan. 1, 2026 due to resignation, removal, death, or some other early departure. Early exits by Fed Chairs are uncommon, and Powell had not signaled an imminent departure. The main upside risk is political pressure or an unexpected resignation, but that seems limited within the 2025 horizon.",0.0324,ok,,1,"{""forecast"": ""/Users/kenneth.cao/Desktop/Stat 390/AutoResearch_Prediction_Optimization/outputs/raw/validation/baseline_one_shot/31045/forecast.json""}","{""forecast"": {""probability"": 0.18, ""reasoning"": ""As of Feb. 1, 2025, Jerome Powell’s Fed Chair term was set to run until May 2026, so the default expectation is that he remains in office through the end of 2025. A YES requires him to stop being Chair before Jan. 1, 2026 due to resignation, removal, death, or some other early departure. Early exits by Fed Chairs are uncommon, and Powell had not signaled an imminent departure. The main upside risk is political pressure or an unexpected resignation, but that seems limited within the 2025 horizon.""}}"
dev,premortem_one_shot,20771,Will Mike Johnson remain Speaker for all of 2024?,"January 21, 2024",Yes,1,0.36,"As of January 21, 2024, Johnson had only recently become Speaker after a period of extreme House instability. That cuts both ways: incumbency and lack of an obvious successor help him, but the underlying Republican majority is narrow and factionalized, making him vulnerable to internal revolt. Because the resolution is strict—he must remain Speaker continuously through December 31, 2024—the forecast should discount any meaningful chance of resignation, removal, or replacement. Given the fragility of the position and the possibility of another motion to vacate or post-election leadership change, I slightly lower the initial estimate to a final probability of 0.36.",0.4096,ok,,1,"{""premortem"": ""/Users/kenneth.cao/Desktop/Stat 390/AutoResearch_Prediction_Optimization/outputs/raw/dev/premortem_one_shot/20771/premortem.json""}","{""premortem"": {""initial_probability"": 0.42, ""ways_forecast_could_be_wrong"": [""Mike Johnson may survive repeated intra-party challenges because House Republicans prefer continuity over another chaotic speaker fight, especially if the alternative is worse for their agenda."", ""He could remain Speaker through 2024 even if there are public threats or motions to vacate, as long as no successful removal or resignation occurs before year-end."", ""The question is literal about 'remain Speaker for all of 2024'; if he is briefly replaced, resigns, or is removed at any point before December 31, 2024, the answer is NO, so any midyear disruption would break the forecast."", ""Conversely, I may be underestimating the likelihood of a major political shock, ethics issue, or election-related upheaval that forces a speaker change late in the year.""], ""final_probability"": 0.36, ""reasoning"": ""As of January 21, 2024, Johnson had only recently become Speaker after a period of extreme House instability. That cuts both ways: incumbency and lack of an obvious successor help him, but the underlying Republican majority is narrow and factionalized, making him vulnerable to internal revolt. Because the resolution is strict—he must remain Speaker continuously through December 31, 2024—the forecast should discount any meaningful chance of resignation, removal, or replacement. Given the fragility of the position and the possibility of another motion to vacate or post-election leadership change, I slightly lower the initial estimate to a final probability of 0.36.""}}"
dev,premortem_one_shot,31296,Will at least twice as many deportations by U.S. ICE occur in Fiscal Year 2025 compared with Fiscal Year 2024?,"February 01, 2025",No,0,0.22,"As of February 1, 2025, the question is about whether FY2025 ICE deportations will be at least double FY2024. That requires FY2025 to exceed a very high bar relative to the prior year. Even with a change in administration and potentially tougher enforcement, doubling annual deportations is operationally difficult because removals depend on detention space, immigration court throughput, travel documents, and foreign-government cooperation. FY2024 already reflected substantial enforcement activity, so a 2x increase would likely require an extraordinary and sustained surge across the full fiscal year. I therefore start with a modest chance but reduce it after considering the practical constraints and the need for a literal year-over-year doubling by the end of FY2025.",0.0484,ok,,1,"{""premortem"": ""/Users/kenneth.cao/Desktop/Stat 390/AutoResearch_Prediction_Optimization/outputs/raw/dev/premortem_one_shot/31296/premortem.json""}","{""premortem"": {""initial_probability"": 0.28, ""ways_forecast_could_be_wrong"": [""ICE deportations in FY2025 could rise sharply due to a major policy shift, expanded detention/removal capacity, or increased border enforcement, making a 2x increase over FY2024 plausible."", ""The question may use a specific ICE deportation definition or data source that differs from my implicit assumption; if FY2024 baseline is lower than expected under the tournament’s metric, the threshold could be easier to clear."", ""FY2025 could end up with unusually high removals in the second half of the fiscal year if operational constraints ease, even if early-2025 numbers look modest."", ""Conversely, if FY2024 already had unusually high deportations, the 2x bar would be much harder to reach than it appears from headline immigration enforcement rhetoric.""], ""final_probability"": 0.22, ""reasoning"": ""As of February 1, 2025, the question is about whether FY2025 ICE deportations will be at least double FY2024. That requires FY2025 to exceed a very high bar relative to the prior year. Even with a change in administration and potentially tougher enforcement, doubling annual deportations is operationally difficult because removals depend on detention space, immigration court throughput, travel documents, and foreign-government cooperation. FY2024 already reflected substantial enforcement activity, so a 2x increase would likely require an extraordinary and sustained surge across the full fiscal year. I therefore start with a modest chance but reduce it after considering the practical constraints and the need for a literal year-over-year doubling by the end of FY2025.""}}"
dev,premortem_one_shot,20757,Will the 2024 light duty electric vehicle sales share exceed 11% in the US through November 2024?,"January 21, 2024",No,0,0.46,"As of January 21, 2024, US light-duty EV sales share had been rising but was still below the low-teens threshold in most widely cited 2023 data. Hitting above 11% for 2024 through November requires sustained growth across most of the year, not just a few strong months. I assign a moderate probability because EV adoption trends, new model launches, and continued price competition make it plausible, but the threshold is still somewhat ambitious given uncertainty around demand, incentives, and the exact statistical definition used in the resolution.",0.2116,ok,,1,"{""premortem"": ""/Users/kenneth.cao/Desktop/Stat 390/AutoResearch_Prediction_Optimization/outputs/raw/dev/premortem_one_shot/20757/premortem.json""}","{""premortem"": {""initial_probability"": 0.42, ""ways_forecast_could_be_wrong"": [""The market could accelerate faster than expected if Tesla, GM, Ford, Hyundai/Kia, and other OEMs sustain aggressive EV pricing and incentives, pushing monthly share above 11% for enough of 2024 to clear the through-November average or cumulative share threshold used by the resolution."", ""The question may refer to a specific industry statistic for 'light duty electric vehicle sales share' that differs from my assumed interpretation (e.g., monthly share vs. year-to-date share through November), and the official series could be structurally higher than expected."", ""Federal and state incentives, charging buildout, and model availability could improve consumer demand more than anticipated, especially if gasoline prices rise or macro conditions favor EV adoption."", ""Conversely, supply constraints, price cuts, or inventory issues could depress sales share, but if the resolution metric is based on a rolling or cumulative measure, a few strong months could still be enough to exceed 11%.""], ""final_probability"": 0.46, ""reasoning"": ""As of January 21, 2024, US light-duty EV sales share had been rising but was still below the low-teens threshold in most widely cited 2023 data. Hitting above 11% for 2024 through November requires sustained growth across most of the year, not just a few strong months. I assign a moderate probability because EV adoption trends, new model launches, and continued price competition make it plausible, but the threshold is still somewhat ambitious given uncertainty around demand, incentives, and the exact statistical definition used in the resolution.""}}"
dev,baseline_one_shot,22725,"As of May 21, 2024, will OpenAI report at least 99.9% uptime for ChatGPT for May 2024?","April 30, 2024",No,0,0.72,"OpenAI has generally reported very high ChatGPT availability, and 99.9% uptime for a month is a relatively low bar (about 43 minutes of downtime total). However, the question is literal: it depends on OpenAI publicly reporting May 2024 uptime by May 21, 2024, and on that report meeting or exceeding 99.9%. Given the short window and the possibility of any notable incident or delayed reporting, this is likely but not near-certain.",0.5184,ok,,1,"{""forecast"": ""/Users/kenneth.cao/Desktop/Stat 390/AutoResearch_Prediction_Optimization/outputs/raw/dev/baseline_one_shot/22725/forecast.json""}","{""forecast"": {""probability"": 0.72, ""reasoning"": ""OpenAI has generally reported very high ChatGPT availability, and 99.9% uptime for a month is a relatively low bar (about 43 minutes of downtime total). However, the question is literal: it depends on OpenAI publicly reporting May 2024 uptime by May 21, 2024, and on that report meeting or exceeding 99.9%. Given the short window and the possibility of any notable incident or delayed reporting, this is likely but not near-certain.""}}"
validation,premortem_one_shot,40726,Will Nvidia's stock price reach a new record close in February 2026?,"January 31, 2026",No,0,0.54,"As of January 31, 2026, Nvidia is a highly volatile mega-cap with strong momentum potential, but reaching a new record close within a single month is still a fairly demanding event. The probability is meaningfully above 0.5 because NVDA can move sharply on earnings, AI demand news, and broader semiconductor sentiment. However, the deadline is short and the criterion is strict: it must close at a new all-time high during February 2026, not merely trade above the prior high intraday or later in the year. That makes the event somewhat less likely than a simple bullish outlook would imply.",0.2916,ok,,1,"{""premortem"": ""/Users/kenneth.cao/Desktop/Stat 390/AutoResearch_Prediction_Optimization/outputs/raw/validation/premortem_one_shot/40726/premortem.json""}","{""premortem"": {""initial_probability"": 0.58, ""ways_forecast_could_be_wrong"": [""Nvidia may already be near its prior all-time closing high, making a new record close in February 2026 easier than expected if earnings or AI demand sentiment is strong."", ""A broad market rally or sector rotation into semiconductors could lift NVDA to a fresh closing high even without company-specific news."", ""Conversely, a weak earnings reaction, guidance disappointment, or macro selloff could prevent any new record close despite strong fundamentals."", ""The resolution is literal to closing price in February 2026 only; an intraday high or a close in March would not count, which can make the event less likely than headline price moves suggest.""], ""final_probability"": 0.54, ""reasoning"": ""As of January 31, 2026, Nvidia is a highly volatile mega-cap with strong momentum potential, but reaching a new record close within a single month is still a fairly demanding event. The probability is meaningfully above 0.5 because NVDA can move sharply on earnings, AI demand news, and broader semiconductor sentiment. However, the deadline is short and the criterion is strict: it must close at a new all-time high during February 2026, not merely trade above the prior high intraday or later in the year. That makes the event somewhat less likely than a simple bullish outlook would imply.""}}"
dev,baseline_one_shot,20749,Will there be faithless electors in the 2024 US Presidential election?,"January 21, 2024",No,0,0.18,"Faithless electors are legally possible but historically rare, and many states now have laws/punishments intended to deter them. The 2024 Electoral College is likely to be highly polarized, which can increase pressure on a few electors, but the number needed for a YES is just at least one elector casting a vote contrary to their pledge. Given the small but nontrivial historical incidence and the possibility of protest or defecting electors, I assign a modest probability.",0.0324,ok,,1,"{""forecast"": ""/Users/kenneth.cao/Desktop/Stat 390/AutoResearch_Prediction_Optimization/outputs/raw/dev/baseline_one_shot/20749/forecast.json""}","{""forecast"": {""probability"": 0.18, ""reasoning"": ""Faithless electors are legally possible but historically rare, and many states now have laws/punishments intended to deter them. The 2024 Electoral College is likely to be highly polarized, which can increase pressure on a few electors, but the number needed for a YES is just at least one elector casting a vote contrary to their pledge. Given the small but nontrivial historical incidence and the possibility of protest or defecting electors, I assign a modest probability.""}}"
validation,premortem_one_shot,22390,"Will Donald Trump file a new writ petition or application for stay with the US Supreme Court between April 16 and May 19, 2024?","April 21, 2024",No,0,0.36,"As of April 21, 2024, Trump had strong incentives to seek Supreme Court relief in fast-moving legal matters, but the exact question is narrow and literal: it requires a new writ petition or application for stay filed with the US Supreme Court during the specified window. Because Supreme Court filings are procedurally specific and not every appellate move qualifies, the base rate is moderate rather than high. I start at 0.42 to reflect meaningful likelihood of emergency Supreme Court action, then reduce to 0.36 because the wording excludes broader litigation activity and because there is substantial chance that no qualifying new filing occurs within the deadline window.",0.1296,ok,,1,"{""premortem"": ""/Users/kenneth.cao/Desktop/Stat 390/AutoResearch_Prediction_Optimization/outputs/raw/validation/premortem_one_shot/22390/premortem.json""}","{""premortem"": {""initial_probability"": 0.42, ""ways_forecast_could_be_wrong"": [""Trump may choose not to file anything new with the Supreme Court because the relevant issue is handled in lower courts or through other procedural vehicles."", ""A filing could be made by his legal team but not qualify as a new writ petition or application for stay under the question's literal wording."", ""The Supreme Court may already have pending matters from Trump, reducing the need for a new filing in this window."", ""Timing could slip outside the April 16 to May 19 window even if a filing is planned."", ""The question may hinge on whether an emergency application, motion, or supplemental filing counts as a 'new writ petition or application for stay,' creating ambiguity in classification.""], ""final_probability"": 0.36, ""reasoning"": ""As of April 21, 2024, Trump had strong incentives to seek Supreme Court relief in fast-moving legal matters, but the exact question is narrow and literal: it requires a new writ petition or application for stay filed with the US Supreme Court during the specified window. Because Supreme Court filings are procedurally specific and not every appellate move qualifies, the base rate is moderate rather than high. I start at 0.42 to reflect meaningful likelihood of emergency Supreme Court action, then reduce to 0.36 because the wording excludes broader litigation activity and because there is substantial chance that no qualifying new filing occurs within the deadline window.""}}"
validation,premortem_one_shot,41699,Will U.S. consumer sentiment in March 2026 be higher than in February 2026?,"February 04, 2026",No,0,0.52,"The question is whether U.S. consumer sentiment in March 2026 will be higher than in February 2026, which is a simple month-over-month comparison. Absent specific contemporaneous data, the best baseline is near 50/50 with a slight upward tilt because consumer sentiment often mean-reverts after weak readings and can improve modestly if inflation pressures ease or markets stabilize. However, monthly sentiment series are noisy and sensitive to short-run shocks, so the edge should remain small. I therefore start at 0.54 and trim slightly to 0.52 to reflect uncertainty and the high likelihood of measurement noise or offsetting macro developments.",0.27040000000000003,ok,,1,"{""premortem"": ""/Users/kenneth.cao/Desktop/Stat 390/AutoResearch_Prediction_Optimization/outputs/raw/validation/premortem_one_shot/41699/premortem.json""}","{""premortem"": {""initial_probability"": 0.54, ""ways_forecast_could_be_wrong"": [""The February 2026 consumer sentiment reading may already be unusually depressed, making a rebound in March more likely than a simple trend extrapolation suggests."", ""A sharp improvement or deterioration in gasoline prices, inflation expectations, or labor-market perceptions between February and March could move sentiment materially."", ""Survey methodology, seasonal adjustment, or sampling noise could make the March-to-February comparison noisy enough that the sign flips even without a real change in underlying conditions."", ""Unexpected macro or political shocks in late February or early March could dominate consumer attitudes and overwhelm baseline momentum."", ""If the relevant index is the University of Michigan consumer sentiment measure, monthly changes can be volatile and often reverse, so a modest edge in either direction is fragile.""], ""final_probability"": 0.52, ""reasoning"": ""The question is whether U.S. consumer sentiment in March 2026 will be higher than in February 2026, which is a simple month-over-month comparison. Absent specific contemporaneous data, the best baseline is near 50/50 with a slight upward tilt because consumer sentiment often mean-reverts after weak readings and can improve modestly if inflation pressures ease or markets stabilize. However, monthly sentiment series are noisy and sensitive to short-run shocks, so the edge should remain small. I therefore start at 0.54 and trim slightly to 0.52 to reflect uncertainty and the high likelihood of measurement noise or offsetting macro developments.""}}"
validation,premortem_one_shot,22726,"On May 18th, will Kyle, Texas set the world record for largest gathering of individuals with the same first name?","May 03, 2024",No,0,0.12,"As of May 3, 2024, this looks like a niche publicity event with substantial execution risk. To resolve YES, Kyle, Texas would need to set a new world record on May 18 for the largest gathering of people sharing the first name Kyle, under whatever official record-keeping standard applies. That requires enough eligible attendees, proper verification, and successful record recognition. While the town name matching the first name may help publicity, the pool of eligible participants is still limited and the event has a short runway. I therefore start moderately low and reduce further because record attempts often fail on logistics or documentation.",0.0144,ok,,1,"{""premortem"": ""/Users/kenneth.cao/Desktop/Stat 390/AutoResearch_Prediction_Optimization/outputs/raw/validation/premortem_one_shot/22726/premortem.json""}","{""premortem"": {""initial_probability"": 0.18, ""ways_forecast_could_be_wrong"": [""The event may be well-organized and heavily promoted, drawing enough people named Kyle to beat the existing record on May 18th."", ""The record criteria may be easier to satisfy than expected, for example if the count only needs to be physically present and verified rather than registered in advance."", ""Local media, social media, or name-based communities could create a late surge in attendance."", ""The current world record may be lower than assumed, making the target more attainable."", ""The event could fail on technicalities such as verification, timing, or location, even if attendance is high, which would make a YES less likely than expected.""], ""final_probability"": 0.12, ""reasoning"": ""As of May 3, 2024, this looks like a niche publicity event with substantial execution risk. To resolve YES, Kyle, Texas would need to set a new world record on May 18 for the largest gathering of people sharing the first name Kyle, under whatever official record-keeping standard applies. That requires enough eligible attendees, proper verification, and successful record recognition. While the town name matching the first name may help publicity, the pool of eligible participants is still limited and the event has a short runway. I therefore start moderately low and reduce further because record attempts often fail on logistics or documentation.""}}"
dev,premortem_one_shot,20692,Will Claudia Sheinbaum win the 2024 Mexican Presidential Election?,"January 21, 2024",Yes,1,0.76,"As of January 21, 2024, Claudia Sheinbaum was the clear frontrunner for Mexico's 2024 presidential election. She had the advantages of being the candidate of the incumbent governing coalition, strong name recognition, and polling leads over the main opposition candidate. Mexico's electoral environment and Morena's popularity made a Sheinbaum victory more likely than not by a substantial margin. However, presidential races can still shift due to campaign events, turnout, and polling error, so the probability should remain well below certainty.",0.0576,ok,,1,"{""premortem"": ""/Users/kenneth.cao/Desktop/Stat 390/AutoResearch_Prediction_Optimization/outputs/raw/dev/premortem_one_shot/20692/premortem.json""}","{""premortem"": {""initial_probability"": 0.72, ""ways_forecast_could_be_wrong"": [""The opposition coalition could consolidate enough support around Xóchitl Gálvez to overcome Morena's advantage and win the presidency."", ""Unexpected campaign shocks, scandals, or economic deterioration could materially reduce Sheinbaum's lead before election day."", ""Turnout dynamics could favor the opposition more than expected, especially if Morena's base is less motivated than polling suggests."", ""Polls available by the forecast date could be overstating Sheinbaum's position, and late-deciding voters could break against her."", ""The literal resolution depends on the official winner of the 2024 Mexican presidential election; if the result is unusually delayed or contested, uncertainty could persist, though the underlying winner would still determine the outcome.""], ""final_probability"": 0.76, ""reasoning"": ""As of January 21, 2024, Claudia Sheinbaum was the clear frontrunner for Mexico's 2024 presidential election. She had the advantages of being the candidate of the incumbent governing coalition, strong name recognition, and polling leads over the main opposition candidate. Mexico's electoral environment and Morena's popularity made a Sheinbaum victory more likely than not by a substantial margin. However, presidential races can still shift due to campaign events, turnout, and polling error, so the probability should remain well below certainty.""}}"
dev,premortem_one_shot,20774,"Will there be a US government shutdown before January 1, 2025?","January 21, 2024",No,0,0.55,"As of January 21, 2024, the US had already experienced repeated near-misses and short continuing resolutions, indicating meaningful shutdown risk. There were multiple fiscal deadlines remaining in 2024, including the possibility of further appropriations standoffs in an election year. However, shutdowns are often avoided at the last minute, and the question is binary with a deadline of before January 1, 2025, so only an actual funding lapse counts. Given both the elevated brinkmanship and the strong tendency for Congress to avert shutdowns at the last moment, a moderate probability above 50% seems appropriate, but not overwhelmingly high.",0.30250000000000005,ok,,1,"{""premortem"": ""/Users/kenneth.cao/Desktop/Stat 390/AutoResearch_Prediction_Optimization/outputs/raw/dev/premortem_one_shot/20774/premortem.json""}","{""premortem"": {""initial_probability"": 0.62, ""ways_forecast_could_be_wrong"": [""Congress may continue passing short-term continuing resolutions or full-year appropriations, avoiding any lapse in funding through December 31, 2024."", ""A shutdown could occur but be so brief or politically managed that the tournament’s resolution criteria do not count it as a qualifying US government shutdown."", ""The question may be interpreted literally to include only a lapse in appropriations affecting the federal government, so a partial shutdown or agency-specific funding lapse might not qualify if the event is not broad enough."", ""Political incentives in an election year could push both parties to avoid a shutdown despite repeated brinkmanship, especially if deadlines are met with last-minute deals."", ""My estimate could be too high if the baseline expectation is that the post-2023 budget process stabilizes and the remaining fiscal deadlines are resolved without a lapse.""], ""final_probability"": 0.55, ""reasoning"": ""As of January 21, 2024, the US had already experienced repeated near-misses and short continuing resolutions, indicating meaningful shutdown risk. There were multiple fiscal deadlines remaining in 2024, including the possibility of further appropriations standoffs in an election year. However, shutdowns are often avoided at the last minute, and the question is binary with a deadline of before January 1, 2025, so only an actual funding lapse counts. Given both the elevated brinkmanship and the strong tendency for Congress to avert shutdowns at the last moment, a moderate probability above 50% seems appropriate, but not overwhelmingly high.""}}"
validation,baseline_one_shot,20775,Will SpaceX's Starship reach orbit in 2024?,"January 21, 2024",No,0,0.42,"As of Jan 21, 2024, Starship had already flown twice and shown major progress, but it had not yet reached orbit. Reaching orbit in 2024 required several difficult milestones: reliable stage separation, engine performance, heat shielding/reentry for the upper stage, and rapid iteration under regulatory constraints. SpaceX is unusually capable and could move fast, but orbital success within the same year still looked uncertain rather than likely. I’d put it a bit below even odds.",0.17639999999999997,ok,,1,"{""forecast"": ""/Users/kenneth.cao/Desktop/Stat 390/AutoResearch_Prediction_Optimization/outputs/raw/validation/baseline_one_shot/20775/forecast.json""}","{""forecast"": {""probability"": 0.42, ""reasoning"": ""As of Jan 21, 2024, Starship had already flown twice and shown major progress, but it had not yet reached orbit. Reaching orbit in 2024 required several difficult milestones: reliable stage separation, engine performance, heat shielding/reentry for the upper stage, and rapid iteration under regulatory constraints. SpaceX is unusually capable and could move fast, but orbital success within the same year still looked uncertain rather than likely. I’d put it a bit below even odds.""}}"
dev,premortem_one_shot,20786,Will Donald Trump be convicted of a felony before the 2024 presidential election?,"January 21, 2024",Yes,1,0.24,"As of January 21, 2024, Trump faced multiple felony prosecutions, but a conviction before the 2024 presidential election required not just a trial to begin, but a guilty verdict or plea entered by Election Day. The main cases were on schedules that made a pre-election conviction possible but far from certain, with substantial risk of delay from motions, venue issues, and trial timing. Because the deadline is fixed and the question is literal about conviction before Election Day, I assign a meaningfully below-even chance, though not low, given that at least one case could plausibly reach verdict in time.",0.5776,ok,,1,"{""premortem"": ""/Users/kenneth.cao/Desktop/Stat 390/AutoResearch_Prediction_Optimization/outputs/raw/dev/premortem_one_shot/20786/premortem.json""}","{""premortem"": {""initial_probability"": 0.28, ""ways_forecast_could_be_wrong"": [""The legal process could move faster than expected, leading to a felony conviction before Election Day in one of the pending criminal cases."", ""A conviction could occur in a state case or federal case that is widely seen as politically consequential, even if appeals are pending."", ""The election date is a hard deadline; if a verdict comes very close to Election Day, small timing differences in jury deliberations or court scheduling could flip the outcome."", ""I may be underestimating the chance of a plea deal or other procedural resolution that counts as a felony conviction before the election."", ""I may be overestimating delays from pretrial motions, appeals, or continuances, any of which could push a conviction past the deadline.""], ""final_probability"": 0.24, ""reasoning"": ""As of January 21, 2024, Trump faced multiple felony prosecutions, but a conviction before the 2024 presidential election required not just a trial to begin, but a guilty verdict or plea entered by Election Day. The main cases were on schedules that made a pre-election conviction possible but far from certain, with substantial risk of delay from motions, venue issues, and trial timing. Because the deadline is fixed and the question is literal about conviction before Election Day, I assign a meaningfully below-even chance, though not low, given that at least one case could plausibly reach verdict in time.""}}"
validation,baseline_one_shot,31324,Will mifepristone become significantly restricted or illegal to prescribe for abortions across the US before 2026?,"February 01, 2025",No,0,0.28,"As of Feb. 1, 2025, mifepristone faced substantial legal and political risk, but a nationwide ban or major federal restriction by end-2025 was still uncertain. The Supreme Court had recently preserved broad access in FDA v. Alliance for Hippocratic Medicine, and while future litigation, FDA action, or congressional change could still sharply restrict prescribing, those paths were not the most likely outcome within the year. State-level restrictions already existed, but the question asks for significant restriction or illegality to prescribe across the US, which requires a broad national change.",0.07840000000000001,ok,,1,"{""forecast"": ""/Users/kenneth.cao/Desktop/Stat 390/AutoResearch_Prediction_Optimization/outputs/raw/validation/baseline_one_shot/31324/forecast.json""}","{""forecast"": {""probability"": 0.28, ""reasoning"": ""As of Feb. 1, 2025, mifepristone faced substantial legal and political risk, but a nationwide ban or major federal restriction by end-2025 was still uncertain. The Supreme Court had recently preserved broad access in FDA v. Alliance for Hippocratic Medicine, and while future litigation, FDA action, or congressional change could still sharply restrict prescribing, those paths were not the most likely outcome within the year. State-level restrictions already existed, but the question asks for significant restriction or illegality to prescribe across the US, which requires a broad national change.""}}"
dev,baseline_one_shot,20754,Will the WHO declare a global health emergency (PHEIC) in 2024?,"January 21, 2024",Yes,1,0.18,"As of Jan 21, 2024, WHO had an active PHEIC for mpox and had recently ended the COVID-19 PHEIC, so another declaration in 2024 was possible but not especially likely. The question is literal: any new WHO declaration of a global health emergency/PHEIC during 2024 counts YES. Historically these declarations are uncommon and require a major cross-border threat, so absent a known imminent crisis the base rate is low-to-moderate.",0.6724000000000001,ok,,1,"{""forecast"": ""/Users/kenneth.cao/Desktop/Stat 390/AutoResearch_Prediction_Optimization/outputs/raw/dev/baseline_one_shot/20754/forecast.json""}","{""forecast"": {""probability"": 0.18, ""reasoning"": ""As of Jan 21, 2024, WHO had an active PHEIC for mpox and had recently ended the COVID-19 PHEIC, so another declaration in 2024 was possible but not especially likely. The question is literal: any new WHO declaration of a global health emergency/PHEIC during 2024 counts YES. Historically these declarations are uncommon and require a major cross-border threat, so absent a known imminent crisis the base rate is low-to-moderate.""}}"
dev,baseline_one_shot,40191,Will the Democratic party win the Virginia gubernatorial election of 2025?,"October 06, 2025",Yes,1,0.78,"Virginia has recently leaned Democratic in statewide elections, and the 2025 gubernatorial race is occurring in a state that has favored Democrats in most recent federal and statewide contests. The incumbent governor is term-limited, so this is an open-seat race, which adds uncertainty, but Democrats typically start with a structural advantage in Virginia’s current electorate. As of the forecast date, absent strong evidence of a major Republican wave or a uniquely weak Democratic nominee, a Democratic win is more likely than not.",0.04839999999999999,ok,,1,"{""forecast"": ""/Users/kenneth.cao/Desktop/Stat 390/AutoResearch_Prediction_Optimization/outputs/raw/dev/baseline_one_shot/40191/forecast.json""}","{""forecast"": {""probability"": 0.78, ""reasoning"": ""Virginia has recently leaned Democratic in statewide elections, and the 2025 gubernatorial race is occurring in a state that has favored Democrats in most recent federal and statewide contests. The incumbent governor is term-limited, so this is an open-seat race, which adds uncertainty, but Democrats typically start with a structural advantage in Virginia’s current electorate. As of the forecast date, absent strong evidence of a major Republican wave or a uniquely weak Democratic nominee, a Democratic win is more likely than not.""}}"
validation,premortem_one_shot,20720,Will annual US core CPI inflation be above 3% in December 2024?,"January 21, 2024",Yes,1,0.38,"As of January 21, 2024, US core CPI year-over-year inflation was still above 3% but had been trending down from much higher levels. The most likely path seemed to be gradual disinflation over 2024, especially if shelter inflation kept easing and goods prices remained subdued. However, core CPI is sticky and can stay above 3% for longer than expected, particularly if services inflation remains firm. Because the resolution is specifically the December 2024 year-over-year reading, the forecast depends on both the monthly path and base effects. I therefore assign a somewhat-below-even chance that December 2024 core CPI would still be above 3%.",0.3844,ok,,1,"{""premortem"": ""/Users/kenneth.cao/Desktop/Stat 390/AutoResearch_Prediction_Optimization/outputs/raw/validation/premortem_one_shot/20720/premortem.json""}","{""premortem"": {""initial_probability"": 0.42, ""ways_forecast_could_be_wrong"": [""Core CPI inflation could continue to cool through 2024 as shelter inflation decelerates and goods disinflation persists, pushing the December 2024 year-over-year core CPI below 3%."", ""Sticky services inflation and/or a reacceleration in housing-related components could keep year-over-year core CPI above 3% by December 2024 even if headline inflation falls."", ""The question is literal about December 2024 annual core CPI, so a late-year monthly uptick or unfavorable base effects could flip the result even if most of the year looks close to 3%."", ""Policy easing or tightening, energy spillovers into core categories, or supply-chain disruptions could alter the path enough to move the December reading across the threshold.""], ""final_probability"": 0.38, ""reasoning"": ""As of January 21, 2024, US core CPI year-over-year inflation was still above 3% but had been trending down from much higher levels. The most likely path seemed to be gradual disinflation over 2024, especially if shelter inflation kept easing and goods prices remained subdued. However, core CPI is sticky and can stay above 3% for longer than expected, particularly if services inflation remains firm. Because the resolution is specifically the December 2024 year-over-year reading, the forecast depends on both the monthly path and base effects. I therefore assign a somewhat-below-even chance that December 2024 core CPI would still be above 3%.""}}"
validation,premortem_one_shot,31045,Will Jerome Powell cease to hold the office of Chair of the Federal Reserve before 2026?,"February 01, 2025",No,0,0.16,"As of February 1, 2025, Jerome Powell was serving as Chair of the Federal Reserve with a term that, absent resignation or removal, would run through May 2026. The literal question asks whether he will cease to hold the office before 2026, so the YES outcome requires him to leave the chairmanship at any point during 2025. That is possible but not the base case. Historically, Fed Chairs usually complete their terms, and removal is rare and politically difficult. The main plausible paths to YES are resignation, health-related departure, or an early replacement decision. Given the remaining time horizon and the institutional norm of continuity, I assign a modest probability.",0.0256,ok,,1,"{""premortem"": ""/Users/kenneth.cao/Desktop/Stat 390/AutoResearch_Prediction_Optimization/outputs/raw/validation/premortem_one_shot/31045/premortem.json""}","{""premortem"": {""initial_probability"": 0.18, ""ways_forecast_could_be_wrong"": [""Powell could resign, retire, or be removed before the end of 2025 for personal, political, or health reasons."", ""The question may resolve YES if he stops being Chair even briefly before 2026, including if a successor is appointed early or if he leaves office before year-end."", ""I may be underestimating the chance of an orderly transition if the administration chooses to replace him at the next available opportunity and Powell steps aside."", ""I may be overestimating continuity because Fed chairs often serve full terms, but the literal resolution only requires ceasing to hold the office before 2026, not failing to be reappointed later.""], ""final_probability"": 0.16, ""reasoning"": ""As of February 1, 2025, Jerome Powell was serving as Chair of the Federal Reserve with a term that, absent resignation or removal, would run through May 2026. The literal question asks whether he will cease to hold the office before 2026, so the YES outcome requires him to leave the chairmanship at any point during 2025. That is possible but not the base case. Historically, Fed Chairs usually complete their terms, and removal is rare and politically difficult. The main plausible paths to YES are resignation, health-related departure, or an early replacement decision. Given the remaining time horizon and the institutional norm of continuity, I assign a modest probability.""}}"
validation,baseline_one_shot,20758,Will OpenAI publish information describing Q* (Q-Star) in 2024?,"January 21, 2024",No,0,0.18,"As of Jan. 21, 2024, Q* was only a rumor from late-2023 reporting, with no official OpenAI confirmation or technical writeup. OpenAI had strong incentives to avoid discussing a potentially sensitive internal project, and the resolution requires OpenAI itself to publish information describing Q* at any point in 2024. While later leaks, interviews, or indirect references could happen, the literal criterion is fairly strict, so the chance seems low but non-trivial.",0.0324,ok,,1,"{""forecast"": ""/Users/kenneth.cao/Desktop/Stat 390/AutoResearch_Prediction_Optimization/outputs/raw/validation/baseline_one_shot/20758/forecast.json""}","{""forecast"": {""probability"": 0.18, ""reasoning"": ""As of Jan. 21, 2024, Q* was only a rumor from late-2023 reporting, with no official OpenAI confirmation or technical writeup. OpenAI had strong incentives to avoid discussing a potentially sensitive internal project, and the resolution requires OpenAI itself to publish information describing Q* at any point in 2024. While later leaks, interviews, or indirect references could happen, the literal criterion is fairly strict, so the chance seems low but non-trivial.""}}"
dev,premortem_one_shot,40208,"On December 1, 2025, will Nvidia be the world's most valuable company by market cap?","October 08, 2025",Yes,1,0.38,"As of the forecast date, Nvidia is already among the top two or three most valuable companies globally, but being the single largest by December 1, 2025 requires it to outperform other mega-caps over a short horizon. That is plausible given AI enthusiasm and Nvidia's strong fundamentals, but the bar is high because Microsoft and Apple are also enormous and can move materially on their own earnings and market sentiment. The literal resolution depends on market cap on the deadline date, so I weight the chance of Nvidia finishing first as meaningful but below even odds.",0.3844,ok,,1,"{""premortem"": ""/Users/kenneth.cao/Desktop/Stat 390/AutoResearch_Prediction_Optimization/outputs/raw/dev/premortem_one_shot/40208/premortem.json""}","{""premortem"": {""initial_probability"": 0.42, ""ways_forecast_could_be_wrong"": [""Nvidia could benefit from continued AI-driven revenue growth and multiple expansion, allowing it to overtake Apple or Microsoft by market cap by December 1, 2025."", ""A broad market correction could hit other mega-cap firms harder than Nvidia, making Nvidia the largest by market cap even without large absolute gains."", ""The resolution may depend on the exact market-cap snapshot used on December 1, and intraday volatility could briefly place Nvidia first if the criterion is interpreted at a specific time."", ""Conversely, if Microsoft or Apple also rally strongly, Nvidia may remain close but not finish first on the relevant date."", ""Any major company-specific event for Nvidia, such as earnings, guidance, export restrictions, or supply-chain issues, could materially change the ranking before the deadline.""], ""final_probability"": 0.38, ""reasoning"": ""As of the forecast date, Nvidia is already among the top two or three most valuable companies globally, but being the single largest by December 1, 2025 requires it to outperform other mega-caps over a short horizon. That is plausible given AI enthusiasm and Nvidia's strong fundamentals, but the bar is high because Microsoft and Apple are also enormous and can move materially on their own earnings and market sentiment. The literal resolution depends on market cap on the deadline date, so I weight the chance of Nvidia finishing first as meaningful but below even odds.""}}"
validation,baseline_one_shot,31253,Will the US unemployment rate in November 2025 be below the rate in November 2024?,"February 01, 2025",No,0,0.46,"The question compares the seasonally adjusted US unemployment rate in November 2025 versus November 2024, so the key issue is whether the labor market is still easing by late 2025. As of Feb. 1, 2025, unemployment was around the mid-4% range and the economy had shown resilience, but inflation had cooled and the Fed was expected to be in or near an easing cycle, which could support employment. On the other hand, if growth slows or a mild recession emerges, unemployment could rise above its November 2024 level. Because the comparison is to a single month and labor-market data are noisy, the outcome is close to a coin flip, with a slight lean toward higher unemployment by Nov. 2025 rather than lower.",0.2116,ok,,1,"{""forecast"": ""/Users/kenneth.cao/Desktop/Stat 390/AutoResearch_Prediction_Optimization/outputs/raw/validation/baseline_one_shot/31253/forecast.json""}","{""forecast"": {""probability"": 0.46, ""reasoning"": ""The question compares the seasonally adjusted US unemployment rate in November 2025 versus November 2024, so the key issue is whether the labor market is still easing by late 2025. As of Feb. 1, 2025, unemployment was around the mid-4% range and the economy had shown resilience, but inflation had cooled and the Fed was expected to be in or near an easing cycle, which could support employment. On the other hand, if growth slows or a mild recession emerges, unemployment could rise above its November 2024 level. Because the comparison is to a single month and labor-market data are noisy, the outcome is close to a coin flip, with a slight lean toward higher unemployment by Nov. 2025 rather than lower.""}}"
dev,baseline_one_shot,20781,Will X declare bankruptcy in 2024?,"January 21, 2024",No,0,0.03,"As of Jan. 21, 2024, X (formerly Twitter) was still operating and had not publicly indicated an imminent bankruptcy filing. While the company faced significant financial and advertiser pressure, bankruptcy in 2024 would require a formal legal filing or equivalent declaration, which is a high bar for a large platform with an active owner and access to capital. The base rate for a major tech platform declaring bankruptcy within a single year is low, so I assign a small but nonzero chance.",0.0009,ok,,1,"{""forecast"": ""/Users/kenneth.cao/Desktop/Stat 390/AutoResearch_Prediction_Optimization/outputs/raw/dev/baseline_one_shot/20781/forecast.json""}","{""forecast"": {""probability"": 0.03, ""reasoning"": ""As of Jan. 21, 2024, X (formerly Twitter) was still operating and had not publicly indicated an imminent bankruptcy filing. While the company faced significant financial and advertiser pressure, bankruptcy in 2024 would require a formal legal filing or equivalent declaration, which is a high bar for a large platform with an active owner and access to capital. The base rate for a major tech platform declaring bankruptcy within a single year is low, so I assign a small but nonzero chance.""}}"
validation,premortem_one_shot,31271,Will real housing prices in the US increase more in 2025 compared to 2024?,"February 01, 2025",No,0,0.39,"As of Feb. 1, 2025, the most likely outcome is that US real housing prices do not increase more in 2025 than in 2024. 2024 already had some support from easing inflation and still-elevated nominal prices, while 2025 faces uncertainty from mortgage rates, affordability constraints, and possible economic slowing. Because the question is about a comparison of full-year real price increases, the bar for YES is that 2025 must outperform 2024 on a real basis, which seems somewhat less likely than not. I assign a moderate-but-below-50% probability, with some chance that lower inflation or a rate drop boosts 2025 enough to exceed 2024.",0.1521,ok,,1,"{""premortem"": ""/Users/kenneth.cao/Desktop/Stat 390/AutoResearch_Prediction_Optimization/outputs/raw/validation/premortem_one_shot/31271/premortem.json""}","{""premortem"": {""initial_probability"": 0.42, ""ways_forecast_could_be_wrong"": [""The question may use a specific real housing price index and annual average vs. year-end comparison that changes the sign of the answer."", ""Nominal home prices could rise modestly in both 2024 and 2025, but inflation could be lower in 2025, making real prices rise more even if nominal gains are similar."", ""Mortgage rates could fall enough in 2025 to re-accelerate demand and push real prices up more than in 2024."", ""Alternatively, higher inventory, weaker labor markets, or a recession could keep 2025 real price growth below 2024."", ""Regional divergence could be large enough that the chosen national measure behaves differently from the broad housing market intuition.""], ""final_probability"": 0.39, ""reasoning"": ""As of Feb. 1, 2025, the most likely outcome is that US real housing prices do not increase more in 2025 than in 2024. 2024 already had some support from easing inflation and still-elevated nominal prices, while 2025 faces uncertainty from mortgage rates, affordability constraints, and possible economic slowing. Because the question is about a comparison of full-year real price increases, the bar for YES is that 2025 must outperform 2024 on a real basis, which seems somewhat less likely than not. I assign a moderate-but-below-50% probability, with some chance that lower inflation or a rate drop boosts 2025 enough to exceed 2024.""}}"
dev,baseline_one_shot,40201,Will Philadelphia Union win the 2025 MLS championship for US soccer?,"October 11, 2025",No,0,0.06,"Philadelphia Union are usually a strong regular-season MLS side, but MLS Cup is highly volatile and requires multiple knockout wins. As of the forecast date, they are not the clear league favorite and would need to outperform several stronger or similarly rated contenders. A single-elimination playoff format plus parity in MLS makes any one team’s title odds modest; for Philadelphia, a low-single-digit to mid-single-digit chance is reasonable.",0.0036,ok,,1,"{""forecast"": ""/Users/kenneth.cao/Desktop/Stat 390/AutoResearch_Prediction_Optimization/outputs/raw/dev/baseline_one_shot/40201/forecast.json""}","{""forecast"": {""probability"": 0.06, ""reasoning"": ""Philadelphia Union are usually a strong regular-season MLS side, but MLS Cup is highly volatile and requires multiple knockout wins. As of the forecast date, they are not the clear league favorite and would need to outperform several stronger or similarly rated contenders. A single-elimination playoff format plus parity in MLS makes any one team’s title odds modest; for Philadelphia, a low-single-digit to mid-single-digit chance is reasonable.""}}"
dev,premortem_one_shot,31044,Will the US Congress pass a bill implementing Trump's tariff policies in 2025?,"February 01, 2025",No,0,0.22,"As of February 1, 2025, the baseline chance that Congress will pass a bill in 2025 that implements Trump's tariff policies is meaningfully below 50%. Trump can and likely would pursue tariffs through executive action, which reduces the need for Congress to legislate. For Congress to pass such a bill, Republicans would need to unify around a specific tariff package and overcome Senate procedural hurdles, and there is substantial uncertainty about whether tariff policy would be handled legislatively at all. I start at 0.28 because the political environment could be favorable to protectionist measures, but I lower to 0.22 because the most likely path is executive implementation rather than congressional passage, and because the resolution likely requires actual enactment by year-end.",0.0484,ok,,1,"{""premortem"": ""/Users/kenneth.cao/Desktop/Stat 390/AutoResearch_Prediction_Optimization/outputs/raw/dev/premortem_one_shot/31044/premortem.json""}","{""premortem"": {""initial_probability"": 0.28, ""ways_forecast_could_be_wrong"": [""The question may resolve YES if Congress passes a broad trade or tariff bill that clearly codifies Trump's tariff agenda, even if it is packaged as part of a larger tax, budget, or trade vehicle rather than a standalone 'tariff bill'."", ""The question may resolve NO if Trump implements tariffs mainly through executive authority and Congress never enacts a separate bill, even if many lawmakers publicly support the policy."", ""The resolution criteria may require a bill passed by both chambers and signed into law by the deadline; if so, even a late-year congressional vote that stalls in one chamber would not count."", ""Congress could pass a narrower bill that only authorizes or modifies tariffs on specific countries or sectors, which might or might not be judged as 'implementing Trump's tariff policies' depending on the tournament's literal interpretation."", ""Political gridlock, Senate filibuster, or intra-party disagreement could prevent passage despite a Republican-controlled Congress, making the event less likely than it might appear from campaign rhetoric.""], ""final_probability"": 0.22, ""reasoning"": ""As of February 1, 2025, the baseline chance that Congress will pass a bill in 2025 that implements Trump's tariff policies is meaningfully below 50%. Trump can and likely would pursue tariffs through executive action, which reduces the need for Congress to legislate. For Congress to pass such a bill, Republicans would need to unify around a specific tariff package and overcome Senate procedural hurdles, and there is substantial uncertainty about whether tariff policy would be handled legislatively at all. I start at 0.28 because the political environment could be favorable to protectionist measures, but I lower to 0.22 because the most likely path is executive implementation rather than congressional passage, and because the resolution likely requires actual enactment by year-end.""}}"
validation,premortem_one_shot,31307,Will Nvidia outperform the S&P 500 in 2025?,"February 01, 2025",Yes,1,0.54,"Literal resolution: YES if Nvidia's total return over calendar year 2025 exceeds the S&P 500's total return over the same period, measured from the market close on 2024-12-31 to the market close on 2025-12-31 (or the nearest available closing prices if one is unavailable). As of 2025-02-01, Nvidia has strong AI-driven momentum and a plausible path to outperform, but it is also a very high-expectation stock with substantial valuation and execution risk. Because the S&P 500 includes many large tech names and could benefit from broadening market leadership, I think the edge is modest rather than large.",0.21159999999999995,ok,,1,"{""premortem"": ""/Users/kenneth.cao/Desktop/Stat 390/AutoResearch_Prediction_Optimization/outputs/raw/validation/premortem_one_shot/31307/premortem.json""}","{""premortem"": {""initial_probability"": 0.58, ""ways_forecast_could_be_wrong"": [""Nvidia may already be priced for exceptional growth, making it hard to beat the S&P 500 even if fundamentals remain strong."", ""A broad market rally led by mega-cap tech, financials, or cyclicals could lift the S&P 500 enough that Nvidia underperforms despite positive absolute returns."", ""Nvidia could face margin pressure, export restrictions, supply-chain issues, or AI spending slowdowns that disproportionately hurt its stock."", ""The S&P 500 could have a relatively strong year if inflation falls and earnings broaden beyond AI, reducing Nvidia's relative advantage."", ""High volatility in a single stock means a few bad quarters or guidance misses can dominate annual performance versus a diversified index.""], ""final_probability"": 0.54, ""reasoning"": ""Literal resolution: YES if Nvidia's total return over calendar year 2025 exceeds the S&P 500's total return over the same period, measured from the market close on 2024-12-31 to the market close on 2025-12-31 (or the nearest available closing prices if one is unavailable). As of 2025-02-01, Nvidia has strong AI-driven momentum and a plausible path to outperform, but it is also a very high-expectation stock with substantial valuation and execution risk. Because the S&P 500 includes many large tech names and could benefit from broadening market leadership, I think the edge is modest rather than large.""}}"
validation,baseline_one_shot,41699,Will U.S. consumer sentiment in March 2026 be higher than in February 2026?,"February 04, 2026",No,0,0.56,"The question compares the March 2026 U.S. consumer sentiment reading to February 2026, so the resolution depends on the official monthly index values released by the relevant survey source. As of the forecast date, only February is imminent and March is one month later, making a modest month-to-month increase slightly more likely than not but far from certain. Consumer sentiment is volatile and sensitive to inflation, labor-market news, and policy headlines, so a small edge to a higher March print is appropriate rather than a strong conviction.",0.31360000000000005,ok,,1,"{""forecast"": ""/Users/kenneth.cao/Desktop/Stat 390/AutoResearch_Prediction_Optimization/outputs/raw/validation/baseline_one_shot/41699/forecast.json""}","{""forecast"": {""probability"": 0.56, ""reasoning"": ""The question compares the March 2026 U.S. consumer sentiment reading to February 2026, so the resolution depends on the official monthly index values released by the relevant survey source. As of the forecast date, only February is imminent and March is one month later, making a modest month-to-month increase slightly more likely than not but far from certain. Consumer sentiment is volatile and sensitive to inflation, labor-market news, and policy headlines, so a small edge to a higher March print is appropriate rather than a strong conviction.""}}"
validation,baseline_one_shot,20776,Will cannabis be removed from Schedule I of the Controlled Substance Act before 2025?,"January 21, 2024",No,0,0.28,"As of Jan. 21, 2024, rescheduling was under active review and the Biden administration had signaled support for moving cannabis to Schedule III, but that process was still incomplete and could take many months. The question is literal: cannabis must be removed from Schedule I before 2025. Even if rescheduled to Schedule III, that would satisfy the condition, but the administrative/legal path had substantial uncertainty and no final rule was in place by the forecast date. Given the remaining time and procedural hurdles, a moderate minority chance seems appropriate.",0.07840000000000001,ok,,1,"{""forecast"": ""/Users/kenneth.cao/Desktop/Stat 390/AutoResearch_Prediction_Optimization/outputs/raw/validation/baseline_one_shot/20776/forecast.json""}","{""forecast"": {""probability"": 0.28, ""reasoning"": ""As of Jan. 21, 2024, rescheduling was under active review and the Biden administration had signaled support for moving cannabis to Schedule III, but that process was still incomplete and could take many months. The question is literal: cannabis must be removed from Schedule I before 2025. Even if rescheduled to Schedule III, that would satisfy the condition, but the administrative/legal path had substantial uncertainty and no final rule was in place by the forecast date. Given the remaining time and procedural hurdles, a moderate minority chance seems appropriate.""}}"
dev,premortem_one_shot,22725,"As of May 21, 2024, will OpenAI report at least 99.9% uptime for ChatGPT for May 2024?","April 30, 2024",No,0,0.66,"As of April 30, 2024, ChatGPT had generally high availability and OpenAI had strong incentives to maintain and report very high uptime. A threshold of 99.9% for a month is demanding but still allows roughly 43 minutes of downtime over 30 days, so it is plausible. However, the question is literal about whether OpenAI will report at least 99.9% uptime for May 2024 by May 21, 2024, which introduces uncertainty about the exact reporting source, methodology, and whether any late-May incidents or reporting delays affect the outcome. I therefore start moderately bullish but reduce somewhat for ambiguity in the metric and publication timing.",0.43560000000000004,ok,,1,"{""premortem"": ""/Users/kenneth.cao/Desktop/Stat 390/AutoResearch_Prediction_Optimization/outputs/raw/dev/premortem_one_shot/22725/premortem.json""}","{""premortem"": {""initial_probability"": 0.72, ""ways_forecast_could_be_wrong"": [""OpenAI may define and report uptime using a stricter measurement window or methodology than expected, causing the reported May 2024 uptime to fall below 99.9% even if ChatGPT was mostly available."", ""A brief but material outage in late May 2024 could push monthly uptime under 99.9%, especially if the metric is rounded conservatively or excludes partial availability."", ""The relevant report may not be published by May 21, 2024, or may be updated later with a different figure, making the resolution depend on the exact wording and timing of the official report."", ""ChatGPT service incidents, regional degradation, or API-related issues could be counted in the uptime metric even if the consumer-facing product seemed mostly fine."", ""OpenAI might stop reporting a monthly uptime figure for ChatGPT in the expected format, or report it in a way that is not clearly comparable to prior months.""], ""final_probability"": 0.66, ""reasoning"": ""As of April 30, 2024, ChatGPT had generally high availability and OpenAI had strong incentives to maintain and report very high uptime. A threshold of 99.9% for a month is demanding but still allows roughly 43 minutes of downtime over 30 days, so it is plausible. However, the question is literal about whether OpenAI will report at least 99.9% uptime for May 2024 by May 21, 2024, which introduces uncertainty about the exact reporting source, methodology, and whether any late-May incidents or reporting delays affect the outcome. I therefore start moderately bullish but reduce somewhat for ambiguity in the metric and publication timing.""}}"
dev,premortem_one_shot,20749,Will there be faithless electors in the 2024 US Presidential election?,"January 21, 2024",No,0,0.14,"As of January 21, 2024, the baseline likelihood of at least one faithless elector in the 2024 US Presidential election appears low but non-trivial. Recent US presidential elections have seen very few faithless electors, and many states now have laws or mechanisms intended to bind electors or penalize defections. However, the event is not impossible, especially in a highly polarized or close election. Because the question asks whether there will be any faithless electors at all, the relevant probability is driven by the chance of at least one defection somewhere in the Electoral College. I start moderately low and adjust downward because the historical frequency in modern elections is sparse and legal/party discipline is strong.",0.019600000000000003,ok,,1,"{""premortem"": ""/Users/kenneth.cao/Desktop/Stat 390/AutoResearch_Prediction_Optimization/outputs/raw/dev/premortem_one_shot/20749/premortem.json""}","{""premortem"": {""initial_probability"": 0.18, ""ways_forecast_could_be_wrong"": [""The resolution may count any elector who casts a vote for someone other than their pledged candidate, even if the vote is symbolic, quickly corrected, or later challenged."", ""The 2024 Electoral College could produce unusual defections due to a close election, a contingent election, or intense intra-party conflict, making faithless voting more likely than in recent cycles."", ""State laws and enforcement may deter or nullify faithless votes, but the tournament’s resolution might still treat the act of casting such a vote as sufficient for YES."", ""The question may resolve based on official electoral vote records or media reports that are not immediately obvious, and a single confirmed faithless elector would be enough."", ""There could be ambiguity about whether abstentions, invalid ballots, or procedural irregularities count as faithless electors under the tournament’s literal criteria.""], ""final_probability"": 0.14, ""reasoning"": ""As of January 21, 2024, the baseline likelihood of at least one faithless elector in the 2024 US Presidential election appears low but non-trivial. Recent US presidential elections have seen very few faithless electors, and many states now have laws or mechanisms intended to bind electors or penalize defections. However, the event is not impossible, especially in a highly polarized or close election. Because the question asks whether there will be any faithless electors at all, the relevant probability is driven by the chance of at least one defection somewhere in the Electoral College. I start moderately low and adjust downward because the historical frequency in modern elections is sparse and legal/party discipline is strong.""}}"
validation,premortem_one_shot,31118,Will Benjamin Netanyahu remain Prime Minister of Israel throughout 2025?,"February 01, 2025",Yes,1,0.54,"As of February 1, 2025, Netanyahu is still a strong incumbent with substantial advantages: he leads the governing coalition, has survived repeated political crises, and Israel's parliamentary system often makes replacement difficult without a clear alternative majority. That said, the resolution criterion is strict: he must remain Prime Minister continuously through December 31, 2025. The main risks are coalition fracture, a successful no-confidence process, resignation, or an election producing a different governing arrangement. Given the combination of incumbency strength and meaningful instability risk, I put the chance modestly above even but not high.",0.21159999999999995,ok,,1,"{""premortem"": ""/Users/kenneth.cao/Desktop/Stat 390/AutoResearch_Prediction_Optimization/outputs/raw/validation/premortem_one_shot/31118/premortem.json""}","{""premortem"": {""initial_probability"": 0.58, ""ways_forecast_could_be_wrong"": [""Netanyahu could lose office due to a coalition collapse, no-confidence vote, resignation, or internal Likud replacement before the end of 2025."", ""A major security, legal, or political crisis could force an early election or a governing realignment that excludes Netanyahu."", ""The question is literal about remaining Prime Minister throughout all of 2025; even a brief interruption in office at any point during the year would make the resolution NO."", ""Conversely, he could survive politically despite weak polling because Israel's fragmented party system often allows incumbents to persist through instability.""], ""final_probability"": 0.54, ""reasoning"": ""As of February 1, 2025, Netanyahu is still a strong incumbent with substantial advantages: he leads the governing coalition, has survived repeated political crises, and Israel's parliamentary system often makes replacement difficult without a clear alternative majority. That said, the resolution criterion is strict: he must remain Prime Minister continuously through December 31, 2025. The main risks are coalition fracture, a successful no-confidence process, resignation, or an election producing a different governing arrangement. Given the combination of incumbency strength and meaningful instability risk, I put the chance modestly above even but not high.""}}"
dev,baseline_one_shot,22526,"Will Mike Johnson be Speaker of the House on May 20, 2024?","April 24, 2024",Yes,1,0.72,"As of Apr. 24, 2024, Mike Johnson was the sitting Speaker and had just survived a motion to vacate, so he was still in place. The main risk was continued intra-party conflict or another removal vote, but Republicans had a narrow House majority and no obvious consensus alternative. With only about four weeks until May 20, the base case is that he remains Speaker on that date, though the position is somewhat fragile.",0.07840000000000001,ok,,1,"{""forecast"": ""/Users/kenneth.cao/Desktop/Stat 390/AutoResearch_Prediction_Optimization/outputs/raw/dev/baseline_one_shot/22526/forecast.json""}","{""forecast"": {""probability"": 0.72, ""reasoning"": ""As of Apr. 24, 2024, Mike Johnson was the sitting Speaker and had just survived a motion to vacate, so he was still in place. The main risk was continued intra-party conflict or another removal vote, but Republicans had a narrow House majority and no obvious consensus alternative. With only about four weeks until May 20, the base case is that he remains Speaker on that date, though the position is somewhat fragile.""}}"
dev,baseline_one_shot,31298,"Will there be at least 1,000 deaths due to direct conflict between Israel and Iran in 2025?","February 01, 2025",Yes,1,0.08,"As of Feb. 1, 2025, direct Israel-Iran conflict had already escalated but had not produced anything close to mass-casualty interstate warfare. Hitting 1,000 deaths would require a sustained, highly destructive exchange or a major regional war, which is possible but still unlikely given strong incentives on both sides to avoid full-scale direct conflict and the absence of prior casualty levels suggesting this threshold is near-term. The main risk is rapid escalation from strikes on military or infrastructure targets, but the base rate remains low.",0.8464,ok,,1,"{""forecast"": ""/Users/kenneth.cao/Desktop/Stat 390/AutoResearch_Prediction_Optimization/outputs/raw/dev/baseline_one_shot/31298/forecast.json""}","{""forecast"": {""probability"": 0.08, ""reasoning"": ""As of Feb. 1, 2025, direct Israel-Iran conflict had already escalated but had not produced anything close to mass-casualty interstate warfare. Hitting 1,000 deaths would require a sustained, highly destructive exchange or a major regional war, which is possible but still unlikely given strong incentives on both sides to avoid full-scale direct conflict and the absence of prior casualty levels suggesting this threshold is near-term. The main risk is rapid escalation from strikes on military or infrastructure targets, but the base rate remains low.""}}"
validation,baseline_one_shot,41361,"In February 2026, will the weekly amount of finished motor gasoline supplied in the U.S. be highest in the final week of the month?","January 31, 2026",No,0,0.34,"The question asks whether the highest weekly U.S. finished motor gasoline supplied in February 2026 occurs in the final week of the month. Gasoline supply is seasonal and can fluctuate week to week due to weather, driving patterns, and refinery operations, but there is no strong reason to expect the last February week to be the peak specifically. With only four weekly observations in February, the final week has a meaningful chance to be highest, but not a majority chance. I’d put it below 50% because the peak could easily occur earlier in the month.",0.11560000000000002,ok,,1,"{""forecast"": ""/Users/kenneth.cao/Desktop/Stat 390/AutoResearch_Prediction_Optimization/outputs/raw/validation/baseline_one_shot/41361/forecast.json""}","{""forecast"": {""probability"": 0.34, ""reasoning"": ""The question asks whether the highest weekly U.S. finished motor gasoline supplied in February 2026 occurs in the final week of the month. Gasoline supply is seasonal and can fluctuate week to week due to weather, driving patterns, and refinery operations, but there is no strong reason to expect the last February week to be the peak specifically. With only four weekly observations in February, the final week has a meaningful chance to be highest, but not a majority chance. I’d put it below 50% because the peak could easily occur earlier in the month.""}}"
dev,premortem_one_shot,20754,Will the WHO declare a global health emergency (PHEIC) in 2024?,"January 21, 2024",Yes,1,0.24,"As of January 21, 2024, the WHO had active experience with PHEIC declarations and the threshold is not extremely high, but a declaration still requires a significant international public health threat and formal committee process. Over a one-year horizon, there is a meaningful chance of at least one qualifying event, but not a majority chance. Because the question is literal and only asks whether WHO declares a PHEIC at any point in 2024, the main drivers are the possibility of an unexpected outbreak and the fact that WHO can declare for multiple kinds of emergencies. Still, absent knowledge of a specific looming event on the forecast date, I would put the chance somewhat below one-third.",0.5776,ok,,1,"{""premortem"": ""/Users/kenneth.cao/Desktop/Stat 390/AutoResearch_Prediction_Optimization/outputs/raw/dev/premortem_one_shot/20754/premortem.json""}","{""premortem"": {""initial_probability"": 0.28, ""ways_forecast_could_be_wrong"": [""WHO may declare a PHEIC for an outbreak or event that is not yet widely anticipated as of January 21, 2024, such as a new infectious disease surge, a resurgence of an existing pathogen, or a non-infectious international health threat."", ""The question is literal about whether WHO declares a global health emergency/PHEIC at any point in 2024; even if no major new pandemic emerges, WHO could still declare one for a narrower event, making the true probability higher than a simple 'new pandemic' intuition suggests."", ""Conversely, WHO may face major outbreaks in 2024 but choose not to declare a PHEIC because of political, procedural, or evidentiary caution, making the probability lower than expected."", ""There could be ambiguity in what counts as 'declare' versus renew, extend, or modify an existing PHEIC; if the resolution rules treat only a new declaration as YES, some seemingly relevant WHO actions would not count.""], ""final_probability"": 0.24, ""reasoning"": ""As of January 21, 2024, the WHO had active experience with PHEIC declarations and the threshold is not extremely high, but a declaration still requires a significant international public health threat and formal committee process. Over a one-year horizon, there is a meaningful chance of at least one qualifying event, but not a majority chance. Because the question is literal and only asks whether WHO declares a PHEIC at any point in 2024, the main drivers are the possibility of an unexpected outbreak and the fact that WHO can declare for multiple kinds of emergencies. Still, absent knowledge of a specific looming event on the forecast date, I would put the chance somewhat below one-third.""}}"
dev,premortem_one_shot,40191,Will the Democratic party win the Virginia gubernatorial election of 2025?,"October 06, 2025",Yes,1,0.69,"As of the forecast date, Virginia is generally a favorable state for Democrats in statewide elections, and gubernatorial races there often reflect the national mood but still tend to lean Democratic in recent cycles. However, off-year elections can be volatile, and Virginia has shown competitiveness at the statewide level. Because the question resolves based on who wins the 2025 Virginia gubernatorial election, the key uncertainty is whether Democrats can maintain turnout and avoid a late swing. That makes a Democratic win more likely than not, but not overwhelmingly so.",0.09610000000000003,ok,,1,"{""premortem"": ""/Users/kenneth.cao/Desktop/Stat 390/AutoResearch_Prediction_Optimization/outputs/raw/dev/premortem_one_shot/40191/premortem.json""}","{""premortem"": {""initial_probability"": 0.72, ""ways_forecast_could_be_wrong"": [""Republicans could outperform expectations in a state that has recently been competitive in off-year elections, especially if turnout among Democratic-leaning voters is weak."", ""A late-breaking scandal, debate performance, or macro-political shift could move enough undecided voters to flip the race."", ""Polling could be systematically biased or sparse, making the apparent Democratic lead overstated."", ""The Democratic nominee could underperform due to candidate-specific weaknesses, while the Republican nominee consolidates anti-incumbent or anti-Biden sentiment."", ""Third-party or independent candidates could siphon enough votes to change the outcome in a close race.""], ""final_probability"": 0.69, ""reasoning"": ""As of the forecast date, Virginia is generally a favorable state for Democrats in statewide elections, and gubernatorial races there often reflect the national mood but still tend to lean Democratic in recent cycles. However, off-year elections can be volatile, and Virginia has shown competitiveness at the statewide level. Because the question resolves based on who wins the 2025 Virginia gubernatorial election, the key uncertainty is whether Democrats can maintain turnout and avoid a late swing. That makes a Democratic win more likely than not, but not overwhelmingly so.""}}"
validation,baseline_one_shot,40186,Will the EU have an average annual inflation rate of at least 2.5% for any month before December 2025?,"October 06, 2025",Yes,1,0.78,"The question appears to ask whether, by the time the forecast resolves, there will be at least one month before December 2025 for which the EU’s average annual inflation rate is 2.5% or higher. As of early October 2025, euro-area/EU inflation had been hovering near the ECB’s 2% target and was not far below 2.5% in some recent readings, with inflation still subject to energy/base effects and monthly volatility. Over the remaining months of October and November, it is fairly plausible that at least one official monthly annual inflation reading will print at or above 2.5%, though not certain because disinflationary trends could keep it below that threshold.",0.04839999999999999,ok,,1,"{""forecast"": ""/Users/kenneth.cao/Desktop/Stat 390/AutoResearch_Prediction_Optimization/outputs/raw/validation/baseline_one_shot/40186/forecast.json""}","{""forecast"": {""probability"": 0.78, ""reasoning"": ""The question appears to ask whether, by the time the forecast resolves, there will be at least one month before December 2025 for which the EU’s average annual inflation rate is 2.5% or higher. As of early October 2025, euro-area/EU inflation had been hovering near the ECB’s 2% target and was not far below 2.5% in some recent readings, with inflation still subject to energy/base effects and monthly volatility. Over the remaining months of October and November, it is fairly plausible that at least one official monthly annual inflation reading will print at or above 2.5%, though not certain because disinflationary trends could keep it below that threshold.""}}"
validation,premortem_one_shot,31252,Will US federal interest rates at the end of 2025 be lower than at the end of 2024?,"February 01, 2025",Yes,1,0.68,"As of February 1, 2025, the most likely path is that the Fed will have room to cut rates further during 2025 if inflation continues to cool and growth normalizes. By end-2024, policy rates were already above neutral but had begun easing from peak levels, making additional reductions plausible over the course of 2025. However, the Fed could stop short if inflation proves sticky or if the economy remains resilient, so the probability is meaningfully below certainty. I therefore start with a moderately high initial estimate and trim it slightly to reflect uncertainty about the pace and endpoint of cuts.",0.10239999999999996,ok,,1,"{""premortem"": ""/Users/kenneth.cao/Desktop/Stat 390/AutoResearch_Prediction_Optimization/outputs/raw/validation/premortem_one_shot/31252/premortem.json""}","{""premortem"": {""initial_probability"": 0.72, ""ways_forecast_could_be_wrong"": [""The Fed may pause cuts if inflation re-accelerates or labor markets remain strong, leaving the policy rate unchanged by end-2025."", ""A late-2025 economic slowdown could prompt cuts, but if the end-2024 rate is already near the lower bound of the Fed's target range, the comparison may be less straightforward than expected."", ""The question may be resolved using a specific federal funds target range or effective rate convention; ambiguity in the exact benchmark could change the outcome."", ""Policy could move lower during 2025 and then be partially reversed before year-end, resulting in no net decrease versus end-2024."", ""Unexpected shocks such as fiscal changes, tariffs, energy spikes, or financial instability could push the Fed to keep rates higher for longer.""], ""final_probability"": 0.68, ""reasoning"": ""As of February 1, 2025, the most likely path is that the Fed will have room to cut rates further during 2025 if inflation continues to cool and growth normalizes. By end-2024, policy rates were already above neutral but had begun easing from peak levels, making additional reductions plausible over the course of 2025. However, the Fed could stop short if inflation proves sticky or if the economy remains resilient, so the probability is meaningfully below certainty. I therefore start with a moderately high initial estimate and trim it slightly to reflect uncertainty about the pace and endpoint of cuts.""}}"
validation,premortem_one_shot,34454,"Will OpenAI publicly release the full o3 model before March 28, 2025?","February 08, 2025",No,0,0.24,"As of February 8, 2025, there is meaningful but uncertain chance that OpenAI could publicly release o3 before March 28, 2025. The main reasons to assign a moderate probability are that OpenAI has strong incentives to ship frontier models quickly and may already have o3 in advanced testing. However, the deadline is relatively short, and 'full o3 model' suggests a substantive public release rather than a teaser, preview, or limited demo. Frontier model launches often face safety, reliability, and productization delays, which makes a near-term public release less likely than not. I therefore start at 0.28 and adjust down to 0.24 to reflect the risk that the model is not yet ready for a literal public release by the cutoff.",0.0576,ok,,1,"{""premortem"": ""/Users/kenneth.cao/Desktop/Stat 390/AutoResearch_Prediction_Optimization/outputs/raw/validation/premortem_one_shot/34454/premortem.json""}","{""premortem"": {""initial_probability"": 0.28, ""ways_forecast_could_be_wrong"": [""OpenAI may publicly release o3 very soon after the forecast date, especially if the model is already near launch and the company chooses a surprise announcement before March 28, 2025."", ""The question may resolve YES if OpenAI makes the full o3 model publicly available in any form that counts as a public release, even if access is limited, staged, or initially only via API rather than a consumer product."", ""I may be underestimating OpenAI's willingness to accelerate release timing for competitive or strategic reasons, especially if o3 is already internally ready and safety review does not delay it."", ""The resolution criteria may interpret 'full o3 model' more broadly than I expect, making a partial but public availability count as YES."", ""Conversely, if OpenAI delays for safety, branding, or product sequencing reasons, the release could slip past the deadline despite strong anticipation.""], ""final_probability"": 0.24, ""reasoning"": ""As of February 8, 2025, there is meaningful but uncertain chance that OpenAI could publicly release o3 before March 28, 2025. The main reasons to assign a moderate probability are that OpenAI has strong incentives to ship frontier models quickly and may already have o3 in advanced testing. However, the deadline is relatively short, and 'full o3 model' suggests a substantive public release rather than a teaser, preview, or limited demo. Frontier model launches often face safety, reliability, and productization delays, which makes a near-term public release less likely than not. I therefore start at 0.28 and adjust down to 0.24 to reflect the risk that the model is not yet ready for a literal public release by the cutoff.""}}"
dev,baseline_one_shot,31303,Will inflation-adjusted gas prices rise in the US in 2025?,"February 01, 2025",No,0,0.42,"Literal read: this resolves YES if US gas prices, adjusted for inflation, are higher at the relevant 2025 comparison point than at the baseline implied by the question. Gasoline prices are volatile and often move with crude oil, refining margins, and seasonal demand; in real terms they can easily rise in a given year, but there is no strong structural reason to expect a sustained increase in 2025. With inflation still positive, nominal prices would need to rise enough to outpace it. I’d put this slightly below even odds.",0.17639999999999997,ok,,1,"{""forecast"": ""/Users/kenneth.cao/Desktop/Stat 390/AutoResearch_Prediction_Optimization/outputs/raw/dev/baseline_one_shot/31303/forecast.json""}","{""forecast"": {""probability"": 0.42, ""reasoning"": ""Literal read: this resolves YES if US gas prices, adjusted for inflation, are higher at the relevant 2025 comparison point than at the baseline implied by the question. Gasoline prices are volatile and often move with crude oil, refining margins, and seasonal demand; in real terms they can easily rise in a given year, but there is no strong structural reason to expect a sustained increase in 2025. With inflation still positive, nominal prices would need to rise enough to outpace it. I’d put this slightly below even odds.""}}"
dev,baseline_one_shot,31348,Will the US government release additional Epstein documents in 2025?,"February 01, 2025",Yes,1,0.72,"High likelihood. By Feb 1, 2025 there was already strong public and political pressure for more Epstein-related disclosures, and multiple US agencies/courts had ongoing records that could still be released during 2025 through FOIA, court unsealing, congressional action, or DOJ/FBI document production. The question is broad and literal: any additional Epstein documents released by the US government in 2025 would satisfy it. While some material may remain sealed or heavily redacted, the chance of at least one further release during the year looks substantial.",0.07840000000000001,ok,,1,"{""forecast"": ""/Users/kenneth.cao/Desktop/Stat 390/AutoResearch_Prediction_Optimization/outputs/raw/dev/baseline_one_shot/31348/forecast.json""}","{""forecast"": {""probability"": 0.72, ""reasoning"": ""High likelihood. By Feb 1, 2025 there was already strong public and political pressure for more Epstein-related disclosures, and multiple US agencies/courts had ongoing records that could still be released during 2025 through FOIA, court unsealing, congressional action, or DOJ/FBI document production. The question is broad and literal: any additional Epstein documents released by the US government in 2025 would satisfy it. While some material may remain sealed or heavily redacted, the chance of at least one further release during the year looks substantial.""}}"
validation,premortem_one_shot,20747,Will Bitcoin go up over 2024?,"January 21, 2024",Yes,1,0.58,"As of January 21, 2024, Bitcoin had strong bullish catalysts: the recent approval of spot Bitcoin ETFs in the US, anticipation of institutional inflows, and the upcoming 2024 halving. Those factors make a year-over-year increase plausible. However, Bitcoin is highly volatile and can easily end a calendar year below its starting level even after large interim gains. Because the question is about a literal year-end comparison over 2024, not whether Bitcoin reaches a high intrayear peak, I assign a moderate-to-high but not overwhelming probability of YES.",0.17640000000000003,ok,,1,"{""premortem"": ""/Users/kenneth.cao/Desktop/Stat 390/AutoResearch_Prediction_Optimization/outputs/raw/validation/premortem_one_shot/20747/premortem.json""}","{""premortem"": {""initial_probability"": 0.62, ""ways_forecast_could_be_wrong"": [""The resolution criterion may be based on a specific Bitcoin price source or exact comparison point at year-end 2024, and small differences in the chosen reference could flip the outcome."", ""Bitcoin could experience a major drawdown in 2024 despite positive long-run fundamentals, especially if macro conditions tighten, risk assets sell off, or a crypto-specific shock occurs."", ""A strong rally could happen early in 2024 but be reversed by December 31, 2024, causing the question to resolve NO even if Bitcoin was meaningfully higher at times during the year."", ""Regulatory or exchange-related events could depress Bitcoin sharply enough to offset any gains from ETF-driven demand or the halving narrative."", ""The question may be interpreted literally as whether Bitcoin is higher at the deadline than at the start of 2024, and if the starting reference is not the Jan 1 close but another benchmark, the answer could differ.""], ""final_probability"": 0.58, ""reasoning"": ""As of January 21, 2024, Bitcoin had strong bullish catalysts: the recent approval of spot Bitcoin ETFs in the US, anticipation of institutional inflows, and the upcoming 2024 halving. Those factors make a year-over-year increase plausible. However, Bitcoin is highly volatile and can easily end a calendar year below its starting level even after large interim gains. Because the question is about a literal year-end comparison over 2024, not whether Bitcoin reaches a high intrayear peak, I assign a moderate-to-high but not overwhelming probability of YES.""}}"
validation,baseline_one_shot,22308,"Will Israel and Hamas reach a ceasefire deal before May 16, 2024?","April 20, 2024",No,0,0.42,"As of Apr. 20, 2024, ceasefire talks were active and there was real pressure for a deal, but major gaps remained over hostage releases, Israeli withdrawal, and Hamas demands. The deadline is only about 3.5 weeks away, which is enough time for an agreement but still short given repeated prior failures and the likelihood of last-minute bargaining. A deal before May 16 is plausible but far from assured.",0.17639999999999997,ok,,1,"{""forecast"": ""/Users/kenneth.cao/Desktop/Stat 390/AutoResearch_Prediction_Optimization/outputs/raw/validation/baseline_one_shot/22308/forecast.json""}","{""forecast"": {""probability"": 0.42, ""reasoning"": ""As of Apr. 20, 2024, ceasefire talks were active and there was real pressure for a deal, but major gaps remained over hostage releases, Israeli withdrawal, and Hamas demands. The deadline is only about 3.5 weeks away, which is enough time for an agreement but still short given repeated prior failures and the likelihood of last-minute bargaining. A deal before May 16 is plausible but far from assured.""}}"
dev,premortem_one_shot,20781,Will X declare bankruptcy in 2024?,"January 21, 2024",No,0,0.06,"As of January 21, 2024, X (formerly Twitter) was widely viewed as financially stressed, but a 2024 bankruptcy declaration still seemed unlikely because the company was privately controlled and could potentially be supported by its owner. The literal resolution requires an actual bankruptcy declaration/filed proceeding in 2024, not just distress, layoffs, or restructuring. Given the available information at the time, the base rate for a large private platform with a wealthy backer filing bankruptcy within one year was low, though not negligible due to debt and business-model uncertainty. I therefore start at 0.08 and adjust down slightly because support from the owner made a formal bankruptcy less likely than general distress might suggest.",0.0036,ok,,1,"{""premortem"": ""/Users/kenneth.cao/Desktop/Stat 390/AutoResearch_Prediction_Optimization/outputs/raw/dev/premortem_one_shot/20781/premortem.json""}","{""premortem"": {""initial_probability"": 0.08, ""ways_forecast_could_be_wrong"": [""X could face a severe liquidity crisis or advertiser exodus that forces a formal bankruptcy filing within 2024, despite its owner’s resources and willingness to support it."", ""The resolution may count a legal bankruptcy event by X or a closely related operating entity, even if the public-facing company continues under a different structure."", ""A major debt maturity, lawsuit, or regulatory shock could trigger a restructuring that is formally treated as bankruptcy under the tournament’s literal criteria."", ""I may be underestimating the chance that the owner chooses not to keep funding losses and instead uses bankruptcy as a strategic reset.""], ""final_probability"": 0.06, ""reasoning"": ""As of January 21, 2024, X (formerly Twitter) was widely viewed as financially stressed, but a 2024 bankruptcy declaration still seemed unlikely because the company was privately controlled and could potentially be supported by its owner. The literal resolution requires an actual bankruptcy declaration/filed proceeding in 2024, not just distress, layoffs, or restructuring. Given the available information at the time, the base rate for a large private platform with a wealthy backer filing bankruptcy within one year was low, though not negligible due to debt and business-model uncertainty. I therefore start at 0.08 and adjust down slightly because support from the owner made a formal bankruptcy less likely than general distress might suggest.""}}"
dev,premortem_one_shot,31130,Will major components of the Affordable Care Act be repealed or curtailed before 2026?,"February 01, 2025",No,0,0.22,"As of February 1, 2025, a full repeal of the ACA looked very unlikely because it would require unified political control and overcoming Senate constraints, plus the law had already survived repeated repeal efforts. However, there was still meaningful risk from the courts and from narrower legislative or administrative changes that could curtail major components before 2026. Because the question is literal and deadline-bound, I weight the chance of a qualifying repeal/curtailment event as modest but nontrivial, with court-driven narrowing being the main pathway to YES.",0.0484,ok,,1,"{""premortem"": ""/Users/kenneth.cao/Desktop/Stat 390/AutoResearch_Prediction_Optimization/outputs/raw/dev/premortem_one_shot/31130/premortem.json""}","{""premortem"": {""initial_probability"": 0.28, ""ways_forecast_could_be_wrong"": [""The question may resolve YES only if there is a clear legal or legislative change that counts as repealing or materially curtailing major ACA components before 2026; I may be overestimating the chance of such a change given divided government and legal constraints."", ""A Supreme Court or lower-court decision could invalidate or sharply limit a major ACA provision (for example, subsidies, Medicaid expansion-related rules, or coverage mandates) before the deadline, which would count as curtailment even without congressional repeal."", ""Congress and the president could enact a targeted rollback or budgetary change that meaningfully reduces ACA scope, even if a full repeal is politically unlikely."", ""Conversely, the resolution may require a concrete enacted change rather than rhetoric, litigation, or proposed bills; if so, the probability of YES is lower than it appears."", ""The phrase 'major components' is ambiguous; if the tournament rules interpret it narrowly, only a few specific provisions would qualify, reducing the chance of YES.""], ""final_probability"": 0.22, ""reasoning"": ""As of February 1, 2025, a full repeal of the ACA looked very unlikely because it would require unified political control and overcoming Senate constraints, plus the law had already survived repeated repeal efforts. However, there was still meaningful risk from the courts and from narrower legislative or administrative changes that could curtail major components before 2026. Because the question is literal and deadline-bound, I weight the chance of a qualifying repeal/curtailment event as modest but nontrivial, with court-driven narrowing being the main pathway to YES.""}}"
dev,baseline_one_shot,31326,"Will OpenAI top the Chatbot Arena Leaderboard on December 31, 2025?","February 01, 2025",No,0,0.42,"OpenAI is a leading contender to be #1 on Chatbot Arena by year-end 2025, given its strong model development pace, resources, and historical performance. However, the outcome is uncertain because the leaderboard can shift with new releases from competitors (e.g., Anthropic, Google, xAI, Meta, and others), and the exact resolution depends on the specific leaderboard snapshot on Dec. 31, 2025. A moderate probability reflects OpenAI’s advantage but also the high volatility of frontier model rankings.",0.17639999999999997,ok,,1,"{""forecast"": ""/Users/kenneth.cao/Desktop/Stat 390/AutoResearch_Prediction_Optimization/outputs/raw/dev/baseline_one_shot/31326/forecast.json""}","{""forecast"": {""probability"": 0.42, ""reasoning"": ""OpenAI is a leading contender to be #1 on Chatbot Arena by year-end 2025, given its strong model development pace, resources, and historical performance. However, the outcome is uncertain because the leaderboard can shift with new releases from competitors (e.g., Anthropic, Google, xAI, Meta, and others), and the exact resolution depends on the specific leaderboard snapshot on Dec. 31, 2025. A moderate probability reflects OpenAI’s advantage but also the high volatility of frontier model rankings.""}}"
dev,premortem_one_shot,22526,"Will Mike Johnson be Speaker of the House on May 20, 2024?","April 24, 2024",Yes,1,0.68,"As of April 24, 2024, Mike Johnson is the sitting Speaker and there is no clear immediate replacement. However, the position is politically fragile because a small number of defections could trigger a motion to vacate or force a leadership change. The deadline is only about four weeks away, which is short, so the probability remains fairly high but not overwhelming. I reduce slightly from the initial estimate to reflect the real risk of intra-party instability and the possibility that the speakership could change quickly.",0.10239999999999996,ok,,1,"{""premortem"": ""/Users/kenneth.cao/Desktop/Stat 390/AutoResearch_Prediction_Optimization/outputs/raw/dev/premortem_one_shot/22526/premortem.json""}","{""premortem"": {""initial_probability"": 0.72, ""ways_forecast_could_be_wrong"": [""Johnson could lose the speakership before May 20 due to a successful motion to vacate, resignation, or removal, especially if intra-party conflict intensifies."", ""He could remain Speaker in practice but the question could resolve NO if the House is in a prolonged vacancy or if another person is elected Speaker by May 20."", ""Unexpected political bargaining could produce a replacement Speaker or an acting arrangement that ends Johnson's tenure before the deadline."", ""The forecast could be wrong if the resolution criterion requires formal election/recognition as Speaker on May 20 and Johnson is temporarily absent or the House is adjourned in a way that affects interpretation.""], ""final_probability"": 0.68, ""reasoning"": ""As of April 24, 2024, Mike Johnson is the sitting Speaker and there is no clear immediate replacement. However, the position is politically fragile because a small number of defections could trigger a motion to vacate or force a leadership change. The deadline is only about four weeks away, which is short, so the probability remains fairly high but not overwhelming. I reduce slightly from the initial estimate to reflect the real risk of intra-party instability and the possibility that the speakership could change quickly.""}}"
validation,premortem_one_shot,41361,"In February 2026, will the weekly amount of finished motor gasoline supplied in the U.S. be highest in the final week of the month?","January 31, 2026",No,0,0.38,"I start near a coin flip but slightly below because there is no strong structural reason the last week of February should be the single highest week of the month. U.S. finished motor gasoline supplied is seasonal and noisy, and while late-February can be elevated relative to winter lows, the maximum within a four- or five-week month can just as plausibly occur earlier due to weather, refinery disruptions, or reporting noise. Since the resolution is literal and only asks whether the final week is the highest in February 2026, I assign a modestly below-even chance.",0.1444,ok,,1,"{""premortem"": ""/Users/kenneth.cao/Desktop/Stat 390/AutoResearch_Prediction_Optimization/outputs/raw/validation/premortem_one_shot/41361/premortem.json""}","{""premortem"": {""initial_probability"": 0.42, ""ways_forecast_could_be_wrong"": [""The final week of February often has higher gasoline demand because of seasonal travel patterns, but it is not reliably the peak week every year."", ""Weekly EIA gasoline supplied figures are noisy and can be affected by refinery outages, weather, imports/exports, and inventory changes, so another week could easily exceed the last week."", ""The question is about the highest weekly amount within February 2026 only; if the month has a mid-month spike or a rebound after a holiday/weather event, the final week may not be the maximum."", ""The weekly reporting period boundaries may matter: if the last February week includes only part of the month or is affected by calendar alignment, it could suppress the measured value relative to earlier weeks."", ""Unexpected macro or weather shocks in late February could reduce driving or refinery runs, making the final week lower than earlier weeks.""], ""final_probability"": 0.38, ""reasoning"": ""I start near a coin flip but slightly below because there is no strong structural reason the last week of February should be the single highest week of the month. U.S. finished motor gasoline supplied is seasonal and noisy, and while late-February can be elevated relative to winter lows, the maximum within a four- or five-week month can just as plausibly occur earlier due to weather, refinery disruptions, or reporting noise. Since the resolution is literal and only asks whether the final week is the highest in February 2026, I assign a modestly below-even chance.""}}"
validation,premortem_one_shot,31324,Will mifepristone become significantly restricted or illegal to prescribe for abortions across the US before 2026?,"February 01, 2025",No,0,0.22,"As of Feb. 1, 2025, the main pathways to a nationwide restriction are federal court action, FDA administrative action, or congressional action. Congressional action is unlikely in the available time. FDA action to sharply restrict mifepristone is possible but would be politically and legally contentious and not the most likely near-term outcome. The biggest risk is a Supreme Court or lower-court ruling that materially limits access nationwide, but based on the state of litigation and the fact that prior challenges had not produced a nationwide ban, I think the modal outcome by the end of 2025 is continued legal availability with some state-level restrictions rather than a nationwide significant restriction or illegality. Because the resolution criterion is literal and requires a nationwide effect before 2026, I assign a somewhat below-even probability.",0.0484,ok,,1,"{""premortem"": ""/Users/kenneth.cao/Desktop/Stat 390/AutoResearch_Prediction_Optimization/outputs/raw/validation/premortem_one_shot/31324/premortem.json""}","{""premortem"": {""initial_probability"": 0.28, ""ways_forecast_could_be_wrong"": [""A federal court or the Supreme Court could uphold a nationwide restriction, but implementation might be delayed or narrowed enough that it is not clearly 'significantly restricted' by the deadline."", ""The FDA could change the drug label or REMS in a way that materially limits prescribing, but not enough to count as illegal or significantly restricted across the US under a literal reading."", ""Congress or a future administration could act quickly, but political and procedural barriers make a nationwide statutory change unlikely before 2026."", ""State-level bans or restrictions could expand further, but the question asks across the US, so localized restrictions would not resolve YES."", ""Litigation could produce a temporary injunction or fragmented rulings that create uncertainty without a clear nationwide prohibition or major restriction by the deadline.""], ""final_probability"": 0.22, ""reasoning"": ""As of Feb. 1, 2025, the main pathways to a nationwide restriction are federal court action, FDA administrative action, or congressional action. Congressional action is unlikely in the available time. FDA action to sharply restrict mifepristone is possible but would be politically and legally contentious and not the most likely near-term outcome. The biggest risk is a Supreme Court or lower-court ruling that materially limits access nationwide, but based on the state of litigation and the fact that prior challenges had not produced a nationwide ban, I think the modal outcome by the end of 2025 is continued legal availability with some state-level restrictions rather than a nationwide significant restriction or illegality. Because the resolution criterion is literal and requires a nationwide effect before 2026, I assign a somewhat below-even probability.""}}"
dev,baseline_one_shot,31098,"Will Donald Trump have a positive net favorability rate on December 20, 2025, according to 538?","February 01, 2025",No,0,0.28,"This resolves YES only if 538’s net favorability for Trump is above 0 on Dec. 20, 2025. As of early 2025, Trump’s favorability is typically underwater, and 538-style averages tend to move slowly. He could benefit from incumbency and partisan polarization, but a positive net rating would require a notable shift among independents and some Democrats. That seems possible but still more likely than not to remain negative by the deadline.",0.07840000000000001,ok,,1,"{""forecast"": ""/Users/kenneth.cao/Desktop/Stat 390/AutoResearch_Prediction_Optimization/outputs/raw/dev/baseline_one_shot/31098/forecast.json""}","{""forecast"": {""probability"": 0.28, ""reasoning"": ""This resolves YES only if 538’s net favorability for Trump is above 0 on Dec. 20, 2025. As of early 2025, Trump’s favorability is typically underwater, and 538-style averages tend to move slowly. He could benefit from incumbency and partisan polarization, but a positive net rating would require a notable shift among independents and some Democrats. That seems possible but still more likely than not to remain negative by the deadline.""}}"
validation,baseline_one_shot,40181,Will Russia’s annual GDP growth rate exceed 1.5% in Q3 2025?,"October 08, 2025",No,0,0.28,"The question is about Russia’s annual GDP growth rate in Q3 2025 exceeding 1.5%, likely measured year-over-year. By Oct. 8, 2025, Q3 data would not yet be fully released, so the forecast should rely on trend and base effects. Russia’s economy had been slowing from wartime stimulus and high rates, with growth in 2025 expected to moderate versus 2024. Q3 could still benefit from defense spending and weak 2024 comparison, but getting above 1.5% year-over-year looks somewhat unlikely rather than likely.",0.07840000000000001,ok,,1,"{""forecast"": ""/Users/kenneth.cao/Desktop/Stat 390/AutoResearch_Prediction_Optimization/outputs/raw/validation/baseline_one_shot/40181/forecast.json""}","{""forecast"": {""probability"": 0.28, ""reasoning"": ""The question is about Russia’s annual GDP growth rate in Q3 2025 exceeding 1.5%, likely measured year-over-year. By Oct. 8, 2025, Q3 data would not yet be fully released, so the forecast should rely on trend and base effects. Russia’s economy had been slowing from wartime stimulus and high rates, with growth in 2025 expected to moderate versus 2024. Q3 could still benefit from defense spending and weak 2024 comparison, but getting above 1.5% year-over-year looks somewhat unlikely rather than likely.""}}"
validation,baseline_one_shot,22726,"On May 18th, will Kyle, Texas set the world record for largest gathering of individuals with the same first name?","May 03, 2024",No,0,0.08,"This requires Kyle, Texas to host a record-setting gathering of people sharing the first name Kyle by May 18. While the city’s name creates a natural promotional hook, setting a world record for largest same-first-name gathering is a niche, logistically difficult event that would need substantial coordination, verification, and turnout. As of the forecast date, there is no strong evidence this is already organized at a scale likely to beat the existing record, so the chance looks low.",0.0064,ok,,1,"{""forecast"": ""/Users/kenneth.cao/Desktop/Stat 390/AutoResearch_Prediction_Optimization/outputs/raw/validation/baseline_one_shot/22726/forecast.json""}","{""forecast"": {""probability"": 0.08, ""reasoning"": ""This requires Kyle, Texas to host a record-setting gathering of people sharing the first name Kyle by May 18. While the city’s name creates a natural promotional hook, setting a world record for largest same-first-name gathering is a niche, logistically difficult event that would need substantial coordination, verification, and turnout. As of the forecast date, there is no strong evidence this is already organized at a scale likely to beat the existing record, so the chance looks low.""}}"
validation,baseline_one_shot,40215,Will the upper bound of the federal funds rate be 4.00% or lower at the October 2025 FOMC meeting?,"October 06, 2025",Yes,1,0.86,"As of the forecast date (Oct. 6, 2025), the Fed had already cut rates in 2025 and the upper bound was at or below 4.25% going into the October FOMC. For this question to resolve YES, the October 2025 meeting would need to set the upper bound at 4.00% or lower. Given the prevailing easing cycle, softening inflation/labor data, and market expectations for another cut around that meeting, a 25 bp reduction to 4.00% is more likely than not. The main risk is a pause if data re-accelerate, but that seems less likely than a further cut.",0.019600000000000003,ok,,1,"{""forecast"": ""/Users/kenneth.cao/Desktop/Stat 390/AutoResearch_Prediction_Optimization/outputs/raw/validation/baseline_one_shot/40215/forecast.json""}","{""forecast"": {""probability"": 0.86, ""reasoning"": ""As of the forecast date (Oct. 6, 2025), the Fed had already cut rates in 2025 and the upper bound was at or below 4.25% going into the October FOMC. For this question to resolve YES, the October 2025 meeting would need to set the upper bound at 4.00% or lower. Given the prevailing easing cycle, softening inflation/labor data, and market expectations for another cut around that meeting, a 25 bp reduction to 4.00% is more likely than not. The main risk is a pause if data re-accelerate, but that seems less likely than a further cut.""}}"
dev,premortem_one_shot,40201,Will Philadelphia Union win the 2025 MLS championship for US soccer?,"October 11, 2025",No,0,0.09,"As of October 11, 2025, Philadelphia Union would need to win the 2025 MLS Cup, which is a difficult single-elimination title with many contenders. Even strong MLS teams typically have modest championship probabilities because the postseason is short and noisy. Philadelphia may be a plausible playoff team, but not an overwhelming favorite relative to the field. A low single-digit to high single-digit probability is appropriate; I start at 0.08 and adjust slightly upward to 0.09 to reflect the possibility that they are a legitimate contender rather than a long shot.",0.0081,ok,,1,"{""premortem"": ""/Users/kenneth.cao/Desktop/Stat 390/AutoResearch_Prediction_Optimization/outputs/raw/dev/premortem_one_shot/40201/premortem.json""}","{""premortem"": {""initial_probability"": 0.08, ""ways_forecast_could_be_wrong"": [""Philadelphia Union could be stronger than their regular-season profile suggests and peak in the playoffs, where MLS Cup is decided by a short knockout run rather than season-long dominance."", ""Injuries, suspensions, or late-season roster moves could materially change Philadelphia's title odds after the forecast date."", ""The playoff bracket can be favorable or unfavorable in ways that are hard to predict on October 11, especially if higher-seeded contenders are upset early."", ""MLS Cup outcomes are high-variance; even a team that is not among the top favorites can win a single-elimination tournament with a few close matches and penalty shootouts."", ""The resolution may depend on the exact interpretation of '2025 MLS championship for US soccer,' but the most literal reading is Philadelphia Union winning MLS Cup 2025, which is still a low-probability event for any single team.""], ""final_probability"": 0.09, ""reasoning"": ""As of October 11, 2025, Philadelphia Union would need to win the 2025 MLS Cup, which is a difficult single-elimination title with many contenders. Even strong MLS teams typically have modest championship probabilities because the postseason is short and noisy. Philadelphia may be a plausible playoff team, but not an overwhelming favorite relative to the field. A low single-digit to high single-digit probability is appropriate; I start at 0.08 and adjust slightly upward to 0.09 to reflect the possibility that they are a legitimate contender rather than a long shot.""}}"
validation,premortem_one_shot,31253,Will the US unemployment rate in November 2025 be below the rate in November 2024?,"February 01, 2025",No,0,0.53,"As of February 1, 2025, the US unemployment rate was near a historically moderate level and the economy had shown resilience, but the direction over a 10-month horizon is uncertain. A literal reading compares the published unemployment rate for November 2025 to November 2024. Because monthly unemployment rates are noisy and often move only modestly, the base rate is close to a coin flip with a slight tilt toward a lower rate if disinflation and easing monetary conditions support continued labor market normalization. However, the risk of a late-2025 slowdown or recession is substantial enough to keep the probability only modestly above 0.5.",0.28090000000000004,ok,,1,"{""premortem"": ""/Users/kenneth.cao/Desktop/Stat 390/AutoResearch_Prediction_Optimization/outputs/raw/validation/premortem_one_shot/31253/premortem.json""}","{""premortem"": {""initial_probability"": 0.56, ""ways_forecast_could_be_wrong"": [""The labor market could weaken materially in 2025, pushing the November 2025 unemployment rate above November 2024 despite starting from a relatively low level in early 2025."", ""Inflation could re-accelerate or growth could slow enough that the Fed keeps policy restrictive, causing unemployment to rise rather than fall."", ""Conversely, a soft landing could continue and labor force growth could absorb job gains, leading to a modest decline in unemployment by November 2025."", ""Measurement noise and revisions are meaningful at monthly frequency; a small apparent change between November 2024 and November 2025 could go either way."", ""A recession or financial shock in 2025 would make the rate clearly higher, while unusually strong productivity or immigration-driven labor supply changes could alter the comparison in either direction.""], ""final_probability"": 0.53, ""reasoning"": ""As of February 1, 2025, the US unemployment rate was near a historically moderate level and the economy had shown resilience, but the direction over a 10-month horizon is uncertain. A literal reading compares the published unemployment rate for November 2025 to November 2024. Because monthly unemployment rates are noisy and often move only modestly, the base rate is close to a coin flip with a slight tilt toward a lower rate if disinflation and easing monetary conditions support continued labor market normalization. However, the risk of a late-2025 slowdown or recession is substantial enough to keep the probability only modestly above 0.5.""}}"
dev,baseline_one_shot,20790,Will there be a serious radiation incident at any nuclear plant in Ukraine before 2025?,"January 21, 2024",No,0,0.08,"As of Jan. 21, 2024, Ukraine’s nuclear plants were operating under wartime risk, especially Zaporizhzhia, but a ""serious radiation incident"" implies a substantial release or event beyond routine disruptions. Despite repeated shelling, power-loss scares, and safety concerns, the plants had so far avoided a major radiological accident, and international oversight plus operator caution reduced the chance of escalation. The war raises risk materially, but the short remaining window before 2025 makes a severe incident still more likely than not to be avoided.",0.0064,ok,,1,"{""forecast"": ""/Users/kenneth.cao/Desktop/Stat 390/AutoResearch_Prediction_Optimization/outputs/raw/dev/baseline_one_shot/20790/forecast.json""}","{""forecast"": {""probability"": 0.08, ""reasoning"": ""As of Jan. 21, 2024, Ukraine’s nuclear plants were operating under wartime risk, especially Zaporizhzhia, but a \""serious radiation incident\"" implies a substantial release or event beyond routine disruptions. Despite repeated shelling, power-loss scares, and safety concerns, the plants had so far avoided a major radiological accident, and international oversight plus operator caution reduced the chance of escalation. The war raises risk materially, but the short remaining window before 2025 makes a severe incident still more likely than not to be avoided.""}}"
dev,baseline_one_shot,22383,Will the Kingdom of the Planet of the Apes domestic opening box office set a new franchise record?,"April 18, 2024",No,0,0.72,"As of the forecast date, Kingdom of the Planet of the Apes was tracking as a major franchise relaunch with strong awareness, a favorable release window, and likely pent-up interest after a long gap since the prior film. The domestic opening record for the franchise was set by Dawn of the Planet of the Apes, and this new installment would need to exceed that benchmark. While the series has a solid fan base, ape films have historically opened in a moderate range rather than blockbuster-level numbers, so the bar is high. Still, the combination of franchise familiarity, marketing, and the absence of direct competition makes a new record more likely than not.",0.5184,ok,,1,"{""forecast"": ""/Users/kenneth.cao/Desktop/Stat 390/AutoResearch_Prediction_Optimization/outputs/raw/dev/baseline_one_shot/22383/forecast.json""}","{""forecast"": {""probability"": 0.72, ""reasoning"": ""As of the forecast date, Kingdom of the Planet of the Apes was tracking as a major franchise relaunch with strong awareness, a favorable release window, and likely pent-up interest after a long gap since the prior film. The domestic opening record for the franchise was set by Dawn of the Planet of the Apes, and this new installment would need to exceed that benchmark. While the series has a solid fan base, ape films have historically opened in a moderate range rather than blockbuster-level numbers, so the bar is high. Still, the combination of franchise familiarity, marketing, and the absence of direct competition makes a new record more likely than not.""}}"
dev,premortem_one_shot,31298,"Will there be at least 1,000 deaths due to direct conflict between Israel and Iran in 2025?","February 01, 2025",Yes,1,0.14,"As of February 1, 2025, the baseline risk of direct Israel-Iran conflict producing at least 1,000 deaths in the calendar year appears meaningfully above zero but still low. The main reason is that both states have strong incentives to avoid full-scale direct war, and prior direct exchanges have tended to be limited and carefully calibrated. However, the possibility of rapid escalation, especially through missile strikes or attacks on high-value targets, is non-trivial. Because the threshold is very high and the question is limited to direct conflict between Israel and Iran in 2025, I assign a modest probability rather than a near-zero one.",0.7395999999999999,ok,,1,"{""premortem"": ""/Users/kenneth.cao/Desktop/Stat 390/AutoResearch_Prediction_Optimization/outputs/raw/dev/premortem_one_shot/31298/premortem.json""}","{""premortem"": {""initial_probability"": 0.18, ""ways_forecast_could_be_wrong"": [""The Israel-Iran conflict could escalate into a sustained direct war with repeated missile, air, cyber, and ground-related strikes causing mass casualties well above 1,000 deaths."", ""A single large strike on a densely populated military or civilian target in either country could produce unusually high direct-conflict fatalities."", ""The resolution criteria may count deaths from direct exchanges more broadly than I am assuming, including deaths from attacks that are clearly attributable to Israel-Iran hostilities even if not in a formal declared war."", ""Conversely, I may be overestimating escalation risk because both sides may continue to prefer limited, calibrated retaliation and proxy conflict rather than direct high-casualty confrontation."", ""Ceasefires, deterrence, or third-party intervention could prevent the conflict from reaching casualty levels anywhere near 1,000 direct deaths in 2025.""], ""final_probability"": 0.14, ""reasoning"": ""As of February 1, 2025, the baseline risk of direct Israel-Iran conflict producing at least 1,000 deaths in the calendar year appears meaningfully above zero but still low. The main reason is that both states have strong incentives to avoid full-scale direct war, and prior direct exchanges have tended to be limited and carefully calibrated. However, the possibility of rapid escalation, especially through missile strikes or attacks on high-value targets, is non-trivial. Because the threshold is very high and the question is limited to direct conflict between Israel and Iran in 2025, I assign a modest probability rather than a near-zero one.""}}"
validation,baseline_one_shot,20747,Will Bitcoin go up over 2024?,"January 21, 2024",Yes,1,0.58,"Interpreting this literally as Bitcoin finishing 2024 above its price on Jan 21, 2024, the odds are moderately favorable. Bitcoin has historically had strong upside in post-halving years, and by Jan 2024 sentiment was improving with ETF approval and growing institutional access. But BTC is extremely volatile and can easily end the year below the starting point despite large interim gains, so this is only a modest edge above 50%.",0.17640000000000003,ok,,1,"{""forecast"": ""/Users/kenneth.cao/Desktop/Stat 390/AutoResearch_Prediction_Optimization/outputs/raw/validation/baseline_one_shot/20747/forecast.json""}","{""forecast"": {""probability"": 0.58, ""reasoning"": ""Interpreting this literally as Bitcoin finishing 2024 above its price on Jan 21, 2024, the odds are moderately favorable. Bitcoin has historically had strong upside in post-halving years, and by Jan 2024 sentiment was improving with ETF approval and growing institutional access. But BTC is extremely volatile and can easily end the year below the starting point despite large interim gains, so this is only a modest edge above 50%.""}}"
validation,baseline_one_shot,22390,"Will Donald Trump file a new writ petition or application for stay with the US Supreme Court between April 16 and May 19, 2024?","April 21, 2024",No,0,0.72,"As of Apr. 21, 2024, Trump had strong incentives to seek emergency Supreme Court relief in ongoing criminal/civil matters, and the window through May 19 is broad enough to capture a new stay application or writ petition if lower-court rulings went against him. The wording is literal and only requires filing a new petition/application with the Supreme Court, which is a common escalation path in this period. Still, it is not certain because he might instead pursue relief in lower courts or not file within the window.",0.5184,ok,,1,"{""forecast"": ""/Users/kenneth.cao/Desktop/Stat 390/AutoResearch_Prediction_Optimization/outputs/raw/validation/baseline_one_shot/22390/forecast.json""}","{""forecast"": {""probability"": 0.72, ""reasoning"": ""As of Apr. 21, 2024, Trump had strong incentives to seek emergency Supreme Court relief in ongoing criminal/civil matters, and the window through May 19 is broad enough to capture a new stay application or writ petition if lower-court rulings went against him. The wording is literal and only requires filing a new petition/application with the Supreme Court, which is a common escalation path in this period. Still, it is not certain because he might instead pursue relief in lower courts or not file within the window.""}}"
validation,baseline_one_shot,20785,Will SpaceX attempt to catch a Starship booster with the tower in 2024?,"January 21, 2024",Yes,1,0.72,"By Jan. 21, 2024, SpaceX had already demonstrated rapid Starship progress and publicly discussed the tower catch concept as a planned next step. The main uncertainty is operational readiness and regulatory/safety constraints, but the company’s track record suggests a strong chance they would at least attempt a booster catch before year-end if flights continued. Literal resolution is an attempt in 2024, not success, which makes YES more likely than not.",0.07840000000000001,ok,,1,"{""forecast"": ""/Users/kenneth.cao/Desktop/Stat 390/AutoResearch_Prediction_Optimization/outputs/raw/validation/baseline_one_shot/20785/forecast.json""}","{""forecast"": {""probability"": 0.72, ""reasoning"": ""By Jan. 21, 2024, SpaceX had already demonstrated rapid Starship progress and publicly discussed the tower catch concept as a planned next step. The main uncertainty is operational readiness and regulatory/safety constraints, but the company’s track record suggests a strong chance they would at least attempt a booster catch before year-end if flights continued. Literal resolution is an attempt in 2024, not success, which makes YES more likely than not.""}}"
dev,premortem_one_shot,31303,Will inflation-adjusted gas prices rise in the US in 2025?,"February 01, 2025",No,0,0.39,"My baseline is slightly below even odds because real gasoline prices are driven by two volatile components: nominal pump prices and inflation. In a typical year, nominal gas prices can move substantially, but inflation-adjusted prices only rise if gasoline increases faster than general inflation over the relevant comparison window. As of Feb. 1, 2025, I would expect 2025 to be a year with meaningful uncertainty but no strong prior that real gas prices will end higher than they began. The main downward pressure on the probability is that gas prices often mean-revert and can be held down by ample supply or weaker demand, while inflation may remain positive. The main upward pressure is that oil-market shocks can quickly lift gasoline prices above inflation. Netting these, I assign a modestly sub-50% chance of YES.",0.1521,ok,,1,"{""premortem"": ""/Users/kenneth.cao/Desktop/Stat 390/AutoResearch_Prediction_Optimization/outputs/raw/dev/premortem_one_shot/31303/premortem.json""}","{""premortem"": {""initial_probability"": 0.42, ""ways_forecast_could_be_wrong"": [""The resolution may use a specific inflation measure or gas-price series that behaves differently from the broad CPI-adjusted retail gasoline trend I have in mind."", ""US nominal gas prices could fall in 2025, but inflation falls even more, causing real gas prices to rise despite weak nominal prices."", ""Geopolitical shocks, refinery outages, hurricanes, or policy changes could push nominal gas prices up enough to outpace inflation."", ""Conversely, a recession, weak oil demand, or rapid supply growth could keep nominal gas prices flat or down, making real prices fall."", ""The question may be resolved using year-end or annual-average data in a way that differs from comparing January 1 to December 31, which changes the answer materially.""], ""final_probability"": 0.39, ""reasoning"": ""My baseline is slightly below even odds because real gasoline prices are driven by two volatile components: nominal pump prices and inflation. In a typical year, nominal gas prices can move substantially, but inflation-adjusted prices only rise if gasoline increases faster than general inflation over the relevant comparison window. As of Feb. 1, 2025, I would expect 2025 to be a year with meaningful uncertainty but no strong prior that real gas prices will end higher than they began. The main downward pressure on the probability is that gas prices often mean-revert and can be held down by ample supply or weaker demand, while inflation may remain positive. The main upward pressure is that oil-market shocks can quickly lift gasoline prices above inflation. Netting these, I assign a modestly sub-50% chance of YES.""}}"
validation,premortem_one_shot,20775,Will SpaceX's Starship reach orbit in 2024?,"January 21, 2024",No,0,0.31,"As of January 21, 2024, Starship had not yet reached orbit. SpaceX had demonstrated major progress, but orbital success still required solving several hard problems: reliable Super Heavy/Starship staging, engine performance, flight termination/range approval, and surviving ascent to orbital velocity. The literal resolution criterion is simply whether Starship reaches orbit at any point in 2024, not whether it lands or completes a full mission. That makes YES possible even with a rough first orbital success, but the combination of technical risk and regulatory uncertainty still makes it more likely than not that orbit would not be achieved within the year. I start moderately optimistic because SpaceX iterates quickly, then lower the probability because orbital insertion by year-end remained a difficult milestone with substantial failure modes.",0.0961,ok,,1,"{""premortem"": ""/Users/kenneth.cao/Desktop/Stat 390/AutoResearch_Prediction_Optimization/outputs/raw/validation/premortem_one_shot/20775/premortem.json""}","{""premortem"": {""initial_probability"": 0.42, ""ways_forecast_could_be_wrong"": [""SpaceX may continue its rapid test cadence and solve enough technical issues to achieve a successful orbital insertion before the end of 2024, despite the difficulty of full reentry and launch licensing constraints."", ""The question may resolve YES under a literal interpretation if Starship reaches orbit in any form, even if the mission is partial, uncrewed, or ends in loss of vehicle shortly after orbital insertion."", ""Regulatory or range-approval delays could be shorter than expected, allowing more launch attempts than currently seems likely on January 21, 2024."", ""My estimate could be too low if SpaceX's internal progress on engine reliability, stage separation, and launch pad turnaround is substantially ahead of public evidence."", ""My estimate could be too high if 'reach orbit' is interpreted strictly to require a fully successful orbital mission with sustained orbit and/or recovery, or if repeated launch failures and/or grounding prevent an orbital attempt in 2024.""], ""final_probability"": 0.31, ""reasoning"": ""As of January 21, 2024, Starship had not yet reached orbit. SpaceX had demonstrated major progress, but orbital success still required solving several hard problems: reliable Super Heavy/Starship staging, engine performance, flight termination/range approval, and surviving ascent to orbital velocity. The literal resolution criterion is simply whether Starship reaches orbit at any point in 2024, not whether it lands or completes a full mission. That makes YES possible even with a rough first orbital success, but the combination of technical risk and regulatory uncertainty still makes it more likely than not that orbit would not be achieved within the year. I start moderately optimistic because SpaceX iterates quickly, then lower the probability because orbital insertion by year-end remained a difficult milestone with substantial failure modes.""}}"
validation,premortem_one_shot,20776,Will cannabis be removed from Schedule I of the Controlled Substance Act before 2025?,"January 21, 2024",No,0,0.42,"As of January 21, 2024, there was meaningful momentum toward federal cannabis rescheduling, including the administration’s review process, but the literal resolution requires cannabis to be removed from Schedule I before 2025. That is a high bar because DEA rulemaking is slow, politically contested, and vulnerable to delay or reversal. Still, compared with a generic policy change, the chance is nontrivial because the executive branch had already initiated the process and could potentially complete it within the year. I start at 0.35 to reflect real momentum but substantial procedural risk, then raise slightly to 0.42 because the question’s wording allows any removal from Schedule I, not necessarily full legalization, and the administration had a plausible path to act within 2024.",0.17639999999999997,ok,,1,"{""premortem"": ""/Users/kenneth.cao/Desktop/Stat 390/AutoResearch_Prediction_Optimization/outputs/raw/validation/premortem_one_shot/20776/premortem.json""}","{""premortem"": {""initial_probability"": 0.35, ""ways_forecast_could_be_wrong"": [""The Biden administration could move quickly and finalize rescheduling to Schedule III before the end of 2024, which would count as cannabis being removed from Schedule I."", ""DEA/HHS administrative action could advance faster than expected despite legal and procedural hurdles."", ""Congress could pass legislation descheduling or rescheduling cannabis before 2025, though this seems less likely than executive action."", ""The question may resolve YES if the formal federal scheduling change is completed before January 1, 2025, even if implementation or litigation continues afterward.""], ""final_probability"": 0.42, ""reasoning"": ""As of January 21, 2024, there was meaningful momentum toward federal cannabis rescheduling, including the administration’s review process, but the literal resolution requires cannabis to be removed from Schedule I before 2025. That is a high bar because DEA rulemaking is slow, politically contested, and vulnerable to delay or reversal. Still, compared with a generic policy change, the chance is nontrivial because the executive branch had already initiated the process and could potentially complete it within the year. I start at 0.35 to reflect real momentum but substantial procedural risk, then raise slightly to 0.42 because the question’s wording allows any removal from Schedule I, not necessarily full legalization, and the administration had a plausible path to act within 2024.""}}"
dev,baseline_one_shot,22385,"Will SpaceX's fourth Starship integrated flight test reach an altitude of at least 200 kilometers before May 20, 2024?","April 19, 2024",No,0,0.72,"As of Apr. 19, 2024, SpaceX had already flown Starship IFT-1, IFT-2, and IFT-3, with the third flight reaching a much higher altitude than the first two and showing rapid iteration. The question is specifically about the fourth integrated flight test reaching at least 200 km before May 20, 2024. SpaceX had a strong incentive to attempt the next flight quickly, and the vehicle’s nominal suborbital trajectory is designed to exceed 200 km if the launch succeeds. The main uncertainty is schedule risk and the possibility of another delay or early failure, but given the pace of testing and the altitude threshold being relatively modest for a successful Starship flight, a YES outcome looks more likely than not.",0.5184,ok,,1,"{""forecast"": ""/Users/kenneth.cao/Desktop/Stat 390/AutoResearch_Prediction_Optimization/outputs/raw/dev/baseline_one_shot/22385/forecast.json""}","{""forecast"": {""probability"": 0.72, ""reasoning"": ""As of Apr. 19, 2024, SpaceX had already flown Starship IFT-1, IFT-2, and IFT-3, with the third flight reaching a much higher altitude than the first two and showing rapid iteration. The question is specifically about the fourth integrated flight test reaching at least 200 km before May 20, 2024. SpaceX had a strong incentive to attempt the next flight quickly, and the vehicle’s nominal suborbital trajectory is designed to exceed 200 km if the launch succeeds. The main uncertainty is schedule risk and the possibility of another delay or early failure, but given the pace of testing and the altitude threshold being relatively modest for a successful Starship flight, a YES outcome looks more likely than not.""}}"
dev,baseline_one_shot,31255,"On December 31, 2025, will Google, Meta, Amazon, Tesla, or X accept crypto as a payment?","February 01, 2025",No,0,0.18,"Literal read: the question is YES if, by Dec. 31, 2025, at least one of Google, Meta, Amazon, Tesla, or X is accepting crypto as a payment method in a real, public-facing way. As of Feb. 1, 2025, none of these firms broadly accept crypto for core consumer payments; Tesla has previously accepted Bitcoin briefly, and X has discussed/experimented with payments, but no durable acceptance is in place. Over 11 months, a change by one of these firms is plausible but still unlikely because of regulatory, accounting, volatility, and operational frictions, especially for large platforms. X is the most plausible candidate, but overall the chance remains modest.",0.0324,ok,,1,"{""forecast"": ""/Users/kenneth.cao/Desktop/Stat 390/AutoResearch_Prediction_Optimization/outputs/raw/dev/baseline_one_shot/31255/forecast.json""}","{""forecast"": {""probability"": 0.18, ""reasoning"": ""Literal read: the question is YES if, by Dec. 31, 2025, at least one of Google, Meta, Amazon, Tesla, or X is accepting crypto as a payment method in a real, public-facing way. As of Feb. 1, 2025, none of these firms broadly accept crypto for core consumer payments; Tesla has previously accepted Bitcoin briefly, and X has discussed/experimented with payments, but no durable acceptance is in place. Over 11 months, a change by one of these firms is plausible but still unlikely because of regulatory, accounting, volatility, and operational frictions, especially for large platforms. X is the most plausible candidate, but overall the chance remains modest.""}}"
validation,premortem_one_shot,20753,Will Benjamin Netanyahu remain Prime Minister of Israel throughout 2024?,"January 21, 2024",Yes,1,0.58,"As of January 21, 2024, Netanyahu is still in office and has substantial incumbency advantages, including control over coalition politics and no immediate obvious mechanism for removal. However, his coalition is fragile, the war creates political volatility, and there are multiple plausible paths to an interruption in his tenure before the end of 2024. Because the resolution requires him to remain Prime Minister continuously throughout the entire calendar year, I assign a somewhat above-even probability but not a strong one.",0.17640000000000003,ok,,1,"{""premortem"": ""/Users/kenneth.cao/Desktop/Stat 390/AutoResearch_Prediction_Optimization/outputs/raw/validation/premortem_one_shot/20753/premortem.json""}","{""premortem"": {""initial_probability"": 0.62, ""ways_forecast_could_be_wrong"": [""Netanyahu could be forced out by a coalition collapse, no-confidence vote, or internal Likud replacement before year-end."", ""A major legal or political crisis could make him resign or be removed, even if he initially appears secure."", ""The question is literal about remaining Prime Minister throughout all of 2024; even a brief interruption, caretaker replacement, or temporary resignation would make the answer NO."", ""The war context could either stabilize his coalition or destabilize it unpredictably, making continuity hard to forecast."", ""Early elections could produce a different governing coalition or another prime minister before December 31, 2024.""], ""final_probability"": 0.58, ""reasoning"": ""As of January 21, 2024, Netanyahu is still in office and has substantial incumbency advantages, including control over coalition politics and no immediate obvious mechanism for removal. However, his coalition is fragile, the war creates political volatility, and there are multiple plausible paths to an interruption in his tenure before the end of 2024. Because the resolution requires him to remain Prime Minister continuously throughout the entire calendar year, I assign a somewhat above-even probability but not a strong one.""}}"
dev,premortem_one_shot,31348,Will the US government release additional Epstein documents in 2025?,"February 01, 2025",Yes,1,0.66,"As of February 1, 2025, there is substantial public and political pressure for more Epstein-related disclosure, and some additional release in 2025 seems more likely than not. However, the literal resolution standard is strict: there must be an actual release of additional Epstein documents by the US government within 2025, not merely discussion, promises, or indirect disclosures. Because such releases can be blocked by privacy, ongoing investigations, court orders, or bureaucratic delay, I reduce the probability from the initial estimate to a still-plausible but more cautious final estimate.",0.11559999999999998,ok,,1,"{""premortem"": ""/Users/kenneth.cao/Desktop/Stat 390/AutoResearch_Prediction_Optimization/outputs/raw/dev/premortem_one_shot/31348/premortem.json""}","{""premortem"": {""initial_probability"": 0.72, ""ways_forecast_could_be_wrong"": [""The question may resolve only if the US government releases documents that are clearly new and attributable to the government in 2025; if there are only court filings, leaks, or documents already publicly available, that would not count."", ""A major release could be delayed until 2026 or later even if there is strong political pressure in 2025."", ""The government might announce investigations, summaries, or redactions without actually releasing additional Epstein documents."", ""If 'US government' is interpreted narrowly, releases by Congress, DOJ, FBI, or a court may or may not qualify depending on the tournament's resolution rules; ambiguity could cause a NO resolution."", ""Political incentives could shift toward secrecy, litigation, or victim/privacy concerns, reducing the chance of a substantive release in 2025.""], ""final_probability"": 0.66, ""reasoning"": ""As of February 1, 2025, there is substantial public and political pressure for more Epstein-related disclosure, and some additional release in 2025 seems more likely than not. However, the literal resolution standard is strict: there must be an actual release of additional Epstein documents by the US government within 2025, not merely discussion, promises, or indirect disclosures. Because such releases can be blocked by privacy, ongoing investigations, court orders, or bureaucratic delay, I reduce the probability from the initial estimate to a still-plausible but more cautious final estimate.""}}"
validation,baseline_one_shot,20783,Will Ali Khamenei cease to be supreme leader of Iran in 2024?,"January 21, 2024",No,0,0.08,"As of Jan. 21, 2024, Khamenei was 84 and had been supreme leader since 1989, with no public indication of imminent removal or resignation. The main ways this could resolve YES in 2024 are death, incapacitation, forced removal, or voluntary resignation; while age and health make death/incapacity nontrivial, the office is highly entrenched and succession is tightly controlled. A 2024 transition was possible but still unlikely.",0.0064,ok,,1,"{""forecast"": ""/Users/kenneth.cao/Desktop/Stat 390/AutoResearch_Prediction_Optimization/outputs/raw/validation/baseline_one_shot/20783/forecast.json""}","{""forecast"": {""probability"": 0.08, ""reasoning"": ""As of Jan. 21, 2024, Khamenei was 84 and had been supreme leader since 1989, with no public indication of imminent removal or resignation. The main ways this could resolve YES in 2024 are death, incapacitation, forced removal, or voluntary resignation; while age and health make death/incapacity nontrivial, the office is highly entrenched and succession is tightly controlled. A 2024 transition was possible but still unlikely.""}}"
validation,baseline_one_shot,20759,Will an AI win a coding contest on Codeforces in 2024?,"January 21, 2024",No,0,0.08,"Literal read: the question resolves YES only if an AI wins a Codeforces coding contest during 2024. As of Jan 21, 2024, AI systems were improving quickly but still far from reliably outperforming top human competitive programmers in live Codeforces contests, which require speed, robustness, and handling novel problems under strict time limits. A win would likely require either a major breakthrough or a contest with unusually favorable conditions, so the event seems possible but unlikely within the year.",0.0064,ok,,1,"{""forecast"": ""/Users/kenneth.cao/Desktop/Stat 390/AutoResearch_Prediction_Optimization/outputs/raw/validation/baseline_one_shot/20759/forecast.json""}","{""forecast"": {""probability"": 0.08, ""reasoning"": ""Literal read: the question resolves YES only if an AI wins a Codeforces coding contest during 2024. As of Jan 21, 2024, AI systems were improving quickly but still far from reliably outperforming top human competitive programmers in live Codeforces contests, which require speed, robustness, and handling novel problems under strict time limits. A win would likely require either a major breakthrough or a contest with unusually favorable conditions, so the event seems possible but unlikely within the year.""}}"
validation,baseline_one_shot,31258,Will Google's search market share drop below 85% in 2025?,"February 01, 2025",No,0,0.28,"Google’s global search share has been very stable for years, typically in the high-80s to low-90s depending on source and methodology. To resolve YES, it must fall below 85% at some point in 2025, which would require a sizable and sustained decline rather than normal noise. AI chatbots and alternative search tools may continue to erode usage, but by Feb. 2025 there was little evidence of a drop of that magnitude within the year. Measurement differences across trackers add uncertainty, but the threshold is low enough that a meaningful break in Google’s dominance is still more likely than not to be avoided in 2025.",0.07840000000000001,ok,,1,"{""forecast"": ""/Users/kenneth.cao/Desktop/Stat 390/AutoResearch_Prediction_Optimization/outputs/raw/validation/baseline_one_shot/31258/forecast.json""}","{""forecast"": {""probability"": 0.28, ""reasoning"": ""Google’s global search share has been very stable for years, typically in the high-80s to low-90s depending on source and methodology. To resolve YES, it must fall below 85% at some point in 2025, which would require a sizable and sustained decline rather than normal noise. AI chatbots and alternative search tools may continue to erode usage, but by Feb. 2025 there was little evidence of a drop of that magnitude within the year. Measurement differences across trackers add uncertainty, but the threshold is low enough that a meaningful break in Google’s dominance is still more likely than not to be avoided in 2025.""}}"
dev,premortem_one_shot,31098,"Will Donald Trump have a positive net favorability rate on December 20, 2025, according to 538?","February 01, 2025",No,0,0.38,"As of February 1, 2025, Trump is entering a new term with historically polarized public opinion. A positive net favorability on December 20, 2025 would require his favorability to exceed his unfavorable ratings in 538's polling average at that time. That is possible but not the base case: Trump has generally had net-negative favorability for most of his political career, and while incumbency can help, it usually does not overcome deep polarization quickly. The most likely path to a YES is a strong early-term honeymoon or a major rally-around-the-flag effect; the most likely path to NO is continued net-negative ratings even if his approval improves somewhat. Given the deadline and the literal 538 criterion, I assign a somewhat-below-even chance.",0.1444,ok,,1,"{""premortem"": ""/Users/kenneth.cao/Desktop/Stat 390/AutoResearch_Prediction_Optimization/outputs/raw/dev/premortem_one_shot/31098/premortem.json""}","{""premortem"": {""initial_probability"": 0.42, ""ways_forecast_could_be_wrong"": [""Trump's approval could improve materially after the inauguration if the economy is strong, major policy wins occur, or partisan polarization keeps his favorability from falling as much as expected."", ""538's specific net favorability measure may differ from generic approval/disapproval expectations, and small methodological changes or missing polling could shift the sign near the deadline."", ""A late-2025 event could sharply move public opinion in either direction, making the December 20 snapshot hard to predict from February 2025 conditions."", ""The question is about 538's reported value on a specific date; if 538 stops updating, changes methodology, or has insufficient data, the resolution could hinge on an edge case rather than underlying sentiment.""], ""final_probability"": 0.38, ""reasoning"": ""As of February 1, 2025, Trump is entering a new term with historically polarized public opinion. A positive net favorability on December 20, 2025 would require his favorability to exceed his unfavorable ratings in 538's polling average at that time. That is possible but not the base case: Trump has generally had net-negative favorability for most of his political career, and while incumbency can help, it usually does not overcome deep polarization quickly. The most likely path to a YES is a strong early-term honeymoon or a major rally-around-the-flag effect; the most likely path to NO is continued net-negative ratings even if his approval improves somewhat. Given the deadline and the literal 538 criterion, I assign a somewhat-below-even chance.""}}"
dev,baseline_one_shot,22787,"Will the San Francisco Bay Area experience an earthquake of at least 3.0 magnitude during the seven-day period ending midday on May 14th, 2024?","May 07, 2024",No,0,0.93,"The Bay Area experiences frequent M3+ earthquakes, and a 7-day window is long enough that at least one event of magnitude 3.0 or greater is very likely. The resolution window is broad and the threshold is modest, so the base rate strongly favors YES.",0.8649000000000001,ok,,1,"{""forecast"": ""/Users/kenneth.cao/Desktop/Stat 390/AutoResearch_Prediction_Optimization/outputs/raw/dev/baseline_one_shot/22787/forecast.json""}","{""forecast"": {""probability"": 0.93, ""reasoning"": ""The Bay Area experiences frequent M3+ earthquakes, and a 7-day window is long enough that at least one event of magnitude 3.0 or greater is very likely. The resolution window is broad and the threshold is modest, so the base rate strongly favors YES.""}}"
dev,baseline_one_shot,41037,"Will the United States gain less than 100,000 new nonfarm jobs between December 2025 and February 2026?","January 22, 2026",Yes,1,0.18,"The question is literal: compare U.S. nonfarm payrolls in Dec 2025 vs. Feb 2026 (likely the BLS establishment survey, seasonally adjusted). A YES requires net job growth over those two months of under 100,000, which is a very low bar relative to typical monthly payroll gains. Even with some slowing, the labor market would usually need to be near stall speed or experience outright declines in one of the months for this to happen. As of Jan. 22, 2026, there is limited evidence to expect such an extreme slowdown, so YES is possible but not the base case.",0.6724000000000001,ok,,1,"{""forecast"": ""/Users/kenneth.cao/Desktop/Stat 390/AutoResearch_Prediction_Optimization/outputs/raw/dev/baseline_one_shot/41037/forecast.json""}","{""forecast"": {""probability"": 0.18, ""reasoning"": ""The question is literal: compare U.S. nonfarm payrolls in Dec 2025 vs. Feb 2026 (likely the BLS establishment survey, seasonally adjusted). A YES requires net job growth over those two months of under 100,000, which is a very low bar relative to typical monthly payroll gains. Even with some slowing, the labor market would usually need to be near stall speed or experience outright declines in one of the months for this to happen. As of Jan. 22, 2026, there is limited evidence to expect such an extreme slowdown, so YES is possible but not the base case.""}}"
dev,premortem_one_shot,20790,Will there be a serious radiation incident at any nuclear plant in Ukraine before 2025?,"January 21, 2024",No,0,0.1,"As of January 21, 2024, the main risk is the Zaporizhzhia nuclear plant, which is in an active conflict zone and has experienced repeated threats to safety, including power disruptions and nearby military activity. That said, nuclear plants are designed with multiple barriers and backup systems, and even wartime stress does not usually translate into a serious radiation release. The deadline is only about one year away, which limits cumulative exposure time, but the war-related tail risk is materially higher than in peacetime. I therefore start with a modest base rate and adjust slightly upward for the ongoing conflict environment.",0.010000000000000002,ok,,1,"{""premortem"": ""/Users/kenneth.cao/Desktop/Stat 390/AutoResearch_Prediction_Optimization/outputs/raw/dev/premortem_one_shot/20790/premortem.json""}","{""premortem"": {""initial_probability"": 0.08, ""ways_forecast_could_be_wrong"": [""The question may be interpreted more broadly than I expect, counting any significant release, fire, or contamination event at a Ukrainian nuclear facility even if it does not cause offsite casualties or large measured doses."", ""The Zaporizhzhia nuclear plant is in an active war zone, so shelling, power loss, or sabotage could trigger a genuine radiological event despite existing safety systems and international attention."", ""A serious incident could occur at a non-operating or partially occupied facility through damage to spent fuel, cooling systems, or auxiliary infrastructure rather than the reactor core itself."", ""My estimate may underweight tail risks from wartime escalation, command-and-control failures, or accidental strikes on nuclear-related infrastructure."", ""The resolution may depend on whether an event is officially classified as a 'serious radiation incident,' and ambiguous reporting could cause a YES even for an event that seems limited from the outside.""], ""final_probability"": 0.1, ""reasoning"": ""As of January 21, 2024, the main risk is the Zaporizhzhia nuclear plant, which is in an active conflict zone and has experienced repeated threats to safety, including power disruptions and nearby military activity. That said, nuclear plants are designed with multiple barriers and backup systems, and even wartime stress does not usually translate into a serious radiation release. The deadline is only about one year away, which limits cumulative exposure time, but the war-related tail risk is materially higher than in peacetime. I therefore start with a modest base rate and adjust slightly upward for the ongoing conflict environment.""}}"
validation,baseline_one_shot,31252,Will US federal interest rates at the end of 2025 be lower than at the end of 2024?,"February 01, 2025",Yes,1,0.72,"As of Feb. 1, 2025, the federal funds target range at end-2024 was 4.25%-4.50% after the Fed’s late-2024 cuts. The question resolves YES if the end-2025 rate is lower than that. Markets and the Fed’s own late-2024/early-2025 signaling implied additional easing was more likely than not over 2025, though inflation persistence and a possible pause/reversal create meaningful risk. A modestly high probability of lower year-end rates is warranted.",0.07840000000000001,ok,,1,"{""forecast"": ""/Users/kenneth.cao/Desktop/Stat 390/AutoResearch_Prediction_Optimization/outputs/raw/validation/baseline_one_shot/31252/forecast.json""}","{""forecast"": {""probability"": 0.72, ""reasoning"": ""As of Feb. 1, 2025, the federal funds target range at end-2024 was 4.25%-4.50% after the Fed’s late-2024 cuts. The question resolves YES if the end-2025 rate is lower than that. Markets and the Fed’s own late-2024/early-2025 signaling implied additional easing was more likely than not over 2025, though inflation persistence and a possible pause/reversal create meaningful risk. A modestly high probability of lower year-end rates is warranted.""}}"
validation,premortem_one_shot,31620,Will Israel establish direct governmental control of the Gaza Strip in 2025?,"February 01, 2025",No,0,0.18,"As of February 1, 2025, the baseline expectation is that Israel will continue to seek security control and military freedom of action in Gaza, but direct governmental control is a much stronger and more politically costly step than military occupation or temporary administration. It would likely require a major shift in Israeli policy, sustained inability to reach a ceasefire, and acceptance of long-term governance responsibilities amid intense domestic, regional, and international opposition. The most likely outcomes are continued war, partial military control, or some form of indirect arrangement rather than explicit Israeli governmental control of the Strip. Because the resolution is literal and likely requires actual direct governmental control rather than de facto influence, the probability is below one-quarter.",0.0324,ok,,1,"{""premortem"": ""/Users/kenneth.cao/Desktop/Stat 390/AutoResearch_Prediction_Optimization/outputs/raw/validation/premortem_one_shot/31620/premortem.json""}","{""premortem"": {""initial_probability"": 0.22, ""ways_forecast_could_be_wrong"": [""Israel may continue military operations in Gaza without formally re-establishing direct governmental control, causing a NO resolution even if it exerts substantial de facto control."", ""A ceasefire, hostage deal, or international pressure could prevent any move toward direct Israeli administration in 2025."", ""Israel could create buffer zones, checkpoints, or temporary military governance that some observers view as control, but the tournament may require a clearer, formal governmental takeover."", ""The question may resolve based on explicit official actions or legal/administrative arrangements; if Israel does not announce or implement direct governance structures, it remains NO even amid prolonged occupation-like conditions."", ""Conversely, a sudden escalation or collapse of Palestinian governance could lead Israel to impose direct administration late in 2025, making the forecast too low.""], ""final_probability"": 0.18, ""reasoning"": ""As of February 1, 2025, the baseline expectation is that Israel will continue to seek security control and military freedom of action in Gaza, but direct governmental control is a much stronger and more politically costly step than military occupation or temporary administration. It would likely require a major shift in Israeli policy, sustained inability to reach a ceasefire, and acceptance of long-term governance responsibilities amid intense domestic, regional, and international opposition. The most likely outcomes are continued war, partial military control, or some form of indirect arrangement rather than explicit Israeli governmental control of the Strip. Because the resolution is literal and likely requires actual direct governmental control rather than de facto influence, the probability is below one-quarter.""}}"
validation,baseline_one_shot,40194,"Will the Cambodia-Thailand conflict result in ⩾20 deaths between October 1 and December 15, 2025?","October 09, 2025",Yes,1,0.18,"As of the forecast date, the Cambodia-Thailand border conflict appears serious but still more likely to remain a limited skirmish than escalate to a death toll of 20+ within the Oct 1–Dec 15 window. Hitting the threshold would require either a sharp escalation, sustained artillery/air strikes, or a major incident causing multiple fatalities on both sides. Given the relatively short remaining window and the tendency for both governments to manage border tensions to avoid wider war, I assign a modest but non-trivial chance.",0.6724000000000001,ok,,1,"{""forecast"": ""/Users/kenneth.cao/Desktop/Stat 390/AutoResearch_Prediction_Optimization/outputs/raw/validation/baseline_one_shot/40194/forecast.json""}","{""forecast"": {""probability"": 0.18, ""reasoning"": ""As of the forecast date, the Cambodia-Thailand border conflict appears serious but still more likely to remain a limited skirmish than escalate to a death toll of 20+ within the Oct 1–Dec 15 window. Hitting the threshold would require either a sharp escalation, sustained artillery/air strikes, or a major incident causing multiple fatalities on both sides. Given the relatively short remaining window and the tendency for both governments to manage border tensions to avoid wider war, I assign a modest but non-trivial chance.""}}"
validation,baseline_one_shot,40183,"Will North Korea conduct a nuclear test before December 16, 2025?","October 10, 2025",No,0,0.08,"As of the forecast date, North Korea had not conducted a nuclear test since 2017, despite continued missile activity and periodic rhetoric. A test before Dec. 16, 2025 would require a deliberate political decision, likely risking additional sanctions and escalation, and there was no clear public indication of imminent testing. However, North Korea has the technical capability and a history of surprise tests, so the probability is not negligible.",0.0064,ok,,1,"{""forecast"": ""/Users/kenneth.cao/Desktop/Stat 390/AutoResearch_Prediction_Optimization/outputs/raw/validation/baseline_one_shot/40183/forecast.json""}","{""forecast"": {""probability"": 0.08, ""reasoning"": ""As of the forecast date, North Korea had not conducted a nuclear test since 2017, despite continued missile activity and periodic rhetoric. A test before Dec. 16, 2025 would require a deliberate political decision, likely risking additional sanctions and escalation, and there was no clear public indication of imminent testing. However, North Korea has the technical capability and a history of surprise tests, so the probability is not negligible.""}}"
dev,premortem_one_shot,31326,"Will OpenAI top the Chatbot Arena Leaderboard on December 31, 2025?","February 01, 2025",No,0,0.38,"As of February 1, 2025, OpenAI is a top contender but not a lock to finish first on the Chatbot Arena leaderboard at year-end. The main reasons to assign a substantial probability are OpenAI's strong research and product capabilities, its history of competitive frontier model releases, and the possibility that a late-2025 release could reclaim the top spot. However, the field is highly competitive, with several well-resourced labs capable of producing models that can outperform OpenAI on preference-based benchmarks. Because the question is literal and resolves based on the leaderboard position on December 31, 2025, the forecast should account for the chance that another lab holds the top rank at that exact time, or that leaderboard dynamics/ties make the outcome unfavorable to OpenAI. Overall, I start near 0.42 and adjust down slightly to 0.38 to reflect strong competition and the uncertainty around year-end snapshot resolution.",0.1444,ok,,1,"{""premortem"": ""/Users/kenneth.cao/Desktop/Stat 390/AutoResearch_Prediction_Optimization/outputs/raw/dev/premortem_one_shot/31326/premortem.json""}","{""premortem"": {""initial_probability"": 0.42, ""ways_forecast_could_be_wrong"": [""OpenAI may release a frontier model in 2025 that clearly outperforms competitors on the specific Chatbot Arena mix used for the leaderboard by December 31, 2025."", ""The leaderboard may be dominated by a non-OpenAI model from another major lab (e.g., Anthropic, Google, xAI, Meta, or a strong open-source entrant), making OpenAI's chance lower than expected."", ""The resolution could depend on the exact leaderboard snapshot and tie-breaking rules on December 31, 2025; a narrow lead, tie, or temporary ranking fluctuation could change the outcome."", ""OpenAI might choose not to submit its best model to the public leaderboard, or may prioritize safety/product constraints over leaderboard optimization, reducing its odds of being #1."", ""Chatbot Arena methodology or leaderboard composition could change during 2025 in ways that favor or disfavor OpenAI, making early expectations unreliable.""], ""final_probability"": 0.38, ""reasoning"": ""As of February 1, 2025, OpenAI is a top contender but not a lock to finish first on the Chatbot Arena leaderboard at year-end. The main reasons to assign a substantial probability are OpenAI's strong research and product capabilities, its history of competitive frontier model releases, and the possibility that a late-2025 release could reclaim the top spot. However, the field is highly competitive, with several well-resourced labs capable of producing models that can outperform OpenAI on preference-based benchmarks. Because the question is literal and resolves based on the leaderboard position on December 31, 2025, the forecast should account for the chance that another lab holds the top rank at that exact time, or that leaderboard dynamics/ties make the outcome unfavorable to OpenAI. Overall, I start near 0.42 and adjust down slightly to 0.38 to reflect strong competition and the uncertainty around year-end snapshot resolution.""}}"
validation,premortem_one_shot,40186,Will the EU have an average annual inflation rate of at least 2.5% for any month before December 2025?,"October 06, 2025",Yes,1,0.56,"As of early October 2025, the most likely interpretation is that the EU-wide annual inflation rate will be judged using the standard monthly official series, and the question resolves YES if any monthly reading before December 2025 is at least 2.5%. My starting point is that inflation in the EU has been near the mid-2% range and can easily fluctuate around the threshold over a two-month horizon, so a crossing is plausible but not certain. I reduce the probability somewhat because the exact series and publication timing matter, and because a modest disinflationary trend could keep the rate just under 2.5% through November.",0.19359999999999997,ok,,1,"{""premortem"": ""/Users/kenneth.cao/Desktop/Stat 390/AutoResearch_Prediction_Optimization/outputs/raw/validation/premortem_one_shot/40186/premortem.json""}","{""premortem"": {""initial_probability"": 0.62, ""ways_forecast_could_be_wrong"": [""The question may refer to a specific EU-wide inflation series or definition of 'average annual inflation rate' that is not the standard headline HICP annual rate, and the relevant series could stay below 2.5% even if other measures rise."", ""The resolution may require a monthly observation published before December 2025, and if the latest available official data lags or is revised, the threshold might not be met in time even if underlying inflation is near 2.5%."", ""EU inflation could remain subdued or fall further due to energy prices, weak demand, or policy easing, keeping every monthly annual rate below 2.5% through November 2025."", ""A temporary spike above 2.5% could occur in one member-state or in a non-EU aggregate, but the EU-wide average annual rate may still not cross 2.5%."", ""The wording 'for any month before December 2025' could be interpreted as requiring a monthly datapoint dated October or November 2025 specifically, and if only December data later shows the threshold, the answer would still be NO.""], ""final_probability"": 0.56, ""reasoning"": ""As of early October 2025, the most likely interpretation is that the EU-wide annual inflation rate will be judged using the standard monthly official series, and the question resolves YES if any monthly reading before December 2025 is at least 2.5%. My starting point is that inflation in the EU has been near the mid-2% range and can easily fluctuate around the threshold over a two-month horizon, so a crossing is plausible but not certain. I reduce the probability somewhat because the exact series and publication timing matter, and because a modest disinflationary trend could keep the rate just under 2.5% through November.""}}"
dev,baseline_one_shot,31123,Will Iran possess a nuclear weapon before 2026?,"February 01, 2025",No,0,0.18,"As of Feb. 1, 2025, Iran had advanced enrichment capability and a large stockpile of highly enriched uranium, but there was no public evidence it had assembled, tested, or declared a nuclear weapon. The key uncertainty is whether it could covertly weaponize and obtain a deliverable device before the end of 2025. That is plausible but still constrained by technical, operational, and detection risks, plus potential Israeli/U.S. disruption. Literal resolution requires Iran to actually possess a nuclear weapon by Dec. 31, 2025, which is a higher bar than merely being near-breakout.",0.0324,ok,,1,"{""forecast"": ""/Users/kenneth.cao/Desktop/Stat 390/AutoResearch_Prediction_Optimization/outputs/raw/dev/baseline_one_shot/31123/forecast.json""}","{""forecast"": {""probability"": 0.18, ""reasoning"": ""As of Feb. 1, 2025, Iran had advanced enrichment capability and a large stockpile of highly enriched uranium, but there was no public evidence it had assembled, tested, or declared a nuclear weapon. The key uncertainty is whether it could covertly weaponize and obtain a deliverable device before the end of 2025. That is plausible but still constrained by technical, operational, and detection risks, plus potential Israeli/U.S. disruption. Literal resolution requires Iran to actually possess a nuclear weapon by Dec. 31, 2025, which is a higher bar than merely being near-breakout.""}}"
validation,premortem_one_shot,20748,Will the FDA or EMA withdraw approval of semaglutide for the treatment of obesity or diabetes in 2024?,"January 21, 2024",No,0,0.02,"As of January 21, 2024, semaglutide is a widely used and heavily scrutinized GLP-1 drug with strong efficacy and substantial regulatory support in both diabetes and obesity. A withdrawal of approval by either the FDA or EMA within 2024 would require an unusually severe safety, quality, or benefit-risk reversal. That is possible but very unlikely over a one-year horizon, especially given the breadth of existing evidence and the fact that regulators typically use narrower warnings or label changes before withdrawal. The main uncertainty is the exact resolution standard, since a formal withdrawal or suspension for one indication or region would count as YES.",0.0004,ok,,1,"{""premortem"": ""/Users/kenneth.cao/Desktop/Stat 390/AutoResearch_Prediction_Optimization/outputs/raw/validation/premortem_one_shot/20748/premortem.json""}","{""premortem"": {""initial_probability"": 0.01, ""ways_forecast_could_be_wrong"": [""A major safety signal emerges in 2024 linking semaglutide to serious harms that regulators judge outweigh benefits, prompting withdrawal or suspension of approval in at least one of the FDA or EMA jurisdictions."", ""New manufacturing, contamination, or quality-control problems specific to semaglutide lead to a regulatory action that is effectively a withdrawal of approval for obesity or diabetes indications."", ""The question is interpreted literally and a formal withdrawal/suspension of approval occurs even if only for one indication, one region, or one formulation, which is more plausible than a full global market removal."", ""Post-marketing evidence or litigation pressure causes regulators to act faster than expected, especially if there is a rare but severe adverse event cluster."", ""I may be underestimating the chance of an administrative/regulatory action that counts as 'withdraw approval' under the tournament's resolution rules even if the drug remains available in practice.""], ""final_probability"": 0.02, ""reasoning"": ""As of January 21, 2024, semaglutide is a widely used and heavily scrutinized GLP-1 drug with strong efficacy and substantial regulatory support in both diabetes and obesity. A withdrawal of approval by either the FDA or EMA within 2024 would require an unusually severe safety, quality, or benefit-risk reversal. That is possible but very unlikely over a one-year horizon, especially given the breadth of existing evidence and the fact that regulators typically use narrower warnings or label changes before withdrawal. The main uncertainty is the exact resolution standard, since a formal withdrawal or suspension for one indication or region would count as YES.""}}"
dev,premortem_one_shot,22385,"Will SpaceX's fourth Starship integrated flight test reach an altitude of at least 200 kilometers before May 20, 2024?","April 19, 2024",No,0,0.66,"As of April 19, 2024, SpaceX had already flown three integrated Starship flight tests and was publicly working toward Flight 4. Given SpaceX's demonstrated cadence and the likelihood that the next test would aim for a similar high-energy profile, there was a substantial chance the fourth test would occur by May 20 and exceed 200 km. However, the event is tightly constrained by launch readiness, regulatory approval, and the possibility of an early failure or schedule slip. Because the resolution requires both the specific fourth integrated flight test and reaching at least 200 km before the deadline, I discount for timing and execution risk, leaving a moderately high but not dominant probability.",0.43560000000000004,ok,,1,"{""premortem"": ""/Users/kenneth.cao/Desktop/Stat 390/AutoResearch_Prediction_Optimization/outputs/raw/dev/premortem_one_shot/22385/premortem.json""}","{""premortem"": {""initial_probability"": 0.72, ""ways_forecast_could_be_wrong"": [""SpaceX may not launch Starship Flight 4 before May 20, 2024 due to regulatory, technical, or weather delays."", ""The flight could occur but fail before reaching 200 km altitude, for example due to an early engine shutdown, loss of control, or range termination."", ""The mission profile might be altered so that the fourth integrated flight test is suborbital and intentionally targets a lower apogee than 200 km."", ""The question may resolve based on an official designation of 'fourth Starship integrated flight test' that differs from public expectations, creating ambiguity about which launch counts."", ""A successful launch could happen after May 20, 2024, which would miss the deadline even if the vehicle later reaches the target altitude.""], ""final_probability"": 0.66, ""reasoning"": ""As of April 19, 2024, SpaceX had already flown three integrated Starship flight tests and was publicly working toward Flight 4. Given SpaceX's demonstrated cadence and the likelihood that the next test would aim for a similar high-energy profile, there was a substantial chance the fourth test would occur by May 20 and exceed 200 km. However, the event is tightly constrained by launch readiness, regulatory approval, and the possibility of an early failure or schedule slip. Because the resolution requires both the specific fourth integrated flight test and reaching at least 200 km before the deadline, I discount for timing and execution risk, leaving a moderately high but not dominant probability.""}}"
dev,baseline_one_shot,22914,"Before May 20, 2024, will it be announced that Minouche Shafik will no longer be President of Columbia University?","May 01, 2024",No,0,0.72,"As of May 1, 2024, Columbia was under intense scrutiny over campus protests and leadership decisions, and Minouche Shafik was facing unusually strong pressure from faculty, students, and politicians. The question resolves YES only if an announcement is made before May 20 that she will no longer be president, which could happen via resignation, removal, or a formal statement of departure. Given the escalating controversy and short time window, the chance of an announcement is meaningfully above 50%, though not certain because boards often resist abrupt leadership changes.",0.5184,ok,,1,"{""forecast"": ""/Users/kenneth.cao/Desktop/Stat 390/AutoResearch_Prediction_Optimization/outputs/raw/dev/baseline_one_shot/22914/forecast.json""}","{""forecast"": {""probability"": 0.72, ""reasoning"": ""As of May 1, 2024, Columbia was under intense scrutiny over campus protests and leadership decisions, and Minouche Shafik was facing unusually strong pressure from faculty, students, and politicians. The question resolves YES only if an announcement is made before May 20 that she will no longer be president, which could happen via resignation, removal, or a formal statement of departure. Given the escalating controversy and short time window, the chance of an announcement is meaningfully above 50%, though not certain because boards often resist abrupt leadership changes.""}}"
validation,baseline_one_shot,31620,Will Israel establish direct governmental control of the Gaza Strip in 2025?,"February 01, 2025",No,0,0.18,"As of Feb. 1, 2025, Israel had not announced or implemented a plan for direct governmental control of Gaza, and the dominant stated war aim remained defeating Hamas rather than annexation or formal administration. Achieving this by year-end would require a major policy shift, sustained military occupation, and some form of direct civil governance, all of which face strong domestic, international, and operational resistance. However, the possibility is not negligible because wartime escalation or collapse of alternative governance arrangements could push Israel toward de facto or formal direct control.",0.0324,ok,,1,"{""forecast"": ""/Users/kenneth.cao/Desktop/Stat 390/AutoResearch_Prediction_Optimization/outputs/raw/validation/baseline_one_shot/31620/forecast.json""}","{""forecast"": {""probability"": 0.18, ""reasoning"": ""As of Feb. 1, 2025, Israel had not announced or implemented a plan for direct governmental control of Gaza, and the dominant stated war aim remained defeating Hamas rather than annexation or formal administration. Achieving this by year-end would require a major policy shift, sustained military occupation, and some form of direct civil governance, all of which face strong domestic, international, and operational resistance. However, the possibility is not negligible because wartime escalation or collapse of alternative governance arrangements could push Israel toward de facto or formal direct control.""}}"
dev,premortem_one_shot,22383,Will the Kingdom of the Planet of the Apes domestic opening box office set a new franchise record?,"April 18, 2024",No,0,0.58,"As of April 18, 2024, Kingdom of the Planet of the Apes had a plausible path to a franchise-record domestic opening because it was a major tentpole, the first new Apes film in several years, and likely to benefit from franchise recognition and relatively limited direct competition. But the franchise’s historical openings were not enormous, and the film still needed to outperform prior entries by enough to set a new nominal domestic opening record. Given uncertainty around audience demand, reviews, and the exact benchmark, I assign a moderately above-even chance, then trim slightly for the risk that the opening lands strong but not record-setting.",0.3364,ok,,1,"{""premortem"": ""/Users/kenneth.cao/Desktop/Stat 390/AutoResearch_Prediction_Optimization/outputs/raw/dev/premortem_one_shot/22383/premortem.json""}","{""premortem"": {""initial_probability"": 0.62, ""ways_forecast_could_be_wrong"": [""The film could open below expectations if audience interest in the rebooted Apes franchise is weaker than assumed, especially given franchise fatigue or competition from other releases around the May 10, 2024 opening weekend."", ""The question may resolve based on a strict domestic opening weekend record for the franchise, and if the benchmark includes inflation-adjusted or non-standard definitions, my interpretation could be wrong; however the likely intended criterion is nominal domestic opening gross."", ""Marketing, reviews, or word-of-mouth could materially underperform, causing a lower-than-expected opening despite strong franchise awareness."", ""The prior franchise record may be higher than I am implicitly assuming, making it harder for Kingdom of the Planet of the Apes to surpass it than expected.""], ""final_probability"": 0.58, ""reasoning"": ""As of April 18, 2024, Kingdom of the Planet of the Apes had a plausible path to a franchise-record domestic opening because it was a major tentpole, the first new Apes film in several years, and likely to benefit from franchise recognition and relatively limited direct competition. But the franchise’s historical openings were not enormous, and the film still needed to outperform prior entries by enough to set a new nominal domestic opening record. Given uncertainty around audience demand, reviews, and the exact benchmark, I assign a moderately above-even chance, then trim slightly for the risk that the opening lands strong but not record-setting.""}}"
validation,baseline_one_shot,34454,"Will OpenAI publicly release the full o3 model before March 28, 2025?","February 08, 2025",No,0,0.18,"As of Feb. 8, 2025, OpenAI had not publicly released the full o3 model, and the deadline is only about seven weeks away. OpenAI often stages model rollouts cautiously, and a ""full"" release is a higher bar than a preview, API access, or limited rollout. While a surprise launch is possible, the short timeline and uncertainty around product readiness make a full public release before Mar. 28, 2025 more likely than not to miss.",0.0324,ok,,1,"{""forecast"": ""/Users/kenneth.cao/Desktop/Stat 390/AutoResearch_Prediction_Optimization/outputs/raw/validation/baseline_one_shot/34454/forecast.json""}","{""forecast"": {""probability"": 0.18, ""reasoning"": ""As of Feb. 8, 2025, OpenAI had not publicly released the full o3 model, and the deadline is only about seven weeks away. OpenAI often stages model rollouts cautiously, and a \""full\"" release is a higher bar than a preview, API access, or limited rollout. While a surprise launch is possible, the short timeline and uncertainty around product readiness make a full public release before Mar. 28, 2025 more likely than not to miss.""}}"
dev,baseline_one_shot,20761,Will Ukraine control central Bakhmut at the end of 2024?,"January 21, 2024",No,0,0.08,"As of Jan. 21, 2024, Ukraine did not control Bakhmut; Russia held the city after the 2023 battle. A Ukrainian return to control of the central part by Dec. 31, 2024 would require a major reversal on a heavily fortified front, and there was no clear evidence of imminent Ukrainian offensive capacity to retake it. While the front could shift, the literal criterion is control of central Bakhmut at year-end, which seems unlikely.",0.0064,ok,,1,"{""forecast"": ""/Users/kenneth.cao/Desktop/Stat 390/AutoResearch_Prediction_Optimization/outputs/raw/dev/baseline_one_shot/20761/forecast.json""}","{""forecast"": {""probability"": 0.08, ""reasoning"": ""As of Jan. 21, 2024, Ukraine did not control Bakhmut; Russia held the city after the 2023 battle. A Ukrainian return to control of the central part by Dec. 31, 2024 would require a major reversal on a heavily fortified front, and there was no clear evidence of imminent Ukrainian offensive capacity to retake it. While the front could shift, the literal criterion is control of central Bakhmut at year-end, which seems unlikely.""}}"
validation,premortem_one_shot,22308,"Will Israel and Hamas reach a ceasefire deal before May 16, 2024?","April 20, 2024",No,0,0.36,"As of April 20, 2024, there was active mediation and repeated reporting of proximity to a deal, but the parties had not yet bridged major disagreements. The deadline is relatively short, but the history of failed or partial negotiations suggests substantial risk of no formal ceasefire agreement being reached by May 16. I start moderately optimistic because talks were ongoing and external pressure was high, then reduce the probability because the literal resolution requires an actual deal before the deadline, not just negotiations, pauses, or public optimism.",0.1296,ok,,1,"{""premortem"": ""/Users/kenneth.cao/Desktop/Stat 390/AutoResearch_Prediction_Optimization/outputs/raw/validation/premortem_one_shot/22308/premortem.json""}","{""premortem"": {""initial_probability"": 0.42, ""ways_forecast_could_be_wrong"": [""Negotiations could stall over core sticking points such as hostage release terms, prisoner exchanges, or the duration of any pause in fighting, preventing a formal deal before the deadline."", ""Either side could accept only a temporary humanitarian pause or informal arrangement that does not count as a 'ceasefire deal' under the resolution criteria."", ""Military escalation, domestic political pressure, or changes in mediator leverage could derail talks even if progress appears close."", ""A deal could be announced after May 16 or only in principle without being finalized by the deadline, leading to a NO resolution despite apparent momentum."", ""Conversely, a rapid breakthrough could occur unexpectedly if mediators bridge the remaining gaps, making the initial probability too low.""], ""final_probability"": 0.36, ""reasoning"": ""As of April 20, 2024, there was active mediation and repeated reporting of proximity to a deal, but the parties had not yet bridged major disagreements. The deadline is relatively short, but the history of failed or partial negotiations suggests substantial risk of no formal ceasefire agreement being reached by May 16. I start moderately optimistic because talks were ongoing and external pressure was high, then reduce the probability because the literal resolution requires an actual deal before the deadline, not just negotiations, pauses, or public optimism.""}}"
validation,baseline_one_shot,20748,Will the FDA or EMA withdraw approval of semaglutide for the treatment of obesity or diabetes in 2024?,"January 21, 2024",No,0,0.01,"Very unlikely. Semaglutide was a major approved therapy for diabetes and obesity in both the US and EU as of Jan 21, 2024, and withdrawal of approval by FDA or EMA within the same year would require a severe safety/regulatory reversal. More plausible outcomes would be label changes, warnings, or supply restrictions rather than full withdrawal of approval for either indication.",0.0001,ok,,1,"{""forecast"": ""/Users/kenneth.cao/Desktop/Stat 390/AutoResearch_Prediction_Optimization/outputs/raw/validation/baseline_one_shot/20748/forecast.json""}","{""forecast"": {""probability"": 0.01, ""reasoning"": ""Very unlikely. Semaglutide was a major approved therapy for diabetes and obesity in both the US and EU as of Jan 21, 2024, and withdrawal of approval by FDA or EMA within the same year would require a severe safety/regulatory reversal. More plausible outcomes would be label changes, warnings, or supply restrictions rather than full withdrawal of approval for either indication.""}}"
dev,premortem_one_shot,31255,"On December 31, 2025, will Google, Meta, Amazon, Tesla, or X accept crypto as a payment?","February 01, 2025",No,0,0.22,"As of February 1, 2025, it seems unlikely that any of Google, Meta, Amazon, Tesla, or X will broadly accept crypto as a payment by December 31, 2025. Most of these firms have historically been cautious or inconsistent on direct crypto payments, and large consumer platforms face operational, compliance, and volatility concerns. Tesla and X are the most plausible candidates because of prior crypto-related activity, but even there the bar is high for a literal, live acceptance policy by year-end. Because the question only needs one company to qualify, the probability is not tiny, but it still looks modest.",0.0484,ok,,1,"{""premortem"": ""/Users/kenneth.cao/Desktop/Stat 390/AutoResearch_Prediction_Optimization/outputs/raw/dev/premortem_one_shot/31255/premortem.json""}","{""premortem"": {""initial_probability"": 0.18, ""ways_forecast_could_be_wrong"": [""One of the companies could add a limited crypto payment option by the deadline, such as for digital goods, subscriptions, or a specific region, which would satisfy the literal resolution criteria."", ""The question may resolve YES if any one of the listed companies accepts crypto in even a narrow or experimental way, and I may be underestimating how likely a small pilot or third-party payment integration is."", ""A company could announce acceptance very late in 2025, and if the policy is live by December 31, 2025, that would count even if it is not widely publicized."", ""I may be over-weighting current corporate caution; competitive pressure or regulatory changes could make crypto acceptance more attractive than it appears in early 2025."", ""The resolution could hinge on a broad interpretation of 'accept crypto as a payment,' and if a company uses a payment processor that converts crypto to fiat at checkout, that might still count.""], ""final_probability"": 0.22, ""reasoning"": ""As of February 1, 2025, it seems unlikely that any of Google, Meta, Amazon, Tesla, or X will broadly accept crypto as a payment by December 31, 2025. Most of these firms have historically been cautious or inconsistent on direct crypto payments, and large consumer platforms face operational, compliance, and volatility concerns. Tesla and X are the most plausible candidates because of prior crypto-related activity, but even there the bar is high for a literal, live acceptance policy by year-end. Because the question only needs one company to qualify, the probability is not tiny, but it still looks modest.""}}"
validation,premortem_one_shot,31258,Will Google's search market share drop below 85% in 2025?,"February 01, 2025",No,0,0.18,"As of February 1, 2025, Google still appears very likely to remain the dominant search engine through 2025. The main reason to assign a non-trivial chance of a drop below 85% is the ongoing shift of some search behavior toward AI assistants and alternative discovery tools, which could erode traditional search usage. However, the threshold is still quite low for Google: it can lose a meaningful amount of share and still stay above 85%. Given Google's entrenched defaults, brand strength, and distribution advantages, I think a sub-85% reading by the end of 2025 is possible but not the base case.",0.0324,ok,,1,"{""premortem"": ""/Users/kenneth.cao/Desktop/Stat 390/AutoResearch_Prediction_Optimization/outputs/raw/validation/premortem_one_shot/31258/premortem.json""}","{""premortem"": {""initial_probability"": 0.22, ""ways_forecast_could_be_wrong"": [""Google's share may remain structurally high despite AI competition because users default to Google for habit, quality, and integration across devices and browsers."", ""Even if AI chatbots and alternative search tools grow quickly in 2025, they may take usage from traditional search without pushing Google's measured search market share below 85% by year-end."", ""The relevant market-share metric may be measured by query volume, revenue, or another definition; if the tournament uses a specific source that is more favorable to Google, the threshold may not be crossed."", ""A temporary dip below 85% could be avoided if Google responds with product changes, default-distribution advantages, or traffic-share gains from its ecosystem."", ""Market-wide shocks or regulatory changes could affect competitors more than Google, leaving its share above the cutoff despite broader search disruption.""], ""final_probability"": 0.18, ""reasoning"": ""As of February 1, 2025, Google still appears very likely to remain the dominant search engine through 2025. The main reason to assign a non-trivial chance of a drop below 85% is the ongoing shift of some search behavior toward AI assistants and alternative discovery tools, which could erode traditional search usage. However, the threshold is still quite low for Google: it can lose a meaningful amount of share and still stay above 85%. Given Google's entrenched defaults, brand strength, and distribution advantages, I think a sub-85% reading by the end of 2025 is possible but not the base case.""}}"
validation,premortem_one_shot,20785,Will SpaceX attempt to catch a Starship booster with the tower in 2024?,"January 21, 2024",Yes,1,0.61,"As of January 21, 2024, SpaceX had already demonstrated rapid iteration on Starship and had strong incentives to attempt increasingly ambitious recovery operations within the year. A tower catch is a natural next step after booster flight testing, and the company has publicly discussed catching the booster with the launch tower as part of the Starship architecture. However, on this date it was still early in the program, and there were substantial technical, regulatory, and schedule risks. Because the question asks only whether SpaceX will attempt a catch in 2024, not whether it succeeds, the probability is meaningfully above 50%, but not high enough to be near-certain.",0.1521,ok,,1,"{""premortem"": ""/Users/kenneth.cao/Desktop/Stat 390/AutoResearch_Prediction_Optimization/outputs/raw/validation/premortem_one_shot/20785/premortem.json""}","{""premortem"": {""initial_probability"": 0.72, ""ways_forecast_could_be_wrong"": [""SpaceX may prioritize orbital test flights and booster recovery by splashdown or landing burn rather than attempting a tower catch in 2024."", ""Regulatory delays, pad damage, or safety concerns could prevent any catch attempt even if the hardware is ready."", ""The question is literal about an attempt, not a successful catch; I may be overestimating because SpaceX could decide the tower catch is too risky and defer it beyond 2024."", ""A partial or ambiguous event might occur (e.g., a near-catch, a tower-assisted hold, or a planned catch rehearsal) that tournament judges do not count as an actual attempt."", ""SpaceX could attempt a catch only after the deadline or in a way not clearly documented, causing the resolution to be judged NO.""], ""final_probability"": 0.61, ""reasoning"": ""As of January 21, 2024, SpaceX had already demonstrated rapid iteration on Starship and had strong incentives to attempt increasingly ambitious recovery operations within the year. A tower catch is a natural next step after booster flight testing, and the company has publicly discussed catching the booster with the launch tower as part of the Starship architecture. However, on this date it was still early in the program, and there were substantial technical, regulatory, and schedule risks. Because the question asks only whether SpaceX will attempt a catch in 2024, not whether it succeeds, the probability is meaningfully above 50%, but not high enough to be near-certain.""}}"
validation,premortem_one_shot,40181,Will Russia’s annual GDP growth rate exceed 1.5% in Q3 2025?,"October 08, 2025",No,0,0.24,"As of October 8, 2025, the most likely outcome is that Russia’s Q3 2025 annual GDP growth rate does not exceed 1.5%. By that point, Russia’s economy had been slowing under tight monetary conditions, sanctions frictions, and weakening momentum after earlier wartime stimulus. A threshold of above 1.5% is not extremely high, but it still requires a solid year-over-year expansion in the official Q3 release. Given the macro backdrop and the tendency for growth to moderate through 2025, I assign a sub-50% chance. I lower the initial estimate slightly because the question is literal about exceeding 1.5%, and the most plausible central case is a result near but not above that line.",0.0576,ok,,1,"{""premortem"": ""/Users/kenneth.cao/Desktop/Stat 390/AutoResearch_Prediction_Optimization/outputs/raw/validation/premortem_one_shot/40181/premortem.json""}","{""premortem"": {""initial_probability"": 0.28, ""ways_forecast_could_be_wrong"": [""The official Q3 2025 GDP release could surprise to the upside, with strong government spending, defense production, or export revenues pushing annual growth above 1.5%."", ""The question may resolve using a specific Russian statistical series or revised estimate that differs from the market consensus, and that series could show a higher year-over-year rate than expected."", ""Base effects from a weak Q3 2024 could make even modest quarter-to-quarter growth translate into an annual growth rate above 1.5%."", ""My estimate could be too low if Russia’s economy remained more resilient than expected despite sanctions, labor shortages, and high rates."", ""The resolution may depend on the exact published annual growth rate for Q3 rather than a broader trend, and a single strong data point could clear the threshold.""], ""final_probability"": 0.24, ""reasoning"": ""As of October 8, 2025, the most likely outcome is that Russia’s Q3 2025 annual GDP growth rate does not exceed 1.5%. By that point, Russia’s economy had been slowing under tight monetary conditions, sanctions frictions, and weakening momentum after earlier wartime stimulus. A threshold of above 1.5% is not extremely high, but it still requires a solid year-over-year expansion in the official Q3 release. Given the macro backdrop and the tendency for growth to moderate through 2025, I assign a sub-50% chance. I lower the initial estimate slightly because the question is literal about exceeding 1.5%, and the most plausible central case is a result near but not above that line.""}}"
validation,premortem_one_shot,20758,Will OpenAI publish information describing Q* (Q-Star) in 2024?,"January 21, 2024",No,0,0.22,"As of January 21, 2024, there was no public, official OpenAI explanation of Q* and the topic was highly sensitive. OpenAI had incentives to avoid confirming or elaborating on a rumored internal project, especially if the rumor was based on leaks. On the other hand, the existence of widespread attention and the possibility of later clarification, denial, or contextual mention leaves some chance of a public reference in 2024. I start moderately low because the default expectation is silence, then adjust downward because literal resolution requires OpenAI itself to publish information describing Q* within the calendar year, which seems unlikely.",0.0484,ok,,1,"{""premortem"": ""/Users/kenneth.cao/Desktop/Stat 390/AutoResearch_Prediction_Optimization/outputs/raw/validation/premortem_one_shot/20758/premortem.json""}","{""premortem"": {""initial_probability"": 0.28, ""ways_forecast_could_be_wrong"": [""OpenAI may publish a blog post, technical report, interview, or FAQ that explicitly mentions Q* or Q-Star before the end of 2024, even if only briefly or indirectly."", ""The resolution may count any public description of Q* from OpenAI, including a statement confirming what it is not, rather than a detailed explanation."", ""OpenAI could choose to address the 2023 Q* reporting controversy in a year-end recap, safety update, or legal/regulatory response, satisfying the literal criterion."", ""I may be underestimating the chance that OpenAI responds to external pressure or leaks by clarifying the topic publicly within 2024."", ""The question could resolve YES if OpenAI publishes information that is clearly about Q* but uses different wording or framing than expected.""], ""final_probability"": 0.22, ""reasoning"": ""As of January 21, 2024, there was no public, official OpenAI explanation of Q* and the topic was highly sensitive. OpenAI had incentives to avoid confirming or elaborating on a rumored internal project, especially if the rumor was based on leaks. On the other hand, the existence of widespread attention and the possibility of later clarification, denial, or contextual mention leaves some chance of a public reference in 2024. I start moderately low because the default expectation is silence, then adjust downward because literal resolution requires OpenAI itself to publish information describing Q* within the calendar year, which seems unlikely.""}}"
dev,self_critique,20790,Will there be a serious radiation incident at any nuclear plant in Ukraine before 2025?,"January 21, 2024",No,0,0.11,"Using a literal but practical reading, the question resolves YES if any Ukrainian nuclear plant experiences a radiation incident that would reasonably be described as serious before 2025. As of Jan 21, 2024, the main risk driver is wartime exposure rather than normal nuclear-operations risk. Ukraine’s plants had not yet suffered a major release, which keeps the probability low, but the remaining 11 months still include meaningful chances of direct damage, loss of power, sabotage, or other conflict-related events. Because the threshold is not necessarily a full-scale meltdown and the setting is unusually hazardous, I would raise the estimate modestly above the initial 8% to about 11%.",0.0121,ok,,2,"{""initial_forecast"": ""/Users/kenneth.cao/Desktop/Stat 390/AutoResearch_Prediction_Optimization/outputs/raw/dev/self_critique/20790/initial_forecast.json"", ""revision"": ""/Users/kenneth.cao/Desktop/Stat 390/AutoResearch_Prediction_Optimization/outputs/raw/dev/self_critique/20790/revision.json""}","{""initial_forecast"": {""probability"": 0.08, ""reasoning"": ""By Jan 21, 2024, Ukraine’s nuclear plants had operated through the war without a serious radiation release, despite repeated conflict-related risks. A serious incident before 2025 would likely require a major accident, sabotage, or direct wartime damage causing significant off-site radiation consequences. The baseline risk is elevated versus peacetime, but actual nuclear plant safety systems, international scrutiny, and the absence of prior severe releases make this still relatively unlikely over the remaining year.""}, ""revision"": {""critique"": ""The initial forecast is directionally reasonable but somewhat under-specified on the resolution criteria. \""Serious radiation incident\"" is ambiguous and could be resolved YES by an event short of a catastrophic Chernobyl-scale accident if it involved notable off-site release, evacuation, or a formally reported serious incident at any Ukrainian nuclear plant. That ambiguity raises the chance relative to a narrow interpretation. The forecast also may be slightly overconfident in the low end: the remaining horizon from Jan 21, 2024 through Dec 31, 2024 still includes substantial wartime risk, including shelling, sabotage, grid instability, and operational stress at Zaporizhzhia and other facilities. On the other hand, the plants had strong safety systems and international monitoring, and a truly serious radiation release remained uncommon even under conflict. Overall, the original 8% seems a bit too low given the war-related tail risk and ambiguity in what counts as \""serious.\"""", ""final_probability"": 0.11, ""reasoning"": ""Using a literal but practical reading, the question resolves YES if any Ukrainian nuclear plant experiences a radiation incident that would reasonably be described as serious before 2025. As of Jan 21, 2024, the main risk driver is wartime exposure rather than normal nuclear-operations risk. Ukraine’s plants had not yet suffered a major release, which keeps the probability low, but the remaining 11 months still include meaningful chances of direct damage, loss of power, sabotage, or other conflict-related events. Because the threshold is not necessarily a full-scale meltdown and the setting is unusually hazardous, I would raise the estimate modestly above the initial 8% to about 11%.""}}"
validation,self_critique,20758,Will OpenAI publish information describing Q* (Q-Star) in 2024?,"January 21, 2024",No,0,0.22,"Using the literal criterion, YES requires OpenAI to publish some information that describes Q* by the end of 2024. That could be a direct mention or even a brief official reference, so the bar is lower than a full technical disclosure. However, as of Jan. 21, 2024, Q* was only a rumor, and OpenAI had incentives to avoid confirming or elaborating on sensitive internal research. Public discussion could continue without any official publication from OpenAI. Balancing the low baseline likelihood of any official mention against the possibility of a limited acknowledgment, I estimate 22%.",0.0484,ok,,2,"{""initial_forecast"": ""/Users/kenneth.cao/Desktop/Stat 390/AutoResearch_Prediction_Optimization/outputs/raw/validation/self_critique/20758/initial_forecast.json"", ""revision"": ""/Users/kenneth.cao/Desktop/Stat 390/AutoResearch_Prediction_Optimization/outputs/raw/validation/self_critique/20758/revision.json""}","{""initial_forecast"": {""probability"": 0.18, ""reasoning"": ""As of Jan 21, 2024, Q* was only a rumor from late 2023 reporting, and OpenAI had not confirmed it. The resolution requires OpenAI itself to publish information describing Q* by Dec 31, 2024. OpenAI had strong incentives to avoid confirming sensitive internal research, so absent a major strategic shift or leak turned official, publication seemed unlikely. Still, the topic had enough public attention that a brief acknowledgment or blog mention was possible, so the probability is not near zero.""}, ""revision"": {""critique"": ""The initial forecast is directionally reasonable but may be slightly underweighted given the literal resolution criteria. The question is not whether OpenAI confirms Q* as a major project or publishes a detailed technical explanation; it only asks whether OpenAI publishes information describing Q* at any point in 2024. That leaves room for a brief acknowledgment, interview remark, safety report, or other public mention. On the other hand, the rumor was sensitive and OpenAI had incentives not to validate it, so the event still seems unlikely. The main calibration issue is that the forecast may be too anchored to the idea of a formal disclosure and not enough to the broader 'information describing' standard. Still, because there was no clear reason to expect any official mention and the company had strong reasons to stay silent, the probability should remain below 0.5 and only modestly above the initial estimate."", ""final_probability"": 0.22, ""reasoning"": ""Using the literal criterion, YES requires OpenAI to publish some information that describes Q* by the end of 2024. That could be a direct mention or even a brief official reference, so the bar is lower than a full technical disclosure. However, as of Jan. 21, 2024, Q* was only a rumor, and OpenAI had incentives to avoid confirming or elaborating on sensitive internal research. Public discussion could continue without any official publication from OpenAI. Balancing the low baseline likelihood of any official mention against the possibility of a limited acknowledgment, I estimate 22%.""}}"
dev,self_critique,31255,"On December 31, 2025, will Google, Meta, Amazon, Tesla, or X accept crypto as a payment?","February 01, 2025",No,0,0.12,"I would revise downward to 0.12. The event requires at least one of five large firms to have an actual crypto payment option active by Dec. 31, 2025. That is a narrow and operationally demanding condition. Google and Meta are very unlikely to be the first movers. Amazon has occasional speculation but little evidence of imminent acceptance. Tesla and X are the only realistic candidates, yet both have historically been inconsistent and limited in crypto payment support. A yes is possible through a narrow or partner-enabled rollout, but the base rate remains low.",0.0144,ok,,2,"{""initial_forecast"": ""/Users/kenneth.cao/Desktop/Stat 390/AutoResearch_Prediction_Optimization/outputs/raw/dev/self_critique/31255/initial_forecast.json"", ""revision"": ""/Users/kenneth.cao/Desktop/Stat 390/AutoResearch_Prediction_Optimization/outputs/raw/dev/self_critique/31255/revision.json""}","{""initial_forecast"": {""probability"": 0.18, ""reasoning"": ""Literal read: by Dec. 31, 2025, at least one of Google, Meta, Amazon, Tesla, or X must accept crypto as a payment in a way that is publicly available and operational. As of Feb. 1, 2025, none of these firms broadly accept crypto for core consumer payments; prior experiments or limited merchant integrations are not enough unless still active and clearly payment-accepting by the deadline. Large incumbents have regulatory, accounting, and volatility frictions, and X/Tesla have shown interest in crypto but not sustained broad acceptance. Some chance exists via a limited rollout or third-party payment integration, but overall this looks unlikely.""}, ""revision"": {""critique"": ""The initial 0.18 looks somewhat high if the resolution is interpreted literally and strictly. The question asks whether, on Dec. 31, 2025, any of the named companies will accept crypto as a payment. That likely requires an actual, publicly available payment option in operation by the deadline, not just hints, pilots, or indirect support through a third-party processor. For Google and Meta, the bar is especially high because they are unlikely to add direct crypto checkout for core consumer products. Amazon is also unlikely to do so broadly, though it could theoretically enable crypto via a partner or gift-card style workaround. Tesla and X are the most plausible candidates because of prior crypto-related activity and Elon Musk’s openness, but neither has shown sustained, broad crypto payment acceptance, and any acceptance would still need to be live by year-end. The main calibration issue is that the initial forecast may underweight how hard it is for a mega-cap company to operationalize crypto payments in a way that clearly satisfies the resolution criteria. At the same time, it should not be driven too close to zero because a limited rollout or niche acceptance by one of the five is not impossible."", ""final_probability"": 0.12, ""reasoning"": ""I would revise downward to 0.12. The event requires at least one of five large firms to have an actual crypto payment option active by Dec. 31, 2025. That is a narrow and operationally demanding condition. Google and Meta are very unlikely to be the first movers. Amazon has occasional speculation but little evidence of imminent acceptance. Tesla and X are the only realistic candidates, yet both have historically been inconsistent and limited in crypto payment support. A yes is possible through a narrow or partner-enabled rollout, but the base rate remains low.""}}"
dev,self_critique,22787,"Will the San Francisco Bay Area experience an earthquake of at least 3.0 magnitude during the seven-day period ending midday on May 14th, 2024?","May 07, 2024",No,0,0.78,"A magnitude 3.0+ earthquake in the Bay Area over a one-week period is fairly likely because the region is seismically active and M3 events are common. However, the event is not guaranteed, and the forecast should be literal about both the geographic boundary and the exact seven-day window ending midday May 14, 2024. Given those constraints, the probability should be high but not extreme.",0.6084,ok,,2,"{""initial_forecast"": ""/Users/kenneth.cao/Desktop/Stat 390/AutoResearch_Prediction_Optimization/outputs/raw/dev/self_critique/22787/initial_forecast.json"", ""revision"": ""/Users/kenneth.cao/Desktop/Stat 390/AutoResearch_Prediction_Optimization/outputs/raw/dev/self_critique/22787/revision.json""}","{""initial_forecast"": {""probability"": 0.93, ""reasoning"": ""The Bay Area experiences frequent small earthquakes, and a magnitude 3.0+ event over any 7-day window is common. The question only requires at least one quake in the San Francisco Bay Area during the specified week, which is a relatively low threshold given the region’s seismicity. The deadline is short and the area is highly active, so YES is very likely.""}, ""revision"": {""critique"": ""The initial forecast is directionally reasonable but likely overconfident. While the Bay Area does frequently see M3.0+ earthquakes, a 7-day window is still short and the exact resolution depends on the tournament’s definition of “San Francisco Bay Area” and the precise midday cutoff on May 14. The initial 0.93 probability assumes near-certainty from general seismicity, but even in active regions there are many week-long stretches without a local M3+ event. It also does not account for the possibility that nearby quakes may fall just outside the geographic boundary or below the magnitude threshold. A more calibrated estimate should remain high but meaningfully lower."", ""final_probability"": 0.78, ""reasoning"": ""A magnitude 3.0+ earthquake in the Bay Area over a one-week period is fairly likely because the region is seismically active and M3 events are common. However, the event is not guaranteed, and the forecast should be literal about both the geographic boundary and the exact seven-day window ending midday May 14, 2024. Given those constraints, the probability should be high but not extreme.""}}"
validation,self_critique,20759,Will an AI win a coding contest on Codeforces in 2024?,"January 21, 2024",No,0,0.07,"By Jan 21, 2024, there was no known precedent of an AI winning an official Codeforces contest. The literal resolution requires an AI to win sometime before Dec 31, 2024. Even with fast progress in coding models, winning a Codeforces contest means outperforming elite human competitors in a live, time-constrained setting, which is much harder than solving benchmark problems. That makes YES possible but still low-probability.",0.004900000000000001,ok,,2,"{""initial_forecast"": ""/Users/kenneth.cao/Desktop/Stat 390/AutoResearch_Prediction_Optimization/outputs/raw/validation/self_critique/20759/initial_forecast.json"", ""revision"": ""/Users/kenneth.cao/Desktop/Stat 390/AutoResearch_Prediction_Optimization/outputs/raw/validation/self_critique/20759/revision.json""}","{""initial_forecast"": {""probability"": 0.08, ""reasoning"": ""Literal read: YES requires an AI to win a Codeforces coding contest during 2024. As of Jan 21, 2024, AI systems can solve many programming tasks, but Codeforces contests are live, adversarial, and require fast, robust performance across multiple problems under strict time limits. There is no clear precedent of an AI winning an official Codeforces contest, and the event would need to happen within the calendar year 2024. This seems possible but still unlikely.""}, ""revision"": {""critique"": ""The initial 0.08 looks directionally reasonable but may be slightly undercalibrated if interpreted literally. The resolution criterion is not just \""AI solves Codeforces problems\"" but an AI actually winning a Codeforces coding contest by the end of 2024. That is a very high bar because it requires outperforming human competitors in a live contest setting, likely under time pressure and with hidden tests. However, the forecast should also account for the possibility of a narrowly defined or lower-profile contest format where an AI could plausibly win, and for rapid progress in coding models during 2024. The main calibration issue is that the initial reasoning may implicitly assume only fully autonomous general-purpose AI, while the question could resolve YES if any AI-assisted or AI-run system is credited as the winner in an official Codeforces contest. Still, given the lack of precedent and the difficulty of beating top human contestants, the event remains quite unlikely."", ""final_probability"": 0.07, ""reasoning"": ""By Jan 21, 2024, there was no known precedent of an AI winning an official Codeforces contest. The literal resolution requires an AI to win sometime before Dec 31, 2024. Even with fast progress in coding models, winning a Codeforces contest means outperforming elite human competitors in a live, time-constrained setting, which is much harder than solving benchmark problems. That makes YES possible but still low-probability.""}}"
validation,self_critique,40182,"Will France announce a nuclear deterrent extension agreement with a European country before December 16, 2025?","October 15, 2025",No,0,0.22,"As of the forecast date, there is still a plausible path to a public announcement, but the bar is specific: France must announce an agreement, and it must be with a European country, before Dec. 16, 2025. France has discussed European deterrence cooperation, yet it has historically been cautious about explicit nuclear umbrella commitments. The short remaining window reduces the chance of a new, clearly announced agreement, but the wording does not necessarily require a ratified treaty—just an announcement. Balancing the political sensitivity against the possibility of a looser bilateral or multilateral deterrence arrangement, a modest probability around 22% is appropriate.",0.0484,ok,,2,"{""initial_forecast"": ""/Users/kenneth.cao/Desktop/Stat 390/AutoResearch_Prediction_Optimization/outputs/raw/validation/self_critique/40182/initial_forecast.json"", ""revision"": ""/Users/kenneth.cao/Desktop/Stat 390/AutoResearch_Prediction_Optimization/outputs/raw/validation/self_critique/40182/revision.json""}","{""initial_forecast"": {""probability"": 0.18, ""reasoning"": ""France has long discussed extending its nuclear deterrent to European partners, but a formal \""extension agreement\"" would be politically sensitive and likely require substantial negotiation, legal framing, and public signaling. By Oct. 15, 2025 there is limited time before the Dec. 16 deadline, and France has historically been cautious about explicit commitments that could be read as a binding nuclear umbrella. A statement of cooperation or consultation is more plausible than an announced agreement, so the chance of a literal YES resolution is modest.""}, ""revision"": {""critique"": ""The initial forecast is directionally reasonable but a bit under-specified about the resolution criteria. The key issue is that the question asks whether France will \""announce a nuclear deterrent extension agreement with a European country\"" before the deadline, which likely requires a public announcement of an actual agreement, not merely rhetoric about cooperation, consultations, or deterrence reassurance. That makes YES harder than a generic policy-signaling event. However, the forecast may be slightly too low because the time window is short but not negligible, and France could plausibly announce a bilateral or multilateral arrangement, especially if framed loosely as an extension or security guarantee. The main calibration risk is assuming the event must be a formal treaty; the wording could resolve YES on a less formal announced agreement. Overall, the original 0.18 seems somewhat conservative but not wildly off."", ""final_probability"": 0.22, ""reasoning"": ""As of the forecast date, there is still a plausible path to a public announcement, but the bar is specific: France must announce an agreement, and it must be with a European country, before Dec. 16, 2025. France has discussed European deterrence cooperation, yet it has historically been cautious about explicit nuclear umbrella commitments. The short remaining window reduces the chance of a new, clearly announced agreement, but the wording does not necessarily require a ratified treaty—just an announcement. Balancing the political sensitivity against the possibility of a looser bilateral or multilateral deterrence arrangement, a modest probability around 22% is appropriate.""}}"
dev,self_critique,22385,"Will SpaceX's fourth Starship integrated flight test reach an altitude of at least 200 kilometers before May 20, 2024?","April 19, 2024",No,0,0.58,"Literal resolution favors YES if IFT-4 launches and reaches at least 200 km before May 20, 2024. By Apr. 19, SpaceX had demonstrated rapid iteration and the vehicle was capable of exceeding 200 km on a nominal suborbital test profile, so conditional on launch the altitude criterion is likely. However, the deadline is tight and launch timing was uncertain, with nontrivial risk of slip. Balancing high conditional success against schedule uncertainty yields a moderate probability rather than a strong one.",0.3364,ok,,2,"{""initial_forecast"": ""/Users/kenneth.cao/Desktop/Stat 390/AutoResearch_Prediction_Optimization/outputs/raw/dev/self_critique/22385/initial_forecast.json"", ""revision"": ""/Users/kenneth.cao/Desktop/Stat 390/AutoResearch_Prediction_Optimization/outputs/raw/dev/self_critique/22385/revision.json""}","{""initial_forecast"": {""probability"": 0.72, ""reasoning"": ""As of Apr. 19, 2024, Starship had already flown three integrated flight tests, with IFT-3 reaching a much higher altitude than the earlier tests and demonstrating substantial progress. The question is specifically about IFT-4 reaching at least 200 km before May 20, 2024. SpaceX had a strong cadence and the vehicle was designed for orbital-class trajectories, so 200 km is not a demanding altitude relative to the program’s goals. The main uncertainty is launch readiness and possible delays, but if IFT-4 occurs by the deadline, exceeding 200 km is likely.""}, ""revision"": {""critique"": ""The initial forecast is somewhat overconfident and may be misreading the resolution criteria. The question is not whether Starship can reach 200 km in general, but whether SpaceX's fourth integrated flight test specifically does so before May 20, 2024. As of Apr. 19, 2024, IFT-4 had not yet flown, and there was meaningful uncertainty about whether it would launch by the deadline, given the program’s history of delays and the need for regulatory/technical readiness. Also, the altitude threshold is easy relative to Starship’s intended profile, but the binding uncertainty is schedule, not performance. The initial 0.72 likely overweights technical capability and underweights launch timing risk."", ""final_probability"": 0.58, ""reasoning"": ""Literal resolution favors YES if IFT-4 launches and reaches at least 200 km before May 20, 2024. By Apr. 19, SpaceX had demonstrated rapid iteration and the vehicle was capable of exceeding 200 km on a nominal suborbital test profile, so conditional on launch the altitude criterion is likely. However, the deadline is tight and launch timing was uncertain, with nontrivial risk of slip. Balancing high conditional success against schedule uncertainty yields a moderate probability rather than a strong one.""}}"
dev,self_critique,20761,Will Ukraine control central Bakhmut at the end of 2024?,"January 21, 2024",No,0,0.11,"As of Jan. 21, 2024, Russia controlled Bakhmut and Ukraine was not close to holding the city center. For YES, Ukraine would need to control central Bakhmut on Dec. 31, 2024, which implies durable territorial control rather than a brief incursion. That is a difficult outcome, but not impossible over an 11-month horizon if the broader front changes materially. Given the entrenched Russian position and the high bar for literal control at year-end, the probability is low but not negligible.",0.0121,ok,,2,"{""initial_forecast"": ""/Users/kenneth.cao/Desktop/Stat 390/AutoResearch_Prediction_Optimization/outputs/raw/dev/self_critique/20761/initial_forecast.json"", ""revision"": ""/Users/kenneth.cao/Desktop/Stat 390/AutoResearch_Prediction_Optimization/outputs/raw/dev/self_critique/20761/revision.json""}","{""initial_forecast"": {""probability"": 0.08, ""reasoning"": ""As of Jan. 21, 2024, Bakhmut had been under Russian control for months, and Ukraine’s prospects of regaining and holding the city center by Dec. 31, 2024 looked low. Ukraine could potentially make local advances, but “control central Bakhmut” is a strong territorial claim requiring sustained presence at year-end. Given the entrenched Russian position and the broader front dynamics, a YES outcome seems unlikely.""}, ""revision"": {""critique"": ""The initial forecast is directionally reasonable but somewhat overconfident on the low side. The resolution criterion is literal and binary: Ukraine must control central Bakhmut at the end of 2024, not merely conduct raids, shell the area, or temporarily enter it. That makes YES hard, but not impossible, because the front could shift substantially over a year and Bakhmut is a symbolic objective that Ukraine might attempt to contest if conditions change. The forecast should also account for uncertainty in how ‘central Bakhmut’ would be judged if control is ambiguous or contested at year-end. Still, given Russia’s entrenched position as of the forecast date and the lack of evidence that Ukraine was close to retaking the city, the probability remains low. The main calibration adjustment is to avoid being too certain that the chance is near zero; a small but nontrivial tail risk should remain."", ""final_probability"": 0.11, ""reasoning"": ""As of Jan. 21, 2024, Russia controlled Bakhmut and Ukraine was not close to holding the city center. For YES, Ukraine would need to control central Bakhmut on Dec. 31, 2024, which implies durable territorial control rather than a brief incursion. That is a difficult outcome, but not impossible over an 11-month horizon if the broader front changes materially. Given the entrenched Russian position and the high bar for literal control at year-end, the probability is low but not negligible.""}}"
validation,self_critique,40207,"Will Secret of Secrets be the top of the New York Times Hardcover Fiction list for the week of November 2, 2025?","October 05, 2025",No,0,0.22,"I slightly raise the probability from 0.18 to 0.22 because a top-tier fiction release can plausibly hit #1 on a specific weekly NYT hardcover fiction list, especially if it is a major author or franchise title. Still, the resolution is very date-specific and depends on the exact week of November 2, 2025, not just eventual peak rank. Given the competitive nature of the list, the uncertainty around sales timing, and the lack of strong evidence in the prompt that Secret of Secrets is an overwhelming breakout, the chance remains well below 50%.",0.0484,ok,,2,"{""initial_forecast"": ""/Users/kenneth.cao/Desktop/Stat 390/AutoResearch_Prediction_Optimization/outputs/raw/validation/self_critique/40207/initial_forecast.json"", ""revision"": ""/Users/kenneth.cao/Desktop/Stat 390/AutoResearch_Prediction_Optimization/outputs/raw/validation/self_critique/40207/revision.json""}","{""initial_forecast"": {""probability"": 0.18, ""reasoning"": ""This asks whether \""Secret of Secrets\"" will be #1 on the NYT Hardcover Fiction list for the week of Nov. 2, 2025. As of the Oct. 5 forecast date, the book would need to sustain exceptional sales momentum against other major fall releases and hold the top spot on a highly competitive weekly list. Even strong bestsellers often debut high but are displaced quickly, and NYT rankings can be affected by retailer mix and list methodology. Without clear evidence that this title is an overwhelming breakout, the chance it is #1 for that specific week looks modest.""}, ""revision"": {""critique"": ""The initial forecast is directionally reasonable but a bit under-specified about the exact resolution target. The question is not whether Secret of Secrets ever reaches #1, but whether it is the top title on the New York Times Hardcover Fiction list for the week of November 2, 2025. That is a narrow, date-specific outcome, which lowers the probability relative to a generic bestseller question. The forecast also may be slightly overconfident in assuming a competitive fall slate without accounting for the possibility that Secret of Secrets is a major franchise/author release that could debut at #1 and hold for that week. On the other hand, the initial 0.18 may be somewhat low if the title has strong pre-release buzz or is by a proven blockbuster author, but absent that evidence, the main calibration issue is that the probability should reflect both the narrow weekly timing and the uncertainty around NYT methodology and competing releases."", ""final_probability"": 0.22, ""reasoning"": ""I slightly raise the probability from 0.18 to 0.22 because a top-tier fiction release can plausibly hit #1 on a specific weekly NYT hardcover fiction list, especially if it is a major author or franchise title. Still, the resolution is very date-specific and depends on the exact week of November 2, 2025, not just eventual peak rank. Given the competitive nature of the list, the uncertainty around sales timing, and the lack of strong evidence in the prompt that Secret of Secrets is an overwhelming breakout, the chance remains well below 50%.""}}"
validation,self_critique,40183,"Will North Korea conduct a nuclear test before December 16, 2025?","October 10, 2025",No,0,0.11,"As of Oct. 10, 2025, the base rate for a North Korean nuclear test over a roughly two-month window is low, but not negligible. North Korea has the capability, an established test site, and a history of surprise escalation. However, it has not conducted a nuclear test since 2017, and recent signaling has generally favored missile launches and political messaging over actual detonations. A test before Dec. 16, 2025 would require a deliberate decision to absorb major international backlash, and there is no strong public evidence of an imminent test. Given the short deadline and the possibility of limited warning, I assign a somewhat higher probability than the initial forecast, but still only around one in ten.",0.0121,ok,,2,"{""initial_forecast"": ""/Users/kenneth.cao/Desktop/Stat 390/AutoResearch_Prediction_Optimization/outputs/raw/validation/self_critique/40183/initial_forecast.json"", ""revision"": ""/Users/kenneth.cao/Desktop/Stat 390/AutoResearch_Prediction_Optimization/outputs/raw/validation/self_critique/40183/revision.json""}","{""initial_forecast"": {""probability"": 0.08, ""reasoning"": ""As of Oct. 10, 2025, North Korea has a long-standing nuclear test site and has previously conducted tests, but it has not tested since 2017. A test before Dec. 16, 2025 would require a deliberate political decision, likely risking additional sanctions and escalation, and there is no strong public indication that an imminent test is planned. North Korea more often signals capability through missile launches and rhetoric rather than actual nuclear detonations. The short remaining window makes a test possible but still unlikely.""}, ""revision"": {""critique"": ""The initial 8% estimate is directionally reasonable but may be a bit low given the event definition and North Korea’s historical behavior. The resolution criterion is literal: any nuclear detonation conducted by North Korea before Dec. 16, 2025 counts, regardless of yield, location, or whether it is framed as a weapons test versus another nuclear explosive test. The remaining window is short, which lowers probability, but North Korea has repeatedly shown willingness to take escalatory actions when it wants leverage. A key calibration issue is that the forecast should not assume the absence of public indications means low probability of action; North Korea could test with limited warning. Still, a nuclear test is a major step with diplomatic and military costs, and since 2017 North Korea has relied more on missile tests and rhetoric than detonations. Overall, the initial forecast is not overconfident, but it may underweight the possibility of a surprise test in a short horizon."", ""final_probability"": 0.11, ""reasoning"": ""As of Oct. 10, 2025, the base rate for a North Korean nuclear test over a roughly two-month window is low, but not negligible. North Korea has the capability, an established test site, and a history of surprise escalation. However, it has not conducted a nuclear test since 2017, and recent signaling has generally favored missile launches and political messaging over actual detonations. A test before Dec. 16, 2025 would require a deliberate decision to absorb major international backlash, and there is no strong public evidence of an imminent test. Given the short deadline and the possibility of limited warning, I assign a somewhat higher probability than the initial forecast, but still only around one in ten.""}}"
dev,self_critique,22914,"Before May 20, 2024, will it be announced that Minouche Shafik will no longer be President of Columbia University?","May 01, 2024",No,0,0.62,"By May 1, 2024, Columbia’s leadership was under intense public and internal pressure, making an announcement about Shafik’s departure plausible within the next few weeks. However, the resolution criterion is specifically about an announcement by May 20, and timing is the main uncertainty. Because the event is about an announcement rather than an actual exit, the probability is meaningfully above 50%, but the short deadline and institutional inertia keep it well below certainty. A revised estimate of 0.62 better balances the strong pressure signal with timing risk.",0.3844,ok,,2,"{""initial_forecast"": ""/Users/kenneth.cao/Desktop/Stat 390/AutoResearch_Prediction_Optimization/outputs/raw/dev/self_critique/22914/initial_forecast.json"", ""revision"": ""/Users/kenneth.cao/Desktop/Stat 390/AutoResearch_Prediction_Optimization/outputs/raw/dev/self_critique/22914/revision.json""}","{""initial_forecast"": {""probability"": 0.72, ""reasoning"": ""As of May 1, 2024, Columbia was under intense scrutiny over campus protests and leadership decisions, and Shafik had already faced significant pressure. The question resolves YES only if an announcement is made by May 20 that she will no longer be president, which is a fairly specific but plausible outcome given the escalating controversy. Still, such leadership changes often take longer than a few weeks, so this is more likely than not but not near-certain.""}, ""revision"": {""critique"": ""The initial forecast is directionally reasonable but somewhat overconfident. The key resolution detail is literal: the question asks whether it will be announced before May 20, 2024 that Shafik will no longer be president, not whether she actually leaves by then. That makes the event easier to satisfy than a completed departure, but still dependent on a specific announcement within a short window. On May 1, there was already substantial pressure on Columbia leadership, yet leadership removals at elite universities can be delayed by governance and board processes. The 0.72 probability may overstate how quickly such an announcement would occur; it should reflect both the high salience of the controversy and the uncertainty around timing. A modest downward adjustment is warranted."", ""final_probability"": 0.62, ""reasoning"": ""By May 1, 2024, Columbia’s leadership was under intense public and internal pressure, making an announcement about Shafik’s departure plausible within the next few weeks. However, the resolution criterion is specifically about an announcement by May 20, and timing is the main uncertainty. Because the event is about an announcement rather than an actual exit, the probability is meaningfully above 50%, but the short deadline and institutional inertia keep it well below certainty. A revised estimate of 0.62 better balances the strong pressure signal with timing risk.""}}"
dev,self_critique,41037,"Will the United States gain less than 100,000 new nonfarm jobs between December 2025 and February 2026?","January 22, 2026",Yes,1,0.24,"As of January 22, 2026, only January and February 2026 remain to determine the outcome. The resolution is YES if the cumulative increase in U.S. nonfarm payrolls from the December 2025 level to the February 2026 level is under 100,000. That is a fairly low bar over two months, but still requires either very weak job growth or a decline in one of the months. In a typical non-recession environment, two months of payroll gains often exceed 100k even if growth is slowing. However, the short horizon and the possibility of a soft labor market make YES materially plausible. A probability in the mid-20s better reflects that balance than the initial 18%.",0.5776,ok,,2,"{""initial_forecast"": ""/Users/kenneth.cao/Desktop/Stat 390/AutoResearch_Prediction_Optimization/outputs/raw/dev/self_critique/41037/initial_forecast.json"", ""revision"": ""/Users/kenneth.cao/Desktop/Stat 390/AutoResearch_Prediction_Optimization/outputs/raw/dev/self_critique/41037/revision.json""}","{""initial_forecast"": {""probability"": 0.18, ""reasoning"": ""The question is literal: it resolves YES only if the cumulative change in U.S. nonfarm payrolls from December 2025 to February 2026 is under 100,000. That requires either very weak January/February gains or outright declines. Recent U.S. payroll growth has generally been well above this threshold, and even with some slowing, two months of data usually sum to more than 100k unless the labor market is clearly deteriorating. With only January and February 2026 still ahead on the forecast date, there is meaningful recession/slowdown risk but the base rate still favors exceeding 100k.""}, ""revision"": {""critique"": ""The initial forecast is directionally reasonable but a bit underexplained on the resolution mechanics. The key issue is that the question asks whether the change in nonfarm payrolls between December 2025 and February 2026 is less than 100,000, which is effectively the net change over two monthly BLS payroll releases (December to February). That means the threshold is not especially high: even modest gains of 50k–75k per month would clear it, while a flat or weak labor market would resolve YES. The initial 18% may be somewhat low if one accounts for the fact that payroll growth has been slowing and that two months is a short window where one soft report plus one average report could easily keep the cumulative gain under 100k. At the same time, there is still substantial uncertainty because labor markets often remain resilient absent a clear recession, so the probability should not be pushed too high. The main calibration adjustment is to move slightly upward for the relatively low bar and the possibility of a soft patch, while avoiding overconfidence."", ""final_probability"": 0.24, ""reasoning"": ""As of January 22, 2026, only January and February 2026 remain to determine the outcome. The resolution is YES if the cumulative increase in U.S. nonfarm payrolls from the December 2025 level to the February 2026 level is under 100,000. That is a fairly low bar over two months, but still requires either very weak job growth or a decline in one of the months. In a typical non-recession environment, two months of payroll gains often exceed 100k even if growth is slowing. However, the short horizon and the possibility of a soft labor market make YES materially plausible. A probability in the mid-20s better reflects that balance than the initial 18%.""}}"
dev,self_critique,31123,Will Iran possess a nuclear weapon before 2026?,"February 01, 2025",No,0,0.24,"I estimate about a 24% chance of YES by the end of 2025. This reflects that Iran likely had the material and much of the infrastructure needed for a rapid covert weaponization effort as of the forecast date, but still faced major hurdles in turning that into an actual nuclear weapon and keeping it hidden or intact through 2025. Because the resolution is literal and does not require a test or public acknowledgment, the probability is meaningfully higher than the chance of an overt nuclear test, but still well below 50% due to technical, operational, and military-intervention risks.",0.0576,ok,,2,"{""initial_forecast"": ""/Users/kenneth.cao/Desktop/Stat 390/AutoResearch_Prediction_Optimization/outputs/raw/dev/self_critique/31123/initial_forecast.json"", ""revision"": ""/Users/kenneth.cao/Desktop/Stat 390/AutoResearch_Prediction_Optimization/outputs/raw/dev/self_critique/31123/revision.json""}","{""initial_forecast"": {""probability"": 0.18, ""reasoning"": ""As of Feb. 1, 2025, Iran had advanced enrichment capability and a large stockpile of highly enriched uranium, but there was no public evidence it had assembled, tested, or declared a nuclear weapon. The key uncertainty is whether it could covertly weaponize and obtain a deliverable device before the end of 2025. That is plausible but still constrained by technical, operational, and detection risks, plus potential Israeli/U.S. disruption. Literal resolution favors a higher bar than mere breakout capability, so I assign a modest probability.""}, ""revision"": {""critique"": ""The initial forecast is directionally reasonable but likely a bit underestimates the chance of a YES under a literal resolution. The main calibration issue is that the question asks whether Iran will 'possess a nuclear weapon' before 2026, not whether it will openly test, declare, or deploy one. That means a covertly assembled device, even if untested and not publicly acknowledged, could satisfy the criterion depending on tournament interpretation. By Feb. 1, 2025 Iran already had substantial enrichment capacity and enough highly enriched uranium to make a weapon if it chose to sprint, so the relevant uncertainty is less about fissile material and more about weaponization, integration, and avoiding disruption. Those steps are hard, but the timeline is long enough for a determined covert effort. The initial 18% may be too low given the combination of technical readiness and the possibility that 'possess' is met before any test or delivery capability. At the same time, the forecast should not jump too high because external strikes, intelligence detection, internal delays, and the possibility that Iran stops short of an actual assembled weapon all materially reduce the chance. Overall, the initial forecast is slightly conservative and should be nudged upward, but not dramatically."", ""final_probability"": 0.24, ""reasoning"": ""I estimate about a 24% chance of YES by the end of 2025. This reflects that Iran likely had the material and much of the infrastructure needed for a rapid covert weaponization effort as of the forecast date, but still faced major hurdles in turning that into an actual nuclear weapon and keeping it hidden or intact through 2025. Because the resolution is literal and does not require a test or public acknowledgment, the probability is meaningfully higher than the chance of an overt nuclear test, but still well below 50% due to technical, operational, and military-intervention risks.""}}"
validation,self_critique,41356,"Will any US electric utility announce a $5 billion capex increase, citing data center demand, between January 13 and March 12, 2026?","January 13, 2026",Yes,1,0.21,"I would lower the probability modestly. The base rate for a US electric utility to announce a discrete $5B capex increase in just two months is low, and the requirement that the announcement explicitly cite data center demand narrows it further. While data-center-driven load growth was a major theme by early 2026 and could plausibly prompt a large utility to revise spending upward, many utilities would instead discuss multi-year capital plans, broader load growth, or system upgrades without framing it as a $5B increase. The short window and literal resolution standard make YES possible but not likely.",0.6241000000000001,ok,,2,"{""initial_forecast"": ""/Users/kenneth.cao/Desktop/Stat 390/AutoResearch_Prediction_Optimization/outputs/raw/validation/self_critique/41356/initial_forecast.json"", ""revision"": ""/Users/kenneth.cao/Desktop/Stat 390/AutoResearch_Prediction_Optimization/outputs/raw/validation/self_critique/41356/revision.json""}","{""initial_forecast"": {""probability"": 0.27, ""reasoning"": ""The bar is specific: a US electric utility must publicly announce a $5B capex increase during the window, and the announcement must explicitly cite data center demand. By Jan. 2026, utilities had strong incentives to raise spending for load growth, but $5B is a very large step-up and not every utility would frame it as a discrete increase rather than a broader multi-year plan. The short 2-month window lowers the chance further, though ongoing AI/data-center load announcements make it plausible that at least one large utility could do so.""}, ""revision"": {""critique"": ""The initial forecast is directionally reasonable but a bit under-specified on the resolution mechanics. The key issue is that the event is not just any capex increase tied to load growth; it must be a public announcement by a US electric utility of a $5 billion increase, and the announcement must explicitly cite data center demand. That makes the threshold unusually high and the wording fairly strict. The initial 0.27 may be somewhat too high if it implicitly counts broader capex plan updates, incremental guidance changes, or non-utility entities. On the other hand, it may be slightly too low if one expects at least one large regulated utility to make a very large, headline-grabbing revision in response to accelerating AI/data-center demand during a period of intense utility load-growth announcements. Overall, the main calibration adjustment is downward because the combination of exact dollar threshold, explicit citation requirement, and short two-month window is restrictive."", ""final_probability"": 0.21, ""reasoning"": ""I would lower the probability modestly. The base rate for a US electric utility to announce a discrete $5B capex increase in just two months is low, and the requirement that the announcement explicitly cite data center demand narrows it further. While data-center-driven load growth was a major theme by early 2026 and could plausibly prompt a large utility to revise spending upward, many utilities would instead discuss multi-year capital plans, broader load growth, or system upgrades without framing it as a $5B increase. The short window and literal resolution standard make YES possible but not likely.""}}"
validation,self_critique,31324,Will mifepristone become significantly restricted or illegal to prescribe for abortions across the US before 2026?,"February 01, 2025",No,0,0.22,"A YES requires a nationwide, significant restriction or illegality for prescribing mifepristone for abortions before 2026. On Feb. 1, 2025, that would most plausibly come from FDA action, Congress, or a Supreme Court decision with nationwide effect. Each path was possible but difficult and time-constrained, and existing FDA approval plus likely judicial resistance made a rapid nationwide ban unlikely. State-level restrictions do not satisfy the wording. Given the high bar and short deadline, I estimate a modest probability of 0.22.",0.0484,ok,,2,"{""initial_forecast"": ""/Users/kenneth.cao/Desktop/Stat 390/AutoResearch_Prediction_Optimization/outputs/raw/validation/self_critique/31324/initial_forecast.json"", ""revision"": ""/Users/kenneth.cao/Desktop/Stat 390/AutoResearch_Prediction_Optimization/outputs/raw/validation/self_critique/31324/revision.json""}","{""initial_forecast"": {""probability"": 0.28, ""reasoning"": ""As of Feb. 1, 2025, mifepristone faced substantial legal and political risk, but a nationwide ban or major federal restriction by end-2025 still seemed more likely than not to be blocked or delayed by courts and FDA authority. The question requires it to become significantly restricted or illegal to prescribe for abortions across the US before 2026, which is a high bar: it would likely need a Supreme Court or federal regulatory change with nationwide effect. Given ongoing litigation, FDA’s existing approval, and the difficulty of imposing a nationwide prohibition quickly, I assign a moderate but sub-50% chance.""}, ""revision"": {""critique"": ""The initial forecast is directionally reasonable but a bit under-specified about the resolution criteria. The key issue is that the question is not asking whether access becomes harder in some states, or whether litigation continues, but whether mifepristone becomes significantly restricted or illegal to prescribe for abortions across the US before 2026. That implies a nationwide effect, likely via FDA action, a Supreme Court ruling, or federal legislation. As of Feb. 1, 2025, that outcome still faced major legal and procedural barriers, and the FDA’s existing approval plus the difficulty of obtaining a nationwide prohibition make a near-term nationwide ban unlikely. However, the original 0.28 may still be somewhat high if one weights the need for a broad nationwide change and the limited time window; it also slightly overstates the chance of a federal regulatory shift given political and judicial constraints. The forecast should remain below 0.30, but not extremely low because the issue was actively litigated and could plausibly be altered by court or administrative action."", ""final_probability"": 0.22, ""reasoning"": ""A YES requires a nationwide, significant restriction or illegality for prescribing mifepristone for abortions before 2026. On Feb. 1, 2025, that would most plausibly come from FDA action, Congress, or a Supreme Court decision with nationwide effect. Each path was possible but difficult and time-constrained, and existing FDA approval plus likely judicial resistance made a rapid nationwide ban unlikely. State-level restrictions do not satisfy the wording. Given the high bar and short deadline, I estimate a modest probability of 0.22.""}}"
validation,self_critique,40194,"Will the Cambodia-Thailand conflict result in ⩾20 deaths between October 1 and December 15, 2025?","October 09, 2025",Yes,1,0.22,"Using only information available by Oct. 9, 2025, the most likely outcome is still fewer than 20 deaths by Dec. 15. However, the conflict context means the tail risk is meaningful: a short, intense exchange could plausibly generate 20+ fatalities within the window. Because the threshold is cumulative deaths from Oct. 1 to Dec. 15 and not necessarily battlefield deaths alone, I assign a modestly higher probability than the initial estimate. A reasonable calibrated estimate is 22%.",0.6084,ok,,2,"{""initial_forecast"": ""/Users/kenneth.cao/Desktop/Stat 390/AutoResearch_Prediction_Optimization/outputs/raw/validation/self_critique/40194/initial_forecast.json"", ""revision"": ""/Users/kenneth.cao/Desktop/Stat 390/AutoResearch_Prediction_Optimization/outputs/raw/validation/self_critique/40194/revision.json""}","{""initial_forecast"": {""probability"": 0.18, ""reasoning"": ""As of the forecast date, the Cambodia-Thailand border conflict appears serious but still more likely to remain limited than to produce 20+ deaths within the Oct 1-Dec 15 window. The threshold is relatively high for a short period, and most prior flare-ups along this border have involved sporadic clashes, shelling, or localized incidents rather than sustained high-fatality fighting. However, escalation risk is non-trivial because both sides have military forces in proximity and nationalist pressures can amplify incidents, so a low-but-not-negligible probability is warranted.""}, ""revision"": {""critique"": ""The initial forecast is directionally reasonable but a bit under-specified on the resolution mechanics and slightly overconfident in the low-end estimate. The key issue is that the question is not about whether the conflict remains serious, but whether the Cambodia-Thailand conflict produces at least 20 deaths during a relatively short window (Oct 1-Dec 15, 2025). That threshold can be reached by a single sharp escalation, a border firefight, or deaths from artillery/airstrikes/secondary incidents, so the event is not as rare as a simple reading of 'limited conflict' might imply. At the same time, the forecast should not overreact to the existence of a conflict: most border disputes do not cross 20 deaths in under three months, and the deadline is fixed, which limits tail risk. The main calibration adjustment is to slightly raise the probability to reflect the non-trivial chance of a sudden escalation while still keeping it clearly below 50%."", ""final_probability"": 0.22, ""reasoning"": ""Using only information available by Oct. 9, 2025, the most likely outcome is still fewer than 20 deaths by Dec. 15. However, the conflict context means the tail risk is meaningful: a short, intense exchange could plausibly generate 20+ fatalities within the window. Because the threshold is cumulative deaths from Oct. 1 to Dec. 15 and not necessarily battlefield deaths alone, I assign a modestly higher probability than the initial estimate. A reasonable calibrated estimate is 22%.""}}"
dev,self_critique,22382,"Will Joe Biden issue his 11th veto before May 17, 2024?","April 19, 2024",Yes,1,0.08,"Biden’s vetoes were still uncommon by Apr. 19, 2024, and the deadline was less than a month away, so the event remains unlikely. However, the initial 3% may be too low because the question is about the 11th veto specifically, and if he were already near that threshold, only one veto would be needed. Without strong evidence of an imminent veto, a modest upward adjustment is appropriate, but the probability should still stay in the low single digits to around 10%.",0.8464,ok,,2,"{""initial_forecast"": ""/Users/kenneth.cao/Desktop/Stat 390/AutoResearch_Prediction_Optimization/outputs/raw/dev/self_critique/22382/initial_forecast.json"", ""revision"": ""/Users/kenneth.cao/Desktop/Stat 390/AutoResearch_Prediction_Optimization/outputs/raw/dev/self_critique/22382/revision.json""}","{""initial_forecast"": {""probability"": 0.03, ""reasoning"": ""As of Apr. 19, 2024 Biden had issued only a small number of vetoes in his presidency, far short of 11. Reaching an 11th veto within less than a month would require an unusually rapid burst of vetoes, which is very unlikely absent a major legislative confrontation. The deadline is tight and there was no clear indication of enough imminent bills to veto.""}, ""revision"": {""critique"": ""The initial forecast is directionally reasonable but likely underestimates the chance of a YES by treating the event as requiring an unusually rapid burst of vetoes. The literal resolution criterion is simply whether Biden issues his 11th veto before May 17, 2024, not whether he reaches 11 vetoes from a low baseline in a short period. If he was already at 10 vetoes by Apr. 19, then only one additional veto is needed, and the probability would be much higher than 3%. The key calibration issue is uncertainty about his veto count as of the forecast date and the possibility of a single veto occurring within the deadline. The forecast should reflect that while still remaining low because presidential vetoes are rare and the window is short."", ""final_probability"": 0.08, ""reasoning"": ""Biden’s vetoes were still uncommon by Apr. 19, 2024, and the deadline was less than a month away, so the event remains unlikely. However, the initial 3% may be too low because the question is about the 11th veto specifically, and if he were already near that threshold, only one veto would be needed. Without strong evidence of an imminent veto, a modest upward adjustment is appropriate, but the probability should still stay in the low single digits to around 10%.""}}"
dev,self_critique,40195,"Will South Korea sign arms export deals worth >$5bn with any country between October 1 and December 15, 2025?","October 10, 2025",No,0,0.31,"I would lower the probability because the resolution is strict on both timing and deal size. A >$5bn signed export deal with a single country in just over two months is possible but uncommon, and many headline defense agreements do not cleanly qualify as signed export deals by the deadline. South Korea is a credible large-scale exporter, so the chance is meaningful, but the short window and ambiguity around what counts as a signed deal make a sub-50% estimate more appropriate. 0.31 reflects moderate plausibility without overstating the likelihood.",0.0961,ok,,2,"{""initial_forecast"": ""/Users/kenneth.cao/Desktop/Stat 390/AutoResearch_Prediction_Optimization/outputs/raw/dev/self_critique/40195/initial_forecast.json"", ""revision"": ""/Users/kenneth.cao/Desktop/Stat 390/AutoResearch_Prediction_Optimization/outputs/raw/dev/self_critique/40195/revision.json""}","{""initial_forecast"": {""probability"": 0.42, ""reasoning"": ""South Korea has been a major arms exporter and has recently pursued large-scale deals, especially in Europe and the Middle East, so a >$5bn agreement within a 2.5-month window is plausible. However, the resolution is strict: it must be a signed export deal worth over $5bn with any single country between Oct 1 and Dec 15, 2025. Such deals are relatively rare, often involve long negotiations, and may be announced as frameworks or MOUs rather than binding export contracts. The short deadline lowers the chance materially, so I put this below even odds but still substantial.""}, ""revision"": {""critique"": ""The initial forecast is directionally reasonable but a bit too optimistic given the literal resolution criteria. The key issue is that the question requires South Korea to sign arms export deals worth more than $5bn with any single country specifically between Oct 1 and Dec 15, 2025. That is a narrow 2.5-month window, and large defense export deals often slip, get announced as MOUs/frameworks, or are signed in tranches rather than as one clearly qualifying contract. The forecast also implicitly treats recent export momentum as if it translates smoothly into a qualifying signed deal within the deadline, which is a common calibration error. On the other hand, South Korea has demonstrated capacity to close very large deals, so the probability should not be tiny. Overall, the initial 0.42 seems somewhat high for the strict timing and contract-definition risk."", ""final_probability"": 0.31, ""reasoning"": ""I would lower the probability because the resolution is strict on both timing and deal size. A >$5bn signed export deal with a single country in just over two months is possible but uncommon, and many headline defense agreements do not cleanly qualify as signed export deals by the deadline. South Korea is a credible large-scale exporter, so the chance is meaningful, but the short window and ambiguity around what counts as a signed deal make a sub-50% estimate more appropriate. 0.31 reflects moderate plausibility without overstating the likelihood.""}}"
dev,self_critique,31296,Will at least twice as many deportations by U.S. ICE occur in Fiscal Year 2025 compared with Fiscal Year 2024?,"February 01, 2025",No,0,0.22,"A YES requires FY2025 ICE deportations to be at least 2x FY2024. Based on pre-Feb. 2025 information, that is a large jump from recent levels and would require sustained, unusually high enforcement throughput for many months. Policy changes could increase deportations in FY2025, but achieving a full doubling is still unlikely. I therefore raise the estimate modestly from 0.18 to 0.22 to reflect remaining uncertainty about the FY2024 baseline and the possibility of stronger enforcement in the second half of FY2025.",0.0484,ok,,2,"{""initial_forecast"": ""/Users/kenneth.cao/Desktop/Stat 390/AutoResearch_Prediction_Optimization/outputs/raw/dev/self_critique/31296/initial_forecast.json"", ""revision"": ""/Users/kenneth.cao/Desktop/Stat 390/AutoResearch_Prediction_Optimization/outputs/raw/dev/self_critique/31296/revision.json""}","{""initial_forecast"": {""probability"": 0.18, ""reasoning"": ""FY2024 ICE deportations were roughly in the low- to mid-200k range, so a YES requires something like 400k+ deportations in FY2025. As of Feb. 1, 2025, that would require an exceptionally large acceleration in removals over the remaining months, far above recent ICE capacity and historical levels. Policy changes could raise deportations, but doubling within one fiscal year is a very high bar, especially given operational, legal, and logistical constraints.""}, ""revision"": {""critique"": ""The initial forecast is directionally reasonable but somewhat overconfident on the downside. It assumes FY2024 deportations were in the low-to-mid 200k range and that FY2025 would need 400k+ removals, but the exact baseline matters a lot: if FY2024 was closer to ~300k, the threshold is nearer ~600k, making YES much less likely; if FY2024 was lower, the bar is easier. The forecast also treats ICE capacity as the main constraint, but the resolution is literal and may include broader deportations/removals counted by ICE, which could be affected by policy shifts, expedited removals, and border enforcement changes during FY2025. As of Feb. 1, 2025, there is still substantial time left in the fiscal year, and a new administration could plausibly increase removals materially, so the probability should not be pushed too low. Still, doubling FY2024 remains a very high hurdle, and the initial 0.18 may be slightly too pessimistic but not wildly off."", ""final_probability"": 0.22, ""reasoning"": ""A YES requires FY2025 ICE deportations to be at least 2x FY2024. Based on pre-Feb. 2025 information, that is a large jump from recent levels and would require sustained, unusually high enforcement throughput for many months. Policy changes could increase deportations in FY2025, but achieving a full doubling is still unlikely. I therefore raise the estimate modestly from 0.18 to 0.22 to reflect remaining uncertainty about the FY2024 baseline and the possibility of stronger enforcement in the second half of FY2025.""}}"
validation,self_critique,20783,Will Ali Khamenei cease to be supreme leader of Iran in 2024?,"January 21, 2024",No,0,0.11,"By Jan. 21, 2024, Khamenei was very old but still firmly in control, and there was no clear public evidence of imminent succession. The most likely YES pathway is death or severe incapacity during 2024, with a smaller chance of forced removal or voluntary resignation. Because the question is about any cessation during the calendar year, the probability should be somewhat higher than a pure ‘imminent transition’ estimate, but still low given the office’s stability and the regime’s incentives to avoid change. A revised estimate of 11% reflects meaningful mortality risk without assuming any strong signal of near-term transition.",0.0121,ok,,2,"{""initial_forecast"": ""/Users/kenneth.cao/Desktop/Stat 390/AutoResearch_Prediction_Optimization/outputs/raw/validation/self_critique/20783/initial_forecast.json"", ""revision"": ""/Users/kenneth.cao/Desktop/Stat 390/AutoResearch_Prediction_Optimization/outputs/raw/validation/self_critique/20783/revision.json""}","{""initial_forecast"": {""probability"": 0.08, ""reasoning"": ""As of Jan. 21, 2024, Khamenei was 84 and had been supreme leader since 1989, but there was no public indication of imminent removal, resignation, or death. The office is highly stable and succession is tightly controlled, so the main ways this resolves YES are death or an unexpected political transition within 2024. Those are plausible but still relatively unlikely over a one-year horizon.""}, ""revision"": {""critique"": ""The initial 8% looks directionally reasonable but may be a bit low if interpreted literally over the full 2024 calendar year. The resolution criterion is simply whether Khamenei ceases to be supreme leader at any point in 2024, which includes death, resignation, incapacitation leading to replacement, or removal. Given his age (84 at the forecast date), the annual mortality risk is nontrivial, and the office is highly personalized with succession uncertainty. On the other hand, the regime’s stability and the lack of any public sign of imminent transition argue against a high probability. The main calibration issue is that the forecast should not overweight the absence of visible transition signals; most YES outcomes would come from an unpredictable death or sudden health event, not from observable political process."", ""final_probability"": 0.11, ""reasoning"": ""By Jan. 21, 2024, Khamenei was very old but still firmly in control, and there was no clear public evidence of imminent succession. The most likely YES pathway is death or severe incapacity during 2024, with a smaller chance of forced removal or voluntary resignation. Because the question is about any cessation during the calendar year, the probability should be somewhat higher than a pure ‘imminent transition’ estimate, but still low given the office’s stability and the regime’s incentives to avoid change. A revised estimate of 11% reflects meaningful mortality risk without assuming any strong signal of near-term transition.""}}"
dev,self_critique,40216,Will the upper bound of the federal funds rate be 4.00% or higher at the December 2025 FOMC meeting?,"October 10, 2025",No,0,0.22,"As of the forecast date, the December 2025 FOMC meeting was still two meetings away, and the question resolves strictly on whether the announced upper bound of the target range is at least 4.00%. Since the upper bound was already below 4.00% by then, a YES requires a hike of at least 25 bp before or at the December meeting. That is possible, but absent strong evidence of imminent tightening, the base rate for the Fed moving up in such a short window is modest. The most likely outcomes are either no change or further easing, both of which would keep the upper bound below 4.00%. I therefore raise the probability slightly from the initial estimate to reflect some tail risk of a hike, but keep it well below even odds.",0.0484,ok,,2,"{""initial_forecast"": ""/Users/kenneth.cao/Desktop/Stat 390/AutoResearch_Prediction_Optimization/outputs/raw/dev/self_critique/40216/initial_forecast.json"", ""revision"": ""/Users/kenneth.cao/Desktop/Stat 390/AutoResearch_Prediction_Optimization/outputs/raw/dev/self_critique/40216/revision.json""}","{""initial_forecast"": {""probability"": 0.18, ""reasoning"": ""As of Oct. 10, 2025, the Fed had already cut rates from the 2024 peak, and the December 2025 meeting would need the upper bound to be at least 4.00% for YES. That would require either no further easing from a level below 4.00% or a hike before December. Market expectations at that point generally implied additional easing or at least no strong expectation of a hike, making 4.00%+ possible but not the base case. The literal resolution is the target range upper bound announced at the December 2025 FOMC meeting.""}, ""revision"": {""critique"": ""The initial forecast is directionally reasonable but a bit under-specified on the resolution mechanics. The key issue is that the question resolves based on the upper bound announced at the December 2025 FOMC meeting, not on the effective rate, market pricing, or where the Fed had been earlier in the year. That means the relevant state variable is the target range upper bound at that specific meeting. The forecast should also account for the fact that by Oct. 10, 2025 the upper bound was already below 4.00%, so a YES requires at least one 25 bp hike before or at the December meeting, or an unexpected shift to a higher range. Given the Fed’s usual inertia and the absence of strong evidence that a hike was the modal outcome, YES should remain a minority outcome. However, 0.18 may be slightly too low if markets or incoming data were leaving meaningful tail risk of renewed tightening or if the Fed was near a policy pivot point. The main calibration adjustment is to keep YES clearly below 50% while allowing for nontrivial hike risk."", ""final_probability"": 0.22, ""reasoning"": ""As of the forecast date, the December 2025 FOMC meeting was still two meetings away, and the question resolves strictly on whether the announced upper bound of the target range is at least 4.00%. Since the upper bound was already below 4.00% by then, a YES requires a hike of at least 25 bp before or at the December meeting. That is possible, but absent strong evidence of imminent tightening, the base rate for the Fed moving up in such a short window is modest. The most likely outcomes are either no change or further easing, both of which would keep the upper bound below 4.00%. I therefore raise the probability slightly from the initial estimate to reflect some tail risk of a hike, but keep it well below even odds.""}}"
validation,self_critique,41699,Will U.S. consumer sentiment in March 2026 be higher than in February 2026?,"February 04, 2026",No,0,0.53,"Literal resolution: YES if the relevant U.S. consumer sentiment index for March 2026 is higher than its February 2026 reading, as published by the standard source. As of Feb. 4, 2026, there is no strong basis to expect a large directional move. Consumer sentiment is volatile and often mean-reverts month to month, so the base rate is close to 50/50. I keep a slight tilt toward improvement because sentiment can rebound from weak winter readings and because there is no obvious shock implied by the prompt, but the edge is modest.",0.28090000000000004,ok,,2,"{""initial_forecast"": ""/Users/kenneth.cao/Desktop/Stat 390/AutoResearch_Prediction_Optimization/outputs/raw/validation/self_critique/41699/initial_forecast.json"", ""revision"": ""/Users/kenneth.cao/Desktop/Stat 390/AutoResearch_Prediction_Optimization/outputs/raw/validation/self_critique/41699/revision.json""}","{""initial_forecast"": {""probability"": 0.56, ""reasoning"": ""The question likely refers to a standard monthly consumer sentiment index (e.g., University of Michigan or Conference Board) comparing March 2026 vs February 2026. Month-to-month sentiment is noisy and often moves with inflation, labor-market, and policy expectations. As of the forecast date, there is no strong reason to expect a clear directional break; modest improvement is slightly more likely than decline because sentiment often rebounds after weak winter readings and can benefit from stable employment conditions. But the uncertainty is high, so this is only a mild lean toward YES.""}, ""revision"": {""critique"": ""The initial forecast is directionally reasonable but somewhat under-specified about the resolution criteria. \""U.S. consumer sentiment\"" could refer to a specific monthly series (most likely University of Michigan or Conference Board), and the outcome depends on the exact published March value versus February value, not on expectations or intra-month trends. The forecast also leans slightly toward YES without strong evidence, which may be a bit overconfident given that month-to-month sentiment changes are noisy and often reverse. Since the question is about March 2026 relative to February 2026, and the forecast date is early February 2026, there is limited information beyond general macro conditions. A near-even probability with a small tilt either way is more calibrated."", ""final_probability"": 0.53, ""reasoning"": ""Literal resolution: YES if the relevant U.S. consumer sentiment index for March 2026 is higher than its February 2026 reading, as published by the standard source. As of Feb. 4, 2026, there is no strong basis to expect a large directional move. Consumer sentiment is volatile and often mean-reverts month to month, so the base rate is close to 50/50. I keep a slight tilt toward improvement because sentiment can rebound from weak winter readings and because there is no obvious shock implied by the prompt, but the edge is modest.""}}"
validation,self_critique,40215,Will the upper bound of the federal funds rate be 4.00% or lower at the October 2025 FOMC meeting?,"October 06, 2025",Yes,1,0.74,"As of Oct. 6, 2025, the upper bound was 4.25% after the September meeting. For YES, the October FOMC must set the upper bound at 4.00% or below. A 25 bp cut to 4.00% is plausible and likely given the recent easing cycle, but not guaranteed. The main NO case is a pause at 4.25%, and there is also some chance the committee could cut by less than expected only if the meeting mechanics or policy stance differ, though for this threshold question any move to 4.00% or below counts YES. Balancing the likelihood of another cut against the nontrivial chance of holding steady, a probability in the mid-70s is more calibrated than the original 86%.",0.06760000000000001,ok,,2,"{""initial_forecast"": ""/Users/kenneth.cao/Desktop/Stat 390/AutoResearch_Prediction_Optimization/outputs/raw/validation/self_critique/40215/initial_forecast.json"", ""revision"": ""/Users/kenneth.cao/Desktop/Stat 390/AutoResearch_Prediction_Optimization/outputs/raw/validation/self_critique/40215/revision.json""}","{""initial_forecast"": {""probability"": 0.86, ""reasoning"": ""As of the forecast date (Oct. 6, 2025), the Fed had already cut rates in 2025 and the upper bound was at 4.25% after the September meeting. For this question to resolve YES, the October 2025 FOMC would need to set the upper bound at 4.00% or below. Given the recent easing cycle, the most likely move is another 25 bp cut to 4.00%, with a smaller chance of a larger cut or no cut. Because the question is literal and only requires the upper bound at the October meeting to be 4.00% or lower, the probability is high but not certain.""}, ""revision"": {""critique"": ""The initial forecast is directionally reasonable but somewhat overconfident. It assumes the October 2025 FOMC is likely to deliver at least a 25 bp cut, yet the resolution depends on the exact upper bound set at that meeting, not on the broader easing trend. A no-change outcome would resolve NO, and a smaller-than-expected probability of a pause or a more cautious cut should be reflected. The forecast also implicitly treats 4.00% as the modal outcome, but without certainty about the Fed’s reaction to incoming data and the possibility of holding at 4.25%, 0.86 is a bit high. The literal resolution criterion is straightforward: YES only if the post-meeting upper bound is 4.00% or lower, so the estimate should account for the chance of a pause or a less dovish decision."", ""final_probability"": 0.74, ""reasoning"": ""As of Oct. 6, 2025, the upper bound was 4.25% after the September meeting. For YES, the October FOMC must set the upper bound at 4.00% or below. A 25 bp cut to 4.00% is plausible and likely given the recent easing cycle, but not guaranteed. The main NO case is a pause at 4.25%, and there is also some chance the committee could cut by less than expected only if the meeting mechanics or policy stance differ, though for this threshold question any move to 4.00% or below counts YES. Balancing the likelihood of another cut against the nontrivial chance of holding steady, a probability in the mid-70s is more calibrated than the original 86%.""}}"
dev,self_critique,20757,Will the 2024 light duty electric vehicle sales share exceed 11% in the US through November 2024?,"January 21, 2024",No,0,0.56,"As of Jan. 21, 2024, US light-duty EV share had been rising and was plausibly near the threshold, so a YES outcome is somewhat more likely than not. But exceeding 11% through November requires sustained performance across most of 2024, not just a strong year-end finish, and the margin above the threshold is not large. Given the balance of adoption tailwinds and demand/affordability headwinds, I’d trim the initial estimate modestly to the mid-50s.",0.31360000000000005,ok,,2,"{""initial_forecast"": ""/Users/kenneth.cao/Desktop/Stat 390/AutoResearch_Prediction_Optimization/outputs/raw/dev/self_critique/20757/initial_forecast.json"", ""revision"": ""/Users/kenneth.cao/Desktop/Stat 390/AutoResearch_Prediction_Optimization/outputs/raw/dev/self_critique/20757/revision.json""}","{""initial_forecast"": {""probability"": 0.62, ""reasoning"": ""By Jan. 2024, US light-duty EV sales share had already risen into the high single digits and was trending upward, supported by more models, incentives, and improving charging availability. Hitting >11% for Jan-Nov 2024 requires only a modest further increase from the prior year’s pace, and seasonal strength plus continued EV adoption make it somewhat more likely than not. Still, the threshold is not trivial because growth could be constrained by pricing, charging concerns, and demand normalization, so I’d put it in the low-60s rather than near-certain.""}, ""revision"": {""critique"": ""The initial forecast is directionally reasonable but a bit overconfident. The key resolution detail is not full-year 2024 sales share, but the share through November 2024, which slightly reduces the chance of a late-year boost helping the metric. Also, \""light duty electric vehicle sales share\"" can be sensitive to how hybrids/PHEVs are counted in the underlying source, and the question’s threshold (>11%) is close enough to recent levels that small demand swings, inventory, incentives, or macro conditions could matter materially. The forecast leans on continued growth, but it may underweight headwinds such as high interest rates, EV price competition, and uneven consumer demand, all of which could keep share near but below 11%."", ""final_probability"": 0.56, ""reasoning"": ""As of Jan. 21, 2024, US light-duty EV share had been rising and was plausibly near the threshold, so a YES outcome is somewhat more likely than not. But exceeding 11% through November requires sustained performance across most of 2024, not just a strong year-end finish, and the margin above the threshold is not large. Given the balance of adoption tailwinds and demand/affordability headwinds, I’d trim the initial estimate modestly to the mid-50s.""}}"
dev,self_critique,20786,Will Donald Trump be convicted of a felony before the 2024 presidential election?,"January 21, 2024",Yes,1,0.24,"By Jan. 21, 2024, the most plausible path to a felony conviction before the election was the New York hush-money trial. A verdict there would count if entered before Election Day, regardless of later appeals. Other federal and state cases were much less likely to conclude in time. The key uncertainty was whether the trial would proceed on schedule and whether the jury would convict. Given that at least one major felony case had a realistic chance of finishing before November, but conviction was far from assured, a probability in the mid-20s seems appropriate.",0.5776,ok,,2,"{""initial_forecast"": ""/Users/kenneth.cao/Desktop/Stat 390/AutoResearch_Prediction_Optimization/outputs/raw/dev/self_critique/20786/initial_forecast.json"", ""revision"": ""/Users/kenneth.cao/Desktop/Stat 390/AutoResearch_Prediction_Optimization/outputs/raw/dev/self_critique/20786/revision.json""}","{""initial_forecast"": {""probability"": 0.18, ""reasoning"": ""As of Jan. 21, 2024, Trump faced multiple felony cases, but a conviction before the Nov. 2024 election required at least one trial to reach verdict and survive any immediate procedural delays. The New York hush-money case was the most likely to finish first, yet timing was uncertain and other major cases were unlikely to conclude by then. A conviction was plausible but far from likely by the deadline.""}, ""revision"": {""critique"": ""The initial forecast is directionally reasonable but a bit under-specified on the literal resolution criteria. The question asks whether Trump will be convicted of a felony before the 2024 presidential election, which means any felony conviction entered by the deadline counts, not necessarily a final conviction after appeals. That slightly increases the chance relative to a stricter reading. The main driver is the New York hush-money case, which was the only realistic case likely to reach verdict before November 2024. However, there was still meaningful uncertainty about trial timing, delays, and whether a jury would convict. The 0.18 estimate may be somewhat low given that one major case was on track for spring 2024, but it is not wildly miscalibrated."", ""final_probability"": 0.24, ""reasoning"": ""By Jan. 21, 2024, the most plausible path to a felony conviction before the election was the New York hush-money trial. A verdict there would count if entered before Election Day, regardless of later appeals. Other federal and state cases were much less likely to conclude in time. The key uncertainty was whether the trial would proceed on schedule and whether the jury would convict. Given that at least one major felony case had a realistic chance of finishing before November, but conviction was far from assured, a probability in the mid-20s seems appropriate.""}}"
dev,self_critique,20774,"Will there be a US government shutdown before January 1, 2025?","January 21, 2024",No,0,0.58,"As of Jan. 21, 2024, the US faced multiple appropriations deadlines in 2024 and a polarized Congress, which makes at least one shutdown plausible. But the literal resolution requires an actual lapse in appropriations before Jan. 1, 2025, and recent history suggested repeated last-minute deals and continuing resolutions rather than an inevitable shutdown. Balancing elevated political risk against the substantial chance of avoidance, a probability around 0.58 seems more calibrated than 0.72.",0.3364,ok,,2,"{""initial_forecast"": ""/Users/kenneth.cao/Desktop/Stat 390/AutoResearch_Prediction_Optimization/outputs/raw/dev/self_critique/20774/initial_forecast.json"", ""revision"": ""/Users/kenneth.cao/Desktop/Stat 390/AutoResearch_Prediction_Optimization/outputs/raw/dev/self_critique/20774/revision.json""}","{""initial_forecast"": {""probability"": 0.72, ""reasoning"": ""As of Jan 21, 2024, the US had already experienced repeated near-shutdowns and short-term continuing resolutions, with funding deadlines recurring through 2024. A shutdown before Jan 1, 2025 would require at least one lapse in appropriations at some point during the year, which seems fairly likely given the polarized Congress and multiple budget deadlines. However, shutdowns are often averted at the last minute, so this is not near-certain.""}, ""revision"": {""critique"": ""The initial forecast is directionally reasonable but somewhat overconfident. It treats the question as if any funding deadline in 2024 makes a shutdown likely, but the resolution criterion is literal: there must actually be a lapse in appropriations before Jan 1, 2025. In early 2024, the most salient evidence was that Congress had repeatedly avoided shutdowns via short-term continuing resolutions, which cuts both ways: it shows recurring risk, but also a strong pattern of last-minute avoidance. The 0.72 probability seems high given that many shutdown threats do not resolve YES, and the deadline is a full year away with multiple opportunities for averted crises. A more calibrated estimate should still be above 50% because the political environment was unstable and there were several funding cliffs, but lower than 0.72 to reflect the historical tendency to kick the can and the fact that a shutdown requires an actual lapse, not just brinkmanship."", ""final_probability"": 0.58, ""reasoning"": ""As of Jan. 21, 2024, the US faced multiple appropriations deadlines in 2024 and a polarized Congress, which makes at least one shutdown plausible. But the literal resolution requires an actual lapse in appropriations before Jan. 1, 2025, and recent history suggested repeated last-minute deals and continuing resolutions rather than an inevitable shutdown. Balancing elevated political risk against the substantial chance of avoidance, a probability around 0.58 seems more calibrated than 0.72.""}}"
validation,self_critique,20720,Will annual US core CPI inflation be above 3% in December 2024?,"January 21, 2024",Yes,1,0.46,"As of the forecast date, core CPI was still above 3% year-over-year, but the trend had been easing. For the December 2024 reading to be above 3%, inflation would need to remain sticky enough over the rest of the year to avoid drifting below that threshold. Because the cutoff is close to current levels and services inflation can be persistent, YES is somewhat plausible. But the broader disinflation trend and restrictive monetary policy make a sub-3% December reading slightly more likely than not. A probability in the mid-40s seems calibrated.",0.2916,ok,,2,"{""initial_forecast"": ""/Users/kenneth.cao/Desktop/Stat 390/AutoResearch_Prediction_Optimization/outputs/raw/validation/self_critique/20720/initial_forecast.json"", ""revision"": ""/Users/kenneth.cao/Desktop/Stat 390/AutoResearch_Prediction_Optimization/outputs/raw/validation/self_critique/20720/revision.json""}","{""initial_forecast"": {""probability"": 0.42, ""reasoning"": ""As of Jan. 21, 2024, US core CPI inflation was still running above 3% year-over-year, but it had been trending down from 2022 peaks and monthly core inflation had moderated. To resolve YES, December 2024 core CPI must still be above 3% YoY, which requires either persistent monthly inflation or a re-acceleration over most of 2024. Given the Fed’s restrictive stance and easing goods inflation, that seems somewhat less likely than not, but still plausible because services inflation can be sticky and the threshold is only slightly above 3%.""}, ""revision"": {""critique"": ""The initial forecast is directionally reasonable but a bit underexplained on the literal resolution criterion. The question resolves YES if the December 2024 year-over-year core CPI reading is above 3.0%, not if inflation is merely near 3% or above it at some point during the year. That means the relevant benchmark is the December 2023 base and the cumulative monthly path through 2024. The forecast should account for the fact that core CPI had already fallen materially from its 2022 peak and that getting back above 3% by December 2024 would require either sticky services inflation or a reacceleration across several months. At the same time, the initial 0.42 may be slightly too low because core inflation in early 2024 was still elevated and the threshold is only modestly above 3%, so a small amount of persistence could keep the December print above the cutoff. Overall, the main calibration issue is modest underweighting of persistence/stickiness while correctly recognizing the downward trend."", ""final_probability"": 0.46, ""reasoning"": ""As of the forecast date, core CPI was still above 3% year-over-year, but the trend had been easing. For the December 2024 reading to be above 3%, inflation would need to remain sticky enough over the rest of the year to avoid drifting below that threshold. Because the cutoff is close to current levels and services inflation can be persistent, YES is somewhat plausible. But the broader disinflation trend and restrictive monetary policy make a sub-3% December reading slightly more likely than not. A probability in the mid-40s seems calibrated.""}}"
validation,self_critique,31045,Will Jerome Powell cease to hold the office of Chair of the Federal Reserve before 2026?,"February 01, 2025",No,0,0.21,"As of Feb. 1, 2025, Powell was expected to remain Chair through the end of 2025 because his Chair term ran until May 2026. A YES requires him to stop being Chair before Jan. 1, 2026, via resignation, removal, death, incapacity, or another early transition. Historically, Fed Chairs usually complete their terms, and there was no strong public signal of imminent departure by the forecast date. But the window is not tiny, and political or personal contingencies create some nontrivial tail risk. A modest upward adjustment from the initial 0.18 to 0.21 better reflects that risk while keeping the event clearly unlikely.",0.04409999999999999,ok,,2,"{""initial_forecast"": ""/Users/kenneth.cao/Desktop/Stat 390/AutoResearch_Prediction_Optimization/outputs/raw/validation/self_critique/31045/initial_forecast.json"", ""revision"": ""/Users/kenneth.cao/Desktop/Stat 390/AutoResearch_Prediction_Optimization/outputs/raw/validation/self_critique/31045/revision.json""}","{""initial_forecast"": {""probability"": 0.18, ""reasoning"": ""As of Feb. 1, 2025, Powell’s Fed Chair term was scheduled to run until May 2026, so the default expectation is that he remains in office through 2025. A YES requires resignation, removal, death, or some other early departure before Jan. 1, 2026. Historically, Fed Chairs usually serve their terms, and there was no strong public indication of imminent departure by the forecast date. The main upside risk is political pressure or an unexpected resignation, but that seems limited within the 2025 window.""}, ""revision"": {""critique"": ""The initial forecast is directionally reasonable but slightly underexplains the resolution mechanics. The question asks whether Powell will cease to hold the office of Chair before 2026, which means any departure at any point before Jan. 1, 2026 counts YES, regardless of whether his underlying Fed Board term continues. The forecast should also note that Powell’s Chair term was set to expire in May 2026, so absent an unusual event the default is NO. However, the estimate may be a bit too low if it implicitly treats only resignation as plausible; other paths include removal, death, incapacity, or a decision not to continue in the role if a successor is appointed early. Still, those are all low-probability within the 11-month window. Overall, the main calibration issue is modest underweighting of tail risk rather than major error."", ""final_probability"": 0.21, ""reasoning"": ""As of Feb. 1, 2025, Powell was expected to remain Chair through the end of 2025 because his Chair term ran until May 2026. A YES requires him to stop being Chair before Jan. 1, 2026, via resignation, removal, death, incapacity, or another early transition. Historically, Fed Chairs usually complete their terms, and there was no strong public signal of imminent departure by the forecast date. But the window is not tiny, and political or personal contingencies create some nontrivial tail risk. A modest upward adjustment from the initial 0.18 to 0.21 better reflects that risk while keeping the event clearly unlikely.""}}"
dev,self_critique,31130,Will major components of the Affordable Care Act be repealed or curtailed before 2026?,"February 01, 2025",No,0,0.24,"As of Feb. 1, 2025, the most plausible routes to a YES are not full statutory repeal but targeted curtailment of core ACA provisions through courts, Congress, or executive action. The ACA has proven resilient, and broad repeal remains politically difficult, which keeps the probability well below 50%. Still, the literal wording of the question captures meaningful reductions to major components, and those can happen without a comprehensive repeal. Because the deadline is before 2026, there is limited time for a new law or a major court ruling to take effect, but enough time for a significant decision or administrative change to be announced and implemented. Balancing resilience against the nontrivial risk of major curtailment, a modest upward revision from 0.18 to 0.24 is appropriate.",0.0576,ok,,2,"{""initial_forecast"": ""/Users/kenneth.cao/Desktop/Stat 390/AutoResearch_Prediction_Optimization/outputs/raw/dev/self_critique/31130/initial_forecast.json"", ""revision"": ""/Users/kenneth.cao/Desktop/Stat 390/AutoResearch_Prediction_Optimization/outputs/raw/dev/self_critique/31130/revision.json""}","{""initial_forecast"": {""probability"": 0.18, ""reasoning"": ""By Feb. 1, 2025, major ACA repeal/curtailment would require either new federal legislation, a major Supreme Court ruling, or significant administrative action that clearly reduces core ACA coverage/marketplace/subsidy protections before Jan. 1, 2026. Republicans may control at least one chamber or the presidency after 2024, but full repeal remains politically difficult and the ACA has repeatedly survived prior repeal efforts. Court risk exists, but the most likely legal challenges are narrower than a broad rollback of major components within the deadline. Overall, some chance of meaningful curtailment, but a full or clearly major rollback by 2026 looks unlikely.""}, ""revision"": {""critique"": ""The initial forecast is directionally reasonable but likely underweights the near-term policy and legal pathways that could count as ‘major components’ being curtailed. The resolution is literal and broad: it does not require full repeal, only that major ACA components be repealed or curtailed before 2026. That means a Supreme Court decision, congressional action, or administrative change affecting subsidies, Medicaid expansion, guaranteed issue/community rating, essential health benefits, or marketplace structure could qualify. The forecast also seems to assume that only a sweeping legislative repeal would matter, but in practice narrower actions can still be ‘major’ if they materially weaken coverage or financing. On the other hand, there is still substantial uncertainty about what counts as ‘major’ and whether courts or agencies can move quickly enough before the deadline. The original 0.18 may be a bit too low given the possibility of litigation-driven curtailment or administrative rollback under the post-2024 political environment, but it is not wildly off."", ""final_probability"": 0.24, ""reasoning"": ""As of Feb. 1, 2025, the most plausible routes to a YES are not full statutory repeal but targeted curtailment of core ACA provisions through courts, Congress, or executive action. The ACA has proven resilient, and broad repeal remains politically difficult, which keeps the probability well below 50%. Still, the literal wording of the question captures meaningful reductions to major components, and those can happen without a comprehensive repeal. Because the deadline is before 2026, there is limited time for a new law or a major court ruling to take effect, but enough time for a significant decision or administrative change to be announced and implemented. Balancing resilience against the nontrivial risk of major curtailment, a modest upward revision from 0.18 to 0.24 is appropriate.""}}"
validation,self_critique,31271,Will real housing prices in the US increase more in 2025 compared to 2024?,"February 01, 2025",No,0,0.46,"Using the literal comparison, the question is whether the inflation-adjusted annual increase in US housing prices is larger in 2025 than in 2024. As of Feb. 1, 2025, 2024 likely ended with only modest real appreciation because nominal home-price growth was restrained by high mortgage rates and affordability pressures, while inflation was not negligible. For 2025 to beat that, nominal price growth would need to accelerate enough, or inflation would need to fall enough, to produce a larger real gain than in 2024. Supply remains tight, which supports prices, and any rate cuts could help demand, but affordability constraints and still-elevated financing costs limit upside. Overall, I think a slightly-below-even chance is appropriate, with the event close to a toss-up but leaning against a clear acceleration over 2024.",0.2116,ok,,2,"{""initial_forecast"": ""/Users/kenneth.cao/Desktop/Stat 390/AutoResearch_Prediction_Optimization/outputs/raw/validation/self_critique/31271/initial_forecast.json"", ""revision"": ""/Users/kenneth.cao/Desktop/Stat 390/AutoResearch_Prediction_Optimization/outputs/raw/validation/self_critique/31271/revision.json""}","{""initial_forecast"": {""probability"": 0.42, ""reasoning"": ""The question compares the full-year increase in US real housing prices in 2025 versus 2024. As of Feb. 1, 2025, 2024 had already seen modest nominal home-price gains but still elevated mortgage rates and weak affordability, while inflation was likely to remain moderate, so real gains in 2024 were probably small. For 2025 to exceed 2024, housing prices would need either stronger nominal appreciation or lower inflation than in 2024. Higher-for-longer rates and affordability constraints argue against a large acceleration, but limited supply and potential rate cuts could support some improvement. Overall, a slightly-below-even chance seems appropriate.""}, ""revision"": {""critique"": ""The initial forecast is directionally reasonable but a bit under-specified about the resolution criterion. The key issue is that the question asks whether real housing prices in the US increase more in 2025 than in 2024, which likely resolves by comparing annual percentage changes in a housing price index adjusted for inflation, not by comparing end-of-year levels. That means 2024’s outcome is already partly known by Feb. 1, 2025, and the remaining uncertainty is mostly about 2025. The forecast should therefore lean more on the likelihood that 2025 nominal home-price growth is modestly positive but not dramatically stronger than 2024, while inflation may also be somewhat lower or similar, making the real comparison close. The initial 0.42 may be slightly too low if one expects easing rates and still-tight supply to support a somewhat stronger 2025 than 2024, but it is not wildly off. The main calibration issue is that the uncertainty is high and the event is close to a coin flip, so the probability should stay near 0.5 rather than be stated too confidently."", ""final_probability"": 0.46, ""reasoning"": ""Using the literal comparison, the question is whether the inflation-adjusted annual increase in US housing prices is larger in 2025 than in 2024. As of Feb. 1, 2025, 2024 likely ended with only modest real appreciation because nominal home-price growth was restrained by high mortgage rates and affordability pressures, while inflation was not negligible. For 2025 to beat that, nominal price growth would need to accelerate enough, or inflation would need to fall enough, to produce a larger real gain than in 2024. Supply remains tight, which supports prices, and any rate cuts could help demand, but affordability constraints and still-elevated financing costs limit upside. Overall, I think a slightly-below-even chance is appropriate, with the event close to a toss-up but leaning against a clear acceleration over 2024.""}}"
dev,self_critique,20692,Will Claudia Sheinbaum win the 2024 Mexican Presidential Election?,"January 21, 2024",Yes,1,0.82,"As of the forecast date, Sheinbaum was the clear favorite and the incumbent governing coalition had substantial structural advantages, so YES remained the most likely outcome by a wide margin. However, because the event is a single-election binary outcome with meaningful uncertainty and the resolution depends on the official election result by the deadline, a modest haircut from the initial estimate is warranted. A probability around 0.82 better reflects strong favoritism without overstating certainty.",0.03240000000000002,ok,,2,"{""initial_forecast"": ""/Users/kenneth.cao/Desktop/Stat 390/AutoResearch_Prediction_Optimization/outputs/raw/dev/self_critique/20692/initial_forecast.json"", ""revision"": ""/Users/kenneth.cao/Desktop/Stat 390/AutoResearch_Prediction_Optimization/outputs/raw/dev/self_critique/20692/revision.json""}","{""initial_forecast"": {""probability"": 0.88, ""reasoning"": ""As of Jan. 21, 2024, Claudia Sheinbaum was the clear frontrunner and the official Morena-led coalition nominee, with strong polling leads over the opposition. Mexico’s presidential race is typically decided by plurality, and the opposition was fragmented and weaker than Morena’s governing coalition. While election uncertainty remains, the pre-election evidence strongly favored a Sheinbaum victory.""}, ""revision"": {""critique"": ""The initial 0.88 forecast is directionally reasonable but somewhat overconfident for a January 21, 2024 forecast. It leans heavily on Sheinbaum’s frontrunner status and polling lead, but does not sufficiently discount election risk from campaign volatility, turnout effects, coalition dynamics, or the possibility that polling could overstate Morena’s support. It also does not explicitly engage with the literal resolution criteria: the question resolves YES only if Sheinbaum wins the 2024 Mexican presidential election by the official result by the deadline, not merely if she remains favored or wins the popular vote in polls. Given that presidential elections can still produce surprises even with a strong favorite, a probability below 0.88 is more calibrated."", ""final_probability"": 0.82, ""reasoning"": ""As of the forecast date, Sheinbaum was the clear favorite and the incumbent governing coalition had substantial structural advantages, so YES remained the most likely outcome by a wide margin. However, because the event is a single-election binary outcome with meaningful uncertainty and the resolution depends on the official election result by the deadline, a modest haircut from the initial estimate is warranted. A probability around 0.82 better reflects strong favoritism without overstating certainty.""}}"
dev,self_critique,20771,Will Mike Johnson remain Speaker for all of 2024?,"January 21, 2024",Yes,1,0.22,"Literal resolution: YES only if Mike Johnson is Speaker continuously through the end of 2024. As of Jan. 21, 2024, he was newly installed, governing with a very narrow and divided Republican majority, and facing meaningful risk from both internal revolt and post-election leadership changes. Those risks make a full-year hold materially less likely than not. However, the barriers to ousting a Speaker are high, and absent a major crisis he had a plausible path to surviving the year. Net: modestly below one-in-four, around 22%.",0.6084,ok,,2,"{""initial_forecast"": ""/Users/kenneth.cao/Desktop/Stat 390/AutoResearch_Prediction_Optimization/outputs/raw/dev/self_critique/20771/initial_forecast.json"", ""revision"": ""/Users/kenneth.cao/Desktop/Stat 390/AutoResearch_Prediction_Optimization/outputs/raw/dev/self_critique/20771/revision.json""}","{""initial_forecast"": {""probability"": 0.18, ""reasoning"": ""As of Jan. 21, 2024, Mike Johnson had only recently become Speaker and was already facing a very narrow Republican majority, internal GOP factionalism, and the constant risk of a motion to vacate or a resignation/replacement if control shifted. Historically, Speakers in similarly divided Houses have been vulnerable, and 2024 included a full election year with substantial uncertainty about House control and Johnson’s ability to keep his caucus unified. Still, removing a Speaker is difficult and there was no immediate clear successor or consensus to oust him, so the chance he lasts the entire calendar year is non-trivial but well below even odds.""}, ""revision"": {""critique"": ""The initial forecast is directionally reasonable but a bit undercalibrated on the downside because it treats Johnson’s vulnerability as mostly a generic Speaker-risk story rather than a very specific 2024 path-dependent problem. The resolution is literal: he must remain Speaker for every moment through Dec. 31, 2024, so any resignation, removal, or replacement at any point makes the answer NO. That makes the event harder than simply ‘survive most of the year.’ On Jan. 21, 2024, Johnson had only just taken the gavel, had a razor-thin and fractious GOP majority, and faced multiple plausible failure modes: a motion to vacate from within his party, a forced resignation if he lost support, or losing the speakership after the election if Republicans retained the House but chose a different leader. At the same time, the forecast should not overreact to the drama: removing a Speaker is procedurally and politically difficult, and incumbency plus lack of an obvious alternative gave him some protection. The main calibration issue is that the initial 0.18 may be slightly too low given that many of the obvious threats were contingent and not all would materialize. But it is not wildly off; the true probability is still clearly below 50% because the combination of intra-party instability and the election-year transition creates substantial risk."", ""final_probability"": 0.22, ""reasoning"": ""Literal resolution: YES only if Mike Johnson is Speaker continuously through the end of 2024. As of Jan. 21, 2024, he was newly installed, governing with a very narrow and divided Republican majority, and facing meaningful risk from both internal revolt and post-election leadership changes. Those risks make a full-year hold materially less likely than not. However, the barriers to ousting a Speaker are high, and absent a major crisis he had a plausible path to surviving the year. Net: modestly below one-in-four, around 22%.""}}"
validation,self_critique,31307,Will Nvidia outperform the S&P 500 in 2025?,"February 01, 2025",Yes,1,0.53,"By the forecast date, Nvidia had exceptional fundamentals and momentum, but outperforming the S&P 500 over an entire calendar year is still a coin-flip-plus proposition because the benchmark itself contains many of the same AI beneficiaries and benefits from diversification. Nvidia’s upside is large, but so is its downside from valuation and volatility. A slight edge above 50% seems appropriate, but not as high as 58%.",0.22089999999999999,ok,,2,"{""initial_forecast"": ""/Users/kenneth.cao/Desktop/Stat 390/AutoResearch_Prediction_Optimization/outputs/raw/validation/self_critique/31307/initial_forecast.json"", ""revision"": ""/Users/kenneth.cao/Desktop/Stat 390/AutoResearch_Prediction_Optimization/outputs/raw/validation/self_critique/31307/revision.json""}","{""initial_forecast"": {""probability"": 0.58, ""reasoning"": ""Literal read: this resolves YES if Nvidia’s total return in calendar 2025 exceeds the S&P 500’s total return over the same period. As of Feb. 1, 2025, Nvidia had strong momentum and secular AI-driven growth, but it also faced very high expectations, valuation risk, and greater volatility than the index. The S&P 500 benefits from diversification and a lower bar to beat. I’d still give Nvidia a modest edge because its earnings growth potential is much higher than the market’s, but not by a wide margin.""}, ""revision"": {""critique"": ""The initial forecast is directionally reasonable but a bit too confident on Nvidia’s edge. The key resolution detail is literal calendar-year 2025 total return versus the S&P 500 total return, which means Nvidia must beat a broad, diversified benchmark over a full year that can include large drawdowns and mean reversion. That is a hard bar even for a strong AI leader. The forecast also seems to lean on Nvidia’s growth narrative without fully discounting how much of that was already priced in by Feb. 1, 2025, and how sensitive the outcome is to valuation compression, AI spending cyclicality, export restrictions, and concentration risk. On the other hand, the S&P 500 is not a trivial hurdle because it includes many large tech names, so Nvidia’s relative advantage is smaller than against a generic market index. Overall, 0.58 looks slightly overconfident; a modestly lower probability is more calibrated."", ""final_probability"": 0.53, ""reasoning"": ""By the forecast date, Nvidia had exceptional fundamentals and momentum, but outperforming the S&P 500 over an entire calendar year is still a coin-flip-plus proposition because the benchmark itself contains many of the same AI beneficiaries and benefits from diversification. Nvidia’s upside is large, but so is its downside from valuation and volatility. A slight edge above 50% seems appropriate, but not as high as 58%.""}}"
dev,self_critique,31044,Will the US Congress pass a bill implementing Trump's tariff policies in 2025?,"February 01, 2025",No,0,0.22,"As of the forecast date, the most likely path for Trump tariff policy is executive action under existing statutory authority, not a new congressional bill. For YES, Congress must actually pass legislation in 2025 that implements those tariff policies, which is a relatively high bar. That said, a Republican Congress could choose to codify, expand, or ratify tariff measures if the administration prioritizes it, so the chance is not negligible. Balancing the low baseline likelihood of legislative action against the possibility of unified-party support, I estimate about 22%.",0.0484,ok,,2,"{""initial_forecast"": ""/Users/kenneth.cao/Desktop/Stat 390/AutoResearch_Prediction_Optimization/outputs/raw/dev/self_critique/31044/initial_forecast.json"", ""revision"": ""/Users/kenneth.cao/Desktop/Stat 390/AutoResearch_Prediction_Optimization/outputs/raw/dev/self_critique/31044/revision.json""}","{""initial_forecast"": {""probability"": 0.18, ""reasoning"": ""As of Feb. 1, 2025, Trump had proposed broad tariff increases, but Congress passing a bill to implement them is a high bar. Tariff policy is often executed via presidential authority under existing statutes, so the administration may not need Congress and Congress may be reluctant to codify sweeping tariffs given business opposition and intra-party divisions. A YES requires actual enactment of legislation in 2025, which seems possible but not likely.""}, ""revision"": {""critique"": ""The initial forecast is directionally reasonable but a bit under-specified about the resolution criteria. The key issue is that the question asks whether Congress will pass a bill implementing Trump’s tariff policies in 2025, which is a fairly literal and demanding standard: it requires enacted legislation, not just executive action, proposals, committee activity, or inclusion in a broader bill. That makes YES harder than a casual reading might suggest. On the other hand, the initial 18% may be slightly low because a Republican-controlled Congress could, in principle, pass enabling or ratifying tariff legislation if the administration strongly pushes for it, especially if tariffs are framed as part of a broader trade or industrial policy package. Still, the default expectation should remain that tariffs are more likely to be pursued through presidential authority than through Congress, and legislative passage would face procedural friction and possible intra-party resistance. The main calibration adjustment is to keep the probability low but not extremely low, reflecting some nontrivial chance of a politically aligned Congress acting in 2025."", ""final_probability"": 0.22, ""reasoning"": ""As of the forecast date, the most likely path for Trump tariff policy is executive action under existing statutory authority, not a new congressional bill. For YES, Congress must actually pass legislation in 2025 that implements those tariff policies, which is a relatively high bar. That said, a Republican Congress could choose to codify, expand, or ratify tariff measures if the administration prioritizes it, so the chance is not negligible. Balancing the low baseline likelihood of legislative action against the possibility of unified-party support, I estimate about 22%.""}}"
dev,self_critique,40208,"On December 1, 2025, will Nvidia be the world's most valuable company by market cap?","October 08, 2025",Yes,1,0.38,"I slightly lower the probability because the resolution is a strict point-in-time market-cap ranking on December 1, 2025, which is a narrow and noisy criterion. Nvidia had strong momentum and a plausible path to #1, but it would need to stay ahead of other mega-caps on that exact date, and small relative moves could flip the result. Given the volatility of mega-cap leadership and the presence of Apple and Microsoft as persistent competitors, I estimate a bit under 40%.",0.3844,ok,,2,"{""initial_forecast"": ""/Users/kenneth.cao/Desktop/Stat 390/AutoResearch_Prediction_Optimization/outputs/raw/dev/self_critique/40208/initial_forecast.json"", ""revision"": ""/Users/kenneth.cao/Desktop/Stat 390/AutoResearch_Prediction_Optimization/outputs/raw/dev/self_critique/40208/revision.json""}","{""initial_forecast"": {""probability"": 0.42, ""reasoning"": ""As of the forecast date, Nvidia is among the top-valued companies and has strong AI-driven momentum, but being the single most valuable company on Dec. 1, 2025 is a narrow, volatile outcome. The resolution depends on relative market caps on that exact date, so even if Nvidia remains near the top, Apple/Microsoft or another large mega-cap could easily overtake it due to earnings, AI sentiment, or broader market moves. I’d put this as a substantial but sub-50% chance.""}, ""revision"": {""critique"": ""The initial forecast is directionally reasonable but a bit under-specified on the resolution mechanics. The key issue is that the question is about whether Nvidia is the world's most valuable company by market cap on December 1, 2025, which implies a point-in-time ranking rather than an average over the day or a year-end outcome. That makes the event highly sensitive to short-term price moves, FX effects, and any corporate actions, so the outcome is more volatile than a simple 'who is biggest in late 2025' framing. The 0.42 estimate may be slightly too high if one assumes Nvidia must beat both Apple and Microsoft on that exact date, because even if Nvidia remains in the top tier, the probability of being #1 on a specific day is meaningfully lower than the probability of being near #1. At the same time, it may be too low if one gives substantial weight to Nvidia's AI-driven growth trajectory and the possibility that it had already been trading at or near the top by the forecast date. Overall, the main calibration issue is not overconfidence but a lack of explicit adjustment for the exact-date, exact-ranking nature of the resolution."", ""final_probability"": 0.38, ""reasoning"": ""I slightly lower the probability because the resolution is a strict point-in-time market-cap ranking on December 1, 2025, which is a narrow and noisy criterion. Nvidia had strong momentum and a plausible path to #1, but it would need to stay ahead of other mega-caps on that exact date, and small relative moves could flip the result. Given the volatility of mega-cap leadership and the presence of Apple and Microsoft as persistent competitors, I estimate a bit under 40%.""}}"
validation,self_critique,31118,Will Benjamin Netanyahu remain Prime Minister of Israel throughout 2025?,"February 01, 2025",Yes,1,0.54,"As of Feb. 1, 2025, Netanyahu was still PM and had a plausible path to remain so, with no obvious immediate replacement coalition. But the literal resolution requires uninterrupted service throughout all of 2025, which is a stricter bar than merely being PM at year-end. Given Israel’s unstable coalition politics and the possibility of resignation, coalition collapse, or a successful alternative government at any point during the year, the probability should be only modestly above 50%, not comfortably above it.",0.21159999999999995,ok,,2,"{""initial_forecast"": ""/Users/kenneth.cao/Desktop/Stat 390/AutoResearch_Prediction_Optimization/outputs/raw/validation/self_critique/31118/initial_forecast.json"", ""revision"": ""/Users/kenneth.cao/Desktop/Stat 390/AutoResearch_Prediction_Optimization/outputs/raw/validation/self_critique/31118/revision.json""}","{""initial_forecast"": {""probability"": 0.62, ""reasoning"": ""As of Feb. 1, 2025 Netanyahu was still PM and had strong incentives and coalition leverage to remain in office. The main risks to a YES resolution are coalition collapse, a successful no-confidence/alternative government, resignation, or legal/political shocks. However, Israeli governments are often unstable, and 2025 could bring renewed pressure over the war, hostages, budget, and coalition tensions. Still, replacing Netanyahu would require a concrete parliamentary alternative, which is difficult given the fragmented Knesset. Net: slightly better than even odds that he remains PM throughout 2025.""}, ""revision"": {""critique"": ""The initial forecast is directionally reasonable but a bit overconfident. It correctly notes Netanyahu’s incumbency advantage and the difficulty of assembling an alternative coalition in a fragmented Knesset. However, it underweights several literal resolution risks that matter for a \""throughout 2025\"" question: any temporary loss of office at any point in 2025 makes the answer NO, even if he later returns. That means the relevant event is not just whether he is PM at year-end, but whether he avoids resignation, dismissal, a successful no-confidence/alternative government, or any other interruption for the entire calendar year. Israel’s political volatility, ongoing war-related pressures, coalition fragility, and possible legal/political shocks make a full-year uninterrupted tenure meaningfully less certain than a simple year-end incumbency forecast. The original 0.62 is therefore somewhat too high."", ""final_probability"": 0.54, ""reasoning"": ""As of Feb. 1, 2025, Netanyahu was still PM and had a plausible path to remain so, with no obvious immediate replacement coalition. But the literal resolution requires uninterrupted service throughout all of 2025, which is a stricter bar than merely being PM at year-end. Given Israel’s unstable coalition politics and the possibility of resignation, coalition collapse, or a successful alternative government at any point during the year, the probability should be only modestly above 50%, not comfortably above it.""}}"
validation,self_critique,22726,"On May 18th, will Kyle, Texas set the world record for largest gathering of individuals with the same first name?","May 03, 2024",No,0,0.12,"By May 3, the relevant question is whether the May 18 event in Kyle, Texas will actually satisfy the record criteria and be recognized as the world record for largest gathering of individuals with the same first name. That requires: the event to occur, enough participants with the same first name, compliance with the record rules, and successful verification/documentation. Even with a city-themed attempt, these are multiple points of failure in a short window. Because the resolution is literal and deadline-bound, I assign a modest probability rather than a near-certainty. The chance is somewhat higher than a generic record attempt because the location/name theme suggests intentional coordination, but still low overall.",0.0144,ok,,2,"{""initial_forecast"": ""/Users/kenneth.cao/Desktop/Stat 390/AutoResearch_Prediction_Optimization/outputs/raw/validation/self_critique/22726/initial_forecast.json"", ""revision"": ""/Users/kenneth.cao/Desktop/Stat 390/AutoResearch_Prediction_Optimization/outputs/raw/validation/self_critique/22726/revision.json""}","{""initial_forecast"": {""probability"": 0.08, ""reasoning"": ""This is a highly specific, event-driven record attempt with a short timeline and uncertain execution. Kyle, Texas has a strong thematic fit for a first-name gathering, but setting a world record requires enough verified participants, official rules compliance, and successful documentation on the day. As of the forecast date, there is no clear evidence that the attempt is guaranteed to happen or that it will surpass the existing record, so the chance of a YES resolution by May 18 is low.""}, ""revision"": {""critique"": ""The initial forecast is directionally reasonable but a bit under-calibrated on the upside if there was already public momentum behind the event. The key resolution detail is literal: the question asks whether Kyle, Texas will set the world record on May 18, not whether an attempt occurs or is well-publicized. That means the probability should reflect several failure points: the event may not happen, attendance may fall short, Guinness/record-keeper rules may not be met, or documentation may be insufficient. The initial 0.08 may slightly overstate confidence that the attempt will fail, but it is not wildly off. The main missed nuance is that if this is a city-branded event in Kyle, Texas, the chance of a successful attempt could be materially higher than a generic one-off record attempt, though still far from likely."", ""final_probability"": 0.12, ""reasoning"": ""By May 3, the relevant question is whether the May 18 event in Kyle, Texas will actually satisfy the record criteria and be recognized as the world record for largest gathering of individuals with the same first name. That requires: the event to occur, enough participants with the same first name, compliance with the record rules, and successful verification/documentation. Even with a city-themed attempt, these are multiple points of failure in a short window. Because the resolution is literal and deadline-bound, I assign a modest probability rather than a near-certainty. The chance is somewhat higher than a generic record attempt because the location/name theme suggests intentional coordination, but still low overall.""}}"
dev,self_critique,20749,Will there be faithless electors in the 2024 US Presidential election?,"January 21, 2024",No,0,0.08,"Literal resolution: YES only if at least one 2024 presidential elector actually casts a vote contrary to their pledge when the Electoral College votes. As of Jan. 21, 2024, the best prior is that such events are rare, and state laws plus enforcement mechanisms make them less likely than historical frequency alone might suggest. A small but nontrivial chance remains due to individual defections, procedural errors, or unusual political circumstances, but the base rate is low. A revised estimate of 8% better reflects the rarity and the strict resolution criteria.",0.0064,ok,,2,"{""initial_forecast"": ""/Users/kenneth.cao/Desktop/Stat 390/AutoResearch_Prediction_Optimization/outputs/raw/dev/self_critique/20749/initial_forecast.json"", ""revision"": ""/Users/kenneth.cao/Desktop/Stat 390/AutoResearch_Prediction_Optimization/outputs/raw/dev/self_critique/20749/revision.json""}","{""initial_forecast"": {""probability"": 0.18, ""reasoning"": ""Faithless electors are legally possible in 2024, but the modern U.S. Electoral College has had very few such cases and many states now have binding laws plus penalties or replacement mechanisms. The question resolves YES if at least one elector casts a vote contrary to their pledge in the 2024 presidential election. Given the small but nonzero historical incidence and the possibility of a close or contentious outcome, a low-to-moderate probability is warranted.""}, ""revision"": {""critique"": ""The initial 0.18 looks somewhat high if interpreted literally against the resolution criteria. The event requires at least one elector actually casting a contrary vote in the 2024 Electoral College vote, not merely a pledge violation attempt, protest, or legal dispute. Since most states have binding laws, replacement mechanisms, or penalties, and the Supreme Court has upheld enforcement against faithless electors, the practical chance of an actual faithless vote is quite low. The forecast also slightly overweights the possibility of a close or contentious election; even in contentious elections, electors rarely defect. On the other hand, it should not be driven all the way to near-zero because isolated defections have occurred in modern elections and the legal/administrative barriers are not absolute everywhere. Overall, the initial forecast seems modestly overconfident on the upside."", ""final_probability"": 0.08, ""reasoning"": ""Literal resolution: YES only if at least one 2024 presidential elector actually casts a vote contrary to their pledge when the Electoral College votes. As of Jan. 21, 2024, the best prior is that such events are rare, and state laws plus enforcement mechanisms make them less likely than historical frequency alone might suggest. A small but nontrivial chance remains due to individual defections, procedural errors, or unusual political circumstances, but the base rate is low. A revised estimate of 8% better reflects the rarity and the strict resolution criteria.""}}"
validation,self_critique,31252,Will US federal interest rates at the end of 2025 be lower than at the end of 2024?,"February 01, 2025",Yes,1,0.63,"As of Feb. 1, 2025, the most likely path still seemed to be some additional easing during 2025, but not with high confidence. The Fed had already begun cutting in late 2024, which supports a lower end-2025 rate than end-2024 if disinflation continues and growth softens. However, the Fed could easily hold steady if inflation remains above target or the labor market stays resilient. Because the question is about the end-of-year level, not whether cuts happen at any point, the probability of a strictly lower end-2025 federal funds target range is meaningfully above 50% but not as high as 72%.",0.1369,ok,,2,"{""initial_forecast"": ""/Users/kenneth.cao/Desktop/Stat 390/AutoResearch_Prediction_Optimization/outputs/raw/validation/self_critique/31252/initial_forecast.json"", ""revision"": ""/Users/kenneth.cao/Desktop/Stat 390/AutoResearch_Prediction_Optimization/outputs/raw/validation/self_critique/31252/revision.json""}","{""initial_forecast"": {""probability"": 0.72, ""reasoning"": ""As of Feb. 1, 2025, the federal funds target range was still above the end-2024 level only if the Fed had not yet cut again; but the question asks whether the end-2025 rate will be lower than the end-2024 rate. By then, markets and the Fed’s own late-2024/early-2025 signaling pointed to additional easing in 2025 if inflation continued to cool and growth stayed moderate. The main risk is that sticky inflation or strong growth could keep rates unchanged, but a lower end-2025 policy rate than end-2024 looks more likely than not.""}, ""revision"": {""critique"": ""The initial forecast is directionally reasonable but somewhat overconfident. It treats the Fed’s late-2024/early-2025 easing signal as if it strongly implied further cuts by end-2025, but the resolution is literal and depends on the exact federal funds target range at the end of 2024 versus the end of 2025. That means even if the Fed cuts during 2025, the answer is only YES if the end-2025 target range is strictly below the end-2024 range. The forecast should also account for the possibility that the Fed pauses for most or all of 2025 if inflation proves sticky, or that any cuts are offset by a late-year re-tightening or no change from the end-2024 level. Given the uncertainty around inflation, growth, and the Fed’s reaction function, 0.72 is a bit high."", ""final_probability"": 0.63, ""reasoning"": ""As of Feb. 1, 2025, the most likely path still seemed to be some additional easing during 2025, but not with high confidence. The Fed had already begun cutting in late 2024, which supports a lower end-2025 rate than end-2024 if disinflation continues and growth softens. However, the Fed could easily hold steady if inflation remains above target or the labor market stays resilient. Because the question is about the end-of-year level, not whether cuts happen at any point, the probability of a strictly lower end-2025 federal funds target range is meaningfully above 50% but not as high as 72%.""}}"
dev,self_critique,22725,"As of May 21, 2024, will OpenAI report at least 99.9% uptime for ChatGPT for May 2024?","April 30, 2024",No,0,0.58,"I estimate a moderate chance of YES because 99.9% is a low bar for a major service and OpenAI likely aims for high availability. But the resolution depends on a specific public report by May 21, 2024, not just actual uptime. That introduces substantial uncertainty about reporting cadence and whether the month is already summarized by then. A revised probability around 0.58 better reflects strong service reliability tempered by the nontrivial risk that the required report is absent, delayed, or slightly below threshold.",0.3364,ok,,2,"{""initial_forecast"": ""/Users/kenneth.cao/Desktop/Stat 390/AutoResearch_Prediction_Optimization/outputs/raw/dev/self_critique/22725/initial_forecast.json"", ""revision"": ""/Users/kenneth.cao/Desktop/Stat 390/AutoResearch_Prediction_Optimization/outputs/raw/dev/self_critique/22725/revision.json""}","{""initial_forecast"": {""probability"": 0.72, ""reasoning"": ""OpenAI has generally reported very high ChatGPT availability, and 99.9% uptime for a month is a relatively low bar (about 43 minutes of downtime total). However, the question is about what OpenAI will report by May 21 for the full month of May 2024, which is somewhat unusual because it requires an early monthly report and depends on their specific reporting practice. Given strong historical reliability but some uncertainty about whether they will publish a May-specific uptime figure by that date, I’d put this at moderately high but not near-certain.""}, ""revision"": {""critique"": ""The initial forecast is directionally reasonable on the underlying uptime level, but it likely overweights that and underweights the exact resolution mechanics. The key issue is not whether ChatGPT is usually reliable, but whether OpenAI will have publicly reported a May 2024 ChatGPT uptime figure by May 21, 2024, and whether that report will explicitly show at least 99.9% uptime for the month. That is a fairly specific and somewhat unusual reporting condition. There is meaningful risk that OpenAI either does not publish a May-specific monthly uptime metric at all, publishes it later than May 21, or reports a figure below 99.9% due to even a small number of incidents. The initial 0.72 seems a bit high given these uncertainties and the literal deadline/reporting requirement."", ""final_probability"": 0.58, ""reasoning"": ""I estimate a moderate chance of YES because 99.9% is a low bar for a major service and OpenAI likely aims for high availability. But the resolution depends on a specific public report by May 21, 2024, not just actual uptime. That introduces substantial uncertainty about reporting cadence and whether the month is already summarized by then. A revised probability around 0.58 better reflects strong service reliability tempered by the nontrivial risk that the required report is absent, delayed, or slightly below threshold.""}}"
validation,self_critique,20785,Will SpaceX attempt to catch a Starship booster with the tower in 2024?,"January 21, 2024",Yes,1,0.61,"I still think a 2024 tower-catch attempt was more likely than not by Jan. 21, 2024, because SpaceX had strong incentives to pursue it and had already built the necessary infrastructure and public narrative around Mechazilla. However, the literal resolution requires an actual attempt before Dec. 31, 2024, and that depends on successful Starship/booster flight progress, launch licensing, and SpaceX choosing to take the risk. Given those uncertainties, I would lower the probability from 0.72 to 0.61.",0.1521,ok,,2,"{""initial_forecast"": ""/Users/kenneth.cao/Desktop/Stat 390/AutoResearch_Prediction_Optimization/outputs/raw/validation/self_critique/20785/initial_forecast.json"", ""revision"": ""/Users/kenneth.cao/Desktop/Stat 390/AutoResearch_Prediction_Optimization/outputs/raw/validation/self_critique/20785/revision.json""}","{""initial_forecast"": {""probability"": 0.72, ""reasoning"": ""As of Jan 21, 2024, SpaceX had already demonstrated rapid Starship progress and publicly signaled intent to use the launch tower/mechazilla for booster recovery, with Elon Musk repeatedly discussing catching the booster as a near-term goal. The main uncertainty is technical readiness and whether they would choose to attempt it in 2024 versus delaying after test flights. Given SpaceX’s aggressive cadence and willingness to attempt ambitious milestones, a tower catch attempt within 2024 looks more likely than not, though still far from certain.""}, ""revision"": {""critique"": ""The initial forecast is directionally reasonable but somewhat overconfident. The key calibration issue is that the resolution is about an actual attempt in calendar year 2024, not just stated intent or eventual capability. As of Jan. 21, 2024, SpaceX had not yet attempted a tower catch, and while Musk had publicly discussed it, the timing depended on successful Starship test progress, regulatory constraints, and whether SpaceX would prioritize a catch attempt over simpler booster recovery tests. The forecast should also account for the possibility that SpaceX might fly multiple times in 2024 yet still not reach a tower-catch attempt. The initial 0.72 seems a bit high given the technical and operational uncertainty and the fact that SpaceX often iterates through several milestones before attempting the most ambitious one."", ""final_probability"": 0.61, ""reasoning"": ""I still think a 2024 tower-catch attempt was more likely than not by Jan. 21, 2024, because SpaceX had strong incentives to pursue it and had already built the necessary infrastructure and public narrative around Mechazilla. However, the literal resolution requires an actual attempt before Dec. 31, 2024, and that depends on successful Starship/booster flight progress, launch licensing, and SpaceX choosing to take the risk. Given those uncertainties, I would lower the probability from 0.72 to 0.61.""}}"
validation,self_critique,34454,"Will OpenAI publicly release the full o3 model before March 28, 2025?","February 08, 2025",No,0,0.22,"By Feb. 8, 2025, there was some expectation that o3 would arrive, but the question requires a public release of the full model by March 28, 2025. That is a narrow and literal criterion: not a teaser, not a limited preview, not an API-only partial rollout, and not just an announcement. OpenAI often stages releases and may expose models gradually, which reduces the chance that the full o3 model is publicly released within the deadline. Still, because the model was already on the horizon and the deadline is only about seven weeks away, the probability is not negligible. I therefore raise the estimate modestly from 0.18 to 0.22, reflecting some chance of an accelerated launch while keeping the event below even odds.",0.0484,ok,,2,"{""initial_forecast"": ""/Users/kenneth.cao/Desktop/Stat 390/AutoResearch_Prediction_Optimization/outputs/raw/validation/self_critique/34454/initial_forecast.json"", ""revision"": ""/Users/kenneth.cao/Desktop/Stat 390/AutoResearch_Prediction_Optimization/outputs/raw/validation/self_critique/34454/revision.json""}","{""initial_forecast"": {""probability"": 0.18, ""reasoning"": ""As of Feb. 8, 2025, OpenAI had not publicly released the full o3 model, and the deadline is only about seven weeks away. OpenAI often stages releases gradually, and a \""full\"" model release is a higher bar than a preview or limited access announcement. While a public release is plausible, the short timeline and uncertainty around productization make YES less likely than not.""}, ""revision"": {""critique"": ""The initial forecast is directionally reasonable but may be slightly underconfident about the chance of some form of public release because OpenAI had already been actively signaling o3 as an upcoming model family and the window to March 28 is not extremely short. The bigger calibration issue is resolution ambiguity: the question asks whether OpenAI will publicly release the full o3 model, which is stricter than a preview, API access, benchmark demo, or partial rollout. That literal standard should keep the probability meaningfully below 50%. The forecast should also account for OpenAI’s tendency to announce models before broad availability, which makes a true public release of the full model by the deadline less likely than a mere announcement. Overall, 0.18 is plausible but perhaps a touch low if one assigns some chance to a surprise launch; still, the main risk is overestimating what counts as a 'public release.'"", ""final_probability"": 0.22, ""reasoning"": ""By Feb. 8, 2025, there was some expectation that o3 would arrive, but the question requires a public release of the full model by March 28, 2025. That is a narrow and literal criterion: not a teaser, not a limited preview, not an API-only partial rollout, and not just an announcement. OpenAI often stages releases and may expose models gradually, which reduces the chance that the full o3 model is publicly released within the deadline. Still, because the model was already on the horizon and the deadline is only about seven weeks away, the probability is not negligible. I therefore raise the estimate modestly from 0.18 to 0.22, reflecting some chance of an accelerated launch while keeping the event below even odds.""}}"
dev,self_critique,20754,Will the WHO declare a global health emergency (PHEIC) in 2024?,"January 21, 2024",Yes,1,0.22,"On Jan 21, 2024, the relevant baseline is that WHO had recently ended the COVID-19 PHEIC and still had mpox as an active PHEIC. The question asks whether WHO will declare a PHEIC at any point in 2024, which is a low-frequency event but not vanishingly rare. Because WHO can declare a PHEIC in response to a new outbreak or a major escalation of an existing one, and because 2024 still had substantial uncertainty around infectious disease events, I’d put the chance somewhat above the initial 18%. But absent a known imminent candidate, the probability remains well below 50%.",0.6084,ok,,2,"{""initial_forecast"": ""/Users/kenneth.cao/Desktop/Stat 390/AutoResearch_Prediction_Optimization/outputs/raw/dev/self_critique/20754/initial_forecast.json"", ""revision"": ""/Users/kenneth.cao/Desktop/Stat 390/AutoResearch_Prediction_Optimization/outputs/raw/dev/self_critique/20754/revision.json""}","{""initial_forecast"": {""probability"": 0.18, ""reasoning"": ""As of Jan 21, 2024, WHO had an active PHEIC for mpox and had recently ended the COVID-19 PHEIC, so another declaration in 2024 was plausible but not especially likely. WHO declares PHEICs only for rare, severe, internationally concerning outbreaks; in a typical year this is uncommon. The main upside risk is a major new outbreak or escalation of an existing one, but absent clear signs of an imminent event, the base rate suggests a low-to-moderate chance.""}, ""revision"": {""critique"": ""The initial forecast is directionally reasonable but a bit under-specified on the resolution criteria. The question is literal: it resolves YES if WHO declares any new global health emergency/PHEIC at any point during 2024, not necessarily for a novel disease or a long-lasting event. That means the active mpox PHEIC at the forecast date does not itself satisfy the question unless WHO makes a fresh declaration in 2024; however, it does indicate WHO’s threshold for maintaining or declaring emergencies was not extremely high. The forecast may also slightly underweight the possibility of an existing event being re-declared, extended, or a new PHEIC arising from an ongoing outbreak. Still, WHO PHEIC declarations are rare, and after the end of COVID-19 there was no obvious high-probability candidate on Jan 21, 2024. So the main calibration issue is modest underestimation of tail risk rather than major overconfidence."", ""final_probability"": 0.22, ""reasoning"": ""On Jan 21, 2024, the relevant baseline is that WHO had recently ended the COVID-19 PHEIC and still had mpox as an active PHEIC. The question asks whether WHO will declare a PHEIC at any point in 2024, which is a low-frequency event but not vanishingly rare. Because WHO can declare a PHEIC in response to a new outbreak or a major escalation of an existing one, and because 2024 still had substantial uncertainty around infectious disease events, I’d put the chance somewhat above the initial 18%. But absent a known imminent candidate, the probability remains well below 50%.""}}"
validation,self_critique,40181,Will Russia’s annual GDP growth rate exceed 1.5% in Q3 2025?,"October 08, 2025",No,0,0.36,"Literal resolution: YES if the reported year-over-year GDP growth rate for Russia in Q3 2025 is greater than 1.5%, based on the official/accepted statistical release used by the question, with the outcome determined by the Q3 figure itself (not full-year 2025 growth). As of Oct. 8, 2025, the most relevant prior information suggested slowing but still positive growth, with wartime fiscal support and base effects offsetting sanctions and tighter policy. Because the threshold is only slightly above 1.5%, a modestly positive Q3 print remains plausible, though not the modal outcome. I would raise the probability somewhat from the initial estimate to reflect that the bar is not especially high and that uncertainty around the exact reported figure/revisions is meaningful.",0.1296,ok,,2,"{""initial_forecast"": ""/Users/kenneth.cao/Desktop/Stat 390/AutoResearch_Prediction_Optimization/outputs/raw/validation/self_critique/40181/initial_forecast.json"", ""revision"": ""/Users/kenneth.cao/Desktop/Stat 390/AutoResearch_Prediction_Optimization/outputs/raw/validation/self_critique/40181/revision.json""}","{""initial_forecast"": {""probability"": 0.28, ""reasoning"": ""The question is about Russia’s annual GDP growth rate in Q3 2025 exceeding 1.5%, which is a fairly high bar given signs of slowing growth in 2025 from tighter policy, sanctions frictions, and weaker momentum after wartime stimulus. Russia’s quarterly GDP growth had been positive but uneven, and annual growth rates tend to decelerate as base effects fade. On the forecast date, there was not strong evidence that Q3 2025 would clearly clear 1.5% year-over-year; a modest positive reading is more likely than a strong one. I therefore assign a below-coin-flip chance.""}, ""revision"": {""critique"": ""The initial forecast is directionally reasonable but somewhat under-justified and possibly a bit overconfident in the downside. The key issue is the resolution criterion: this asks whether Russia’s annual GDP growth rate in Q3 2025 exceeds 1.5%, which likely means the year-over-year growth rate for Q3 as reported by the relevant statistical source, not a full-year 2025 growth rate. That matters because Russia’s quarterly YoY GDP growth had already been slowing, but it was still plausible that Q3 could land near or slightly above 1.5% depending on base effects and revisions. The forecast also does not distinguish between official preliminary estimates and later revisions, nor does it discuss that Q3 data would likely be released after the forecast date, so the market should be anchored on what was knowable by Oct. 8, 2025. Overall, the original 0.28 seems a bit too low given that the threshold is only modestly above zero and Russia’s economy had not clearly collapsed; a mid-to-low probability is more calibrated."", ""final_probability"": 0.36, ""reasoning"": ""Literal resolution: YES if the reported year-over-year GDP growth rate for Russia in Q3 2025 is greater than 1.5%, based on the official/accepted statistical release used by the question, with the outcome determined by the Q3 figure itself (not full-year 2025 growth). As of Oct. 8, 2025, the most relevant prior information suggested slowing but still positive growth, with wartime fiscal support and base effects offsetting sanctions and tighter policy. Because the threshold is only slightly above 1.5%, a modestly positive Q3 print remains plausible, though not the modal outcome. I would raise the probability somewhat from the initial estimate to reflect that the bar is not especially high and that uncertainty around the exact reported figure/revisions is meaningful.""}}"
dev,self_critique,40191,Will the Democratic party win the Virginia gubernatorial election of 2025?,"October 06, 2025",Yes,1,0.68,"As of October 6, 2025, the most literal question is whether the Democratic nominee wins the Virginia governorship in the 2025 general election. Based on Virginia’s recent partisan lean, Democrats should be favored, but not by a landslide margin. Off-year turnout, candidate quality, and the common tendency for Virginia to elect the opposite party in some cycles all reduce confidence. Without relying on post-date information, a probability in the high 60s better reflects a modest Democratic edge rather than near-certainty.",0.10239999999999996,ok,,2,"{""initial_forecast"": ""/Users/kenneth.cao/Desktop/Stat 390/AutoResearch_Prediction_Optimization/outputs/raw/dev/self_critique/40191/initial_forecast.json"", ""revision"": ""/Users/kenneth.cao/Desktop/Stat 390/AutoResearch_Prediction_Optimization/outputs/raw/dev/self_critique/40191/revision.json""}","{""initial_forecast"": {""probability"": 0.82, ""reasoning"": ""As of the forecast date, Virginia’s 2025 gubernatorial race is a standard blue-leaning statewide contest in a presidential off-year, and Democrats have recently performed well in Virginia gubernatorial elections. The literal resolution is whether the Democratic nominee wins the governorship in the 2025 election, which is usually decided by a statewide plurality. Absent a major late-cycle shock, Democrats are favored, though not overwhelmingly, because Virginia can still be competitive and off-year turnout is uncertain.""}, ""revision"": {""critique"": ""The initial forecast is directionally reasonable but somewhat overconfident. It treats Virginia as broadly blue-leaning without fully accounting for the specific 2025 matchup, which matters a lot in a gubernatorial race. The literal resolution is simply whether the Democratic nominee wins the governorship in the November 2025 election; there is no need for a statewide vote-share threshold beyond winning the plurality. The forecast should also note that Virginia gubernatorial elections often swing against the president’s party, and 2025 is an off-year with turnout uncertainty. While Democrats have had recent success in Virginia gubernatorial contests, that historical pattern is not strong enough to justify 0.82 absent more information about the nominees and campaign conditions. A more calibrated estimate should still favor Democrats, but with a wider uncertainty band and a lower point estimate."", ""final_probability"": 0.68, ""reasoning"": ""As of October 6, 2025, the most literal question is whether the Democratic nominee wins the Virginia governorship in the 2025 general election. Based on Virginia’s recent partisan lean, Democrats should be favored, but not by a landslide margin. Off-year turnout, candidate quality, and the common tendency for Virginia to elect the opposite party in some cycles all reduce confidence. Without relying on post-date information, a probability in the high 60s better reflects a modest Democratic edge rather than near-certainty.""}}"
validation,self_critique,20747,Will Bitcoin go up over 2024?,"January 21, 2024",Yes,1,0.54,"Using the literal resolution criterion—Bitcoin’s price at the end of 2024 compared with its price on Jan 21, 2024—the odds are slightly above 50/50 but not by much. Bitcoin had supportive fundamentals in early 2024, including ETF-related demand and the upcoming halving, which increase the chance of a higher year-end price. However, Bitcoin’s volatility is extreme, and year-end performance can easily be negative even in a broadly favorable macro environment. So the probability of YES is modestly above even, but lower than the initial estimate.",0.21159999999999995,ok,,2,"{""initial_forecast"": ""/Users/kenneth.cao/Desktop/Stat 390/AutoResearch_Prediction_Optimization/outputs/raw/validation/self_critique/20747/initial_forecast.json"", ""revision"": ""/Users/kenneth.cao/Desktop/Stat 390/AutoResearch_Prediction_Optimization/outputs/raw/validation/self_critique/20747/revision.json""}","{""initial_forecast"": {""probability"": 0.58, ""reasoning"": ""Interpreting this literally as Bitcoin finishing 2024 above its price on Jan 21, 2024, the odds are modestly positive. Bitcoin has historically shown strong upside in post-halving and risk-on periods, and 2024 also had a plausible catalyst from ETF-driven demand. But it is highly volatile, can suffer deep drawdowns, and the outcome depends on the year-end price relative to the forecast date, not intrayear highs. Net: slightly above even odds.""}, ""revision"": {""critique"": ""The initial forecast is directionally reasonable but a bit too confident given the literal resolution. The key issue is that \""go up over 2024\"" should be interpreted against the price on the forecast date (Jan 21, 2024) and likely resolved at year-end 2024, not based on intrayear highs or general bullishness. That makes the event a binary year-end comparison with substantial path risk. The reasoning correctly notes ETF demand and the halving, but it may overweight these catalysts relative to Bitcoin’s historically large volatility and the possibility of ending the year below the starting reference price despite strong interim gains. A modest downward adjustment is warranted for calibration."", ""final_probability"": 0.54, ""reasoning"": ""Using the literal resolution criterion—Bitcoin’s price at the end of 2024 compared with its price on Jan 21, 2024—the odds are slightly above 50/50 but not by much. Bitcoin had supportive fundamentals in early 2024, including ETF-related demand and the upcoming halving, which increase the chance of a higher year-end price. However, Bitcoin’s volatility is extreme, and year-end performance can easily be negative even in a broadly favorable macro environment. So the probability of YES is modestly above even, but lower than the initial estimate.""}}"
validation,self_critique,41361,"In February 2026, will the weekly amount of finished motor gasoline supplied in the U.S. be highest in the final week of the month?","January 31, 2026",No,0,0.38,"I estimate a 38% chance of YES. The resolution is literal: among the weekly EIA readings that fall in February 2026, the final week must be the highest. With only about four weekly observations, a last-week maximum is plausible, but gasoline supplied is noisy and not strongly monotonic within a month. Seasonal late-winter/early-spring effects can help, yet they do not make the final week dominant. A probability in the high 30s balances the modest structural chance with substantial week-to-week randomness.",0.1444,ok,,2,"{""initial_forecast"": ""/Users/kenneth.cao/Desktop/Stat 390/AutoResearch_Prediction_Optimization/outputs/raw/validation/self_critique/41361/initial_forecast.json"", ""revision"": ""/Users/kenneth.cao/Desktop/Stat 390/AutoResearch_Prediction_Optimization/outputs/raw/validation/self_critique/41361/revision.json""}","{""initial_forecast"": {""probability"": 0.34, ""reasoning"": ""The question asks whether the weekly U.S. finished motor gasoline supplied in February 2026 will peak in the final week of the month. Gasoline demand often rises into late winter/early spring, but weekly EIA series are noisy and can be affected by weather, holidays, refinery outages, and reporting revisions. With only four weekly observations in February, the last week has a meaningful chance to be the highest, but not a dominant one; a mid-to-high 30s probability seems appropriate.""}, ""revision"": {""critique"": ""The initial forecast is directionally reasonable but a bit under-specified on the resolution mechanics. The question resolves based on the weekly EIA series for finished motor gasoline supplied during February 2026, and the final week only needs to be the single highest weekly value among the February weeks. Because February typically has only four weekly observations, the event is not especially rare, but weekly gasoline supplied is volatile and often influenced by weather, refinery operations, and holiday timing. The initial 0.34 may slightly underweight the chance that the last week benefits from late-month seasonal pickup or random noise, but it is not badly calibrated. The main adjustment is modestly upward to reflect that with only four draws, a last-week maximum is somewhat more likely than one-third, though still far from assured."", ""final_probability"": 0.38, ""reasoning"": ""I estimate a 38% chance of YES. The resolution is literal: among the weekly EIA readings that fall in February 2026, the final week must be the highest. With only about four weekly observations, a last-week maximum is plausible, but gasoline supplied is noisy and not strongly monotonic within a month. Seasonal late-winter/early-spring effects can help, yet they do not make the final week dominant. A probability in the high 30s balances the modest structural chance with substantial week-to-week randomness.""}}"
dev,self_critique,40201,Will Philadelphia Union win the 2025 MLS championship for US soccer?,"October 11, 2025",No,0,0.07,"Philadelphia Union are a credible playoff team, but MLS Cup is a short knockout tournament with substantial randomness, and many strong clubs can win it. On the forecast date, the relevant event is specifically winning the 2025 MLS championship/MLS Cup by the season’s end. Given the need to survive multiple elimination rounds and the presence of several comparable contenders, a probability in the high single digits is appropriate. I slightly raise the initial estimate to 7% to reflect that a strong MLS side can have a nontrivial title path, while still keeping the estimate conservative because championship conversion rates are low.",0.004900000000000001,ok,,2,"{""initial_forecast"": ""/Users/kenneth.cao/Desktop/Stat 390/AutoResearch_Prediction_Optimization/outputs/raw/dev/self_critique/40201/initial_forecast.json"", ""revision"": ""/Users/kenneth.cao/Desktop/Stat 390/AutoResearch_Prediction_Optimization/outputs/raw/dev/self_critique/40201/revision.json""}","{""initial_forecast"": {""probability"": 0.06, ""reasoning"": ""Philadelphia Union are a strong MLS regular-season side, but winning the MLS Cup is highly uncertain because it requires multiple playoff wins against top contenders and high variance in knockout matches. As of the forecast date, they are plausible contenders but not clear favorites, and the field includes several stronger or similarly strong clubs. A low-single-digit to mid-single-digit chance is appropriate.""}, ""revision"": {""critique"": ""The initial 6% estimate is directionally reasonable but may be a bit low if Philadelphia Union are among the better teams in the league entering the 2025 playoffs. The main calibration issue is that MLS Cup outcomes are highly noisy, and even strong teams rarely exceed low-teens title odds. However, the forecast should be literal about resolution: this resolves YES only if Philadelphia Union win the 2025 MLS championship (MLS Cup) by the deadline, not if they merely finish high in the regular season, win the Supporters’ Shield, or reach the final. There is also some uncertainty about whether the team is in a strong enough position on October 11, 2025 to merit a slightly higher chance than a generic contender, but not enough to move into double digits confidently."", ""final_probability"": 0.07, ""reasoning"": ""Philadelphia Union are a credible playoff team, but MLS Cup is a short knockout tournament with substantial randomness, and many strong clubs can win it. On the forecast date, the relevant event is specifically winning the 2025 MLS championship/MLS Cup by the season’s end. Given the need to survive multiple elimination rounds and the presence of several comparable contenders, a probability in the high single digits is appropriate. I slightly raise the initial estimate to 7% to reflect that a strong MLS side can have a nontrivial title path, while still keeping the estimate conservative because championship conversion rates are low.""}}"
dev,self_critique,20781,Will X declare bankruptcy in 2024?,"January 21, 2024",No,0,0.06,"As of Jan. 21, 2024, X was under financial strain but not obviously on the brink of a bankruptcy filing. The key factors cutting against bankruptcy were Elon Musk’s willingness and ability to support the company, the absence of a public liquidity crisis, and the fact that bankruptcy would be a drastic step for a major platform with ongoing operations. Factors increasing risk included heavy debt, weaker advertising demand, and operational volatility. Because the resolution is literal and time-bounded to 2024, the event needs to occur within the calendar year, which keeps the probability low. Still, given leverage and uncertainty, a small upward adjustment from 3% to 6% is warranted.",0.0036,ok,,2,"{""initial_forecast"": ""/Users/kenneth.cao/Desktop/Stat 390/AutoResearch_Prediction_Optimization/outputs/raw/dev/self_critique/20781/initial_forecast.json"", ""revision"": ""/Users/kenneth.cao/Desktop/Stat 390/AutoResearch_Prediction_Optimization/outputs/raw/dev/self_critique/20781/revision.json""}","{""initial_forecast"": {""probability"": 0.03, ""reasoning"": ""As of Jan. 21, 2024, X (formerly Twitter) was still operating and had not shown clear signs of imminent bankruptcy. While the company faced heavy debt, advertiser weakness, and ongoing restructuring under Elon Musk, bankruptcy would require a formal filing or equivalent declaration within 2024, which seemed unlikely absent a severe liquidity crisis. The base rate for a large platform like X entering bankruptcy in a single year is low.""}, ""revision"": {""critique"": ""The initial forecast is directionally reasonable but likely underestimates the chance of a bankruptcy-related event because it treats bankruptcy as requiring a full formal filing and assumes X’s operating status implies safety. For tournament purposes, the resolution may hinge on whether X or its parent enters bankruptcy, restructuring, or a formal insolvency proceeding by year-end, and the exact wording could capture a broader set of distress outcomes than a narrow Chapter 11 filing. That said, the forecast should still remain low because X had substantial revenue pressure but also a strong owner with access to capital, making an actual bankruptcy in 2024 unlikely. The main calibration issue is modest overconfidence in the 3% figure given the company’s leverage and uncertainty around ad performance and debt service."", ""final_probability"": 0.06, ""reasoning"": ""As of Jan. 21, 2024, X was under financial strain but not obviously on the brink of a bankruptcy filing. The key factors cutting against bankruptcy were Elon Musk’s willingness and ability to support the company, the absence of a public liquidity crisis, and the fact that bankruptcy would be a drastic step for a major platform with ongoing operations. Factors increasing risk included heavy debt, weaker advertising demand, and operational volatility. Because the resolution is literal and time-bounded to 2024, the event needs to occur within the calendar year, which keeps the probability low. Still, given leverage and uncertainty, a small upward adjustment from 3% to 6% is warranted.""}}"
dev,self_critique,22526,"Will Mike Johnson be Speaker of the House on May 20, 2024?","April 24, 2024",Yes,1,0.64,"As of April 24, 2024, Mike Johnson was still Speaker and the most likely outcome was that he would remain Speaker through May 20. However, the House was highly unstable, the Republican margin was thin, and Johnson faced meaningful risk from intra-party conflict, especially after recent high-stakes votes. Because the resolution is literal and date-specific, any resignation, removal, or replacement before May 20 would make the answer NO. Balancing incumbency and control of the chamber against the elevated leadership risk, a probability in the mid-60s is more calibrated than the initial 72%.",0.1296,ok,,2,"{""initial_forecast"": ""/Users/kenneth.cao/Desktop/Stat 390/AutoResearch_Prediction_Optimization/outputs/raw/dev/self_critique/22526/initial_forecast.json"", ""revision"": ""/Users/kenneth.cao/Desktop/Stat 390/AutoResearch_Prediction_Optimization/outputs/raw/dev/self_critique/22526/revision.json""}","{""initial_forecast"": {""probability"": 0.72, ""reasoning"": ""As of Apr. 24, 2024, Mike Johnson was the sitting Speaker and had recently survived a major challenge by passing aid bills with bipartisan support. The main risk was continued intra-party rebellion or a forced removal, but replacing a Speaker requires House action and Republicans still controlled the chamber. With only about four weeks until May 20, the most likely outcome is that Johnson remains Speaker on that date.""}, ""revision"": {""critique"": ""The initial forecast is directionally reasonable but somewhat overconfident. It treats Johnson’s incumbency and Republican control as strong protection, but the relevant question is literal: whether he is Speaker on May 20, 2024. That depends not just on surviving a formal removal vote, but also on any resignation, negotiated replacement, or procedural disruption before that date. In late April 2024, Johnson had just faced significant intra-party instability, and the House GOP majority was narrow enough that a small number of defections could matter. The forecast also leans on the idea that replacing a Speaker requires House action, which is true, but it underweights the possibility of voluntary resignation under pressure or a temporary vacancy if he were to step aside. Overall, 0.72 seems a bit high given the real risk of leadership turmoil over the next month, though the base rate still favors him remaining in place."", ""final_probability"": 0.64, ""reasoning"": ""As of April 24, 2024, Mike Johnson was still Speaker and the most likely outcome was that he would remain Speaker through May 20. However, the House was highly unstable, the Republican margin was thin, and Johnson faced meaningful risk from intra-party conflict, especially after recent high-stakes votes. Because the resolution is literal and date-specific, any resignation, removal, or replacement before May 20 would make the answer NO. Balancing incumbency and control of the chamber against the elevated leadership risk, a probability in the mid-60s is more calibrated than the initial 72%.""}}"
validation,self_critique,20775,Will SpaceX's Starship reach orbit in 2024?,"January 21, 2024",No,0,0.31,"Literal resolution requires Starship to reach orbit in 2024, not merely attempt an orbital flight. On Jan. 21, 2024, the evidence supported meaningful progress and a real chance of an orbital attempt, but not a high probability of actual orbital insertion within the year. SpaceX’s resources, iteration speed, and prior test flights increase the odds, yet the remaining technical and regulatory uncertainty is substantial. A revised estimate around 31% better reflects the difficulty of clearing all remaining hurdles before year-end.",0.0961,ok,,2,"{""initial_forecast"": ""/Users/kenneth.cao/Desktop/Stat 390/AutoResearch_Prediction_Optimization/outputs/raw/validation/self_critique/20775/initial_forecast.json"", ""revision"": ""/Users/kenneth.cao/Desktop/Stat 390/AutoResearch_Prediction_Optimization/outputs/raw/validation/self_critique/20775/revision.json""}","{""initial_forecast"": {""probability"": 0.42, ""reasoning"": ""As of Jan 21, 2024, Starship had already flown twice in 2023 and shown rapid iteration, so an orbital attempt in 2024 looked plausible. But reaching orbit is a much harder milestone than a suborbital test: it requires reliable stage separation, engine performance, thermal/structural margins, and launch cadence. SpaceX’s pace and resources make success within the year credible, yet the program was still early and failure risk remained high. A roughly even-but-slightly-below-even chance seems appropriate.""}, ""revision"": {""critique"": ""The initial forecast is directionally reasonable but a bit too high if interpreted literally. The resolution criterion is not just an orbital launch attempt; it requires Starship to actually reach orbit by Dec. 31, 2024. As of Jan. 21, 2024, Starship had not yet demonstrated full mission success, and the program still faced major technical and regulatory hurdles: booster/ship reliability, hot-staging, stage separation, engine relight, payload/propellant management, and FAA/launch-site constraints. SpaceX’s execution speed is a major positive, but orbital success in the same calendar year still depended on multiple sequential breakthroughs. The original 0.42 may underweight the chance of repeated test failures or schedule slippage and slightly overstate how quickly SpaceX could convert test flights into an orbital insertion."", ""final_probability"": 0.31, ""reasoning"": ""Literal resolution requires Starship to reach orbit in 2024, not merely attempt an orbital flight. On Jan. 21, 2024, the evidence supported meaningful progress and a real chance of an orbital attempt, but not a high probability of actual orbital insertion within the year. SpaceX’s resources, iteration speed, and prior test flights increase the odds, yet the remaining technical and regulatory uncertainty is substantial. A revised estimate around 31% better reflects the difficulty of clearing all remaining hurdles before year-end.""}}"
validation,self_critique,20776,Will cannabis be removed from Schedule I of the Controlled Substance Act before 2025?,"January 21, 2024",No,0,0.22,"As of the forecast date, the most relevant evidence was that HHS had recommended moving cannabis to Schedule III, which made some change plausible, but the literal question requires cannabis to be removed from Schedule I before 2025. That means final federal action had to be completed by Dec. 31, 2024, not merely proposed or initiated. DEA scheduling changes typically involve a formal rulemaking process and can be delayed by administrative and legal hurdles. Given the short timeline and uncertainty around implementation, the chance of a completed rescheduling by the deadline was meaningful but below one-third.",0.0484,ok,,2,"{""initial_forecast"": ""/Users/kenneth.cao/Desktop/Stat 390/AutoResearch_Prediction_Optimization/outputs/raw/validation/self_critique/20776/initial_forecast.json"", ""revision"": ""/Users/kenneth.cao/Desktop/Stat 390/AutoResearch_Prediction_Optimization/outputs/raw/validation/self_critique/20776/revision.json""}","{""initial_forecast"": {""probability"": 0.28, ""reasoning"": ""As of Jan. 21, 2024, rescheduling cannabis was plausible but far from certain. The Biden administration had already directed HHS/DEA review and HHS had reportedly recommended moving cannabis to Schedule III, which increased the odds of some federal change. However, the question is literal: cannabis must be removed from Schedule I before Jan. 1, 2025. That requires final federal action completing the rescheduling process in under a year, and DEA rulemaking plus potential legal/political delays made that timeline uncertain. A meaningful chance existed, but not a majority.""}, ""revision"": {""critique"": ""The initial forecast is directionally reasonable but likely a bit too high if interpreted literally. The key resolution detail is not whether cannabis is eventually rescheduled in principle, but whether it is actually removed from Schedule I by the deadline. On Jan. 21, 2024, the process was still at an early administrative stage: HHS had recommended Schedule III, but DEA rulemaking, notice-and-comment, and possible legal challenges meant completion before Jan. 1, 2025 was far from assured. The forecast also slightly underweights the possibility that even if the administration wanted to act, the procedural timeline could slip past the deadline. There is some chance of rapid executive action, but the base rate for completing a major controlled-substances rescheduling within one year is low. So the original 0.28 seems somewhat overconfident upward."", ""final_probability"": 0.22, ""reasoning"": ""As of the forecast date, the most relevant evidence was that HHS had recommended moving cannabis to Schedule III, which made some change plausible, but the literal question requires cannabis to be removed from Schedule I before 2025. That means final federal action had to be completed by Dec. 31, 2024, not merely proposed or initiated. DEA scheduling changes typically involve a formal rulemaking process and can be delayed by administrative and legal hurdles. Given the short timeline and uncertainty around implementation, the chance of a completed rescheduling by the deadline was meaningful but below one-third.""}}"
validation,self_critique,31253,Will the US unemployment rate in November 2025 be below the rate in November 2024?,"February 01, 2025",No,0,0.49,"I estimate a slightly-below-even chance that the official US unemployment rate in November 2025 will be below the November 2024 rate. The key is the year-over-year comparison of the BLS monthly unemployment rate, which is noisy and only reported to one decimal place. As of the forecast date, the labor market was not obviously deteriorating into recession, so a stable or modestly improving unemployment rate by late 2025 is plausible. But the event requires a specific November 2025 print to come in below a specific November 2024 print, and small changes may not be enough to move the published rate lower. Balancing those factors, I put the probability just under 50%.",0.24009999999999998,ok,,2,"{""initial_forecast"": ""/Users/kenneth.cao/Desktop/Stat 390/AutoResearch_Prediction_Optimization/outputs/raw/validation/self_critique/31253/initial_forecast.json"", ""revision"": ""/Users/kenneth.cao/Desktop/Stat 390/AutoResearch_Prediction_Optimization/outputs/raw/validation/self_critique/31253/revision.json""}","{""initial_forecast"": {""probability"": 0.46, ""reasoning"": ""The question compares the official US unemployment rate for November 2025 versus November 2024, so the key issue is whether the labor market is likely to be modestly tighter by late 2025 than a year earlier. As of Feb. 1, 2025, unemployment was still relatively low but had drifted up from its cycle lows, and the Fed had room to ease if growth softened. That makes a decline by Nov. 2025 plausible, but not the most likely outcome because unemployment is noisy month to month and late-2025 conditions could easily be flat or somewhat higher if growth slows. Overall, I’d put slightly below even odds on November 2025 being below November 2024.""}, ""revision"": {""critique"": ""The initial forecast is directionally reasonable but a bit under-justified on the resolution mechanics and slightly overconfident in treating this as a near-even call. The question resolves on the official BLS unemployment rate for November 2025 compared with November 2024, so the relevant comparison is year-over-year, not the path during 2025 or the average over the year. Because the unemployment rate is reported to one decimal place and is noisy month to month, a small true change may not show up as a lower printed rate. That makes the event somewhat harder to achieve than a generic ‘labor market improves’ story suggests. On the other hand, as of Feb. 1, 2025, the economy was not in recession, and if growth remained decent or the Fed eased without a sharp slowdown, a flat or slightly lower unemployment rate by late 2025 is plausible. The main calibration issue is that the original 0.46 may be a touch too low given that the comparison is against a potentially elevated November 2024 reading and that modest labor-market stabilization could produce a lower November 2025 print. Still, because month-specific unemployment is volatile and late-2025 macro conditions are uncertain, the probability should remain below 50%."", ""final_probability"": 0.49, ""reasoning"": ""I estimate a slightly-below-even chance that the official US unemployment rate in November 2025 will be below the November 2024 rate. The key is the year-over-year comparison of the BLS monthly unemployment rate, which is noisy and only reported to one decimal place. As of the forecast date, the labor market was not obviously deteriorating into recession, so a stable or modestly improving unemployment rate by late 2025 is plausible. But the event requires a specific November 2025 print to come in below a specific November 2024 print, and small changes may not be enough to move the published rate lower. Balancing those factors, I put the probability just under 50%.""}}"
dev,self_critique,31298,"Will there be at least 1,000 deaths due to direct conflict between Israel and Iran in 2025?","February 01, 2025",Yes,1,0.14,"Literal resolution: YES only if at least 1,000 deaths in 2025 are attributable to direct conflict between Israel and Iran. Proxy deaths and unrelated regional violence do not count. Starting from Feb. 1, 2025, the base rate for such a high fatality threshold is low because direct Israel-Iran exchanges had historically been limited and heavily constrained. Reaching 1,000 deaths would likely require a major escalation into sustained open conflict or a very large mass-casualty strike, both of which were possible but not the modal outcome. I therefore revise slightly downward from 0.18 to 0.14 to better reflect the difficulty of crossing such a high casualty threshold under the likely bounded-conflict dynamics.",0.7395999999999999,ok,,2,"{""initial_forecast"": ""/Users/kenneth.cao/Desktop/Stat 390/AutoResearch_Prediction_Optimization/outputs/raw/dev/self_critique/31298/initial_forecast.json"", ""revision"": ""/Users/kenneth.cao/Desktop/Stat 390/AutoResearch_Prediction_Optimization/outputs/raw/dev/self_critique/31298/revision.json""}","{""initial_forecast"": {""probability"": 0.18, ""reasoning"": ""As of Feb. 1, 2025, direct Israel-Iran conflict had already escalated but remained mostly limited to strikes, interceptions, and proxy-related fighting rather than sustained large-scale interstate war. Reaching 1,000 deaths specifically from direct Israel-Iran conflict within the rest of 2025 would likely require a major, prolonged escalation with repeated mass-casualty attacks or open war, which is possible but still relatively unlikely given strong deterrence, geographic distance, and incentives to avoid full-scale conflict.""}, ""revision"": {""critique"": ""The initial 0.18 looks directionally plausible but may be a bit too high if interpreted literally against the resolution criteria. The question requires at least 1,000 deaths due to direct conflict between Israel and Iran in calendar year 2025, not proxy violence, not regional spillover unless clearly attributable to direct Israel-Iran hostilities, and not cumulative deaths from unrelated events. As of Feb. 1, 2025, the direct conflict had shown a pattern of limited, highly signaled exchanges and strong incentives on both sides to avoid all-out war. Hitting 1,000 deaths would likely require either a sustained interstate war or one or more exceptionally lethal strikes, which is possible but still a tail outcome. The main calibration risk in the initial forecast is underweighting how hard it is for direct bilateral conflict to generate 1,000 fatalities without a major escalation, especially given distance, missile defense, and the tendency for both sides to keep exchanges bounded. On the other hand, it should not be pushed too low because the situation was already more dangerous than a normal deterrence standoff, and a single miscalculation could produce a large jump in casualties."", ""final_probability"": 0.14, ""reasoning"": ""Literal resolution: YES only if at least 1,000 deaths in 2025 are attributable to direct conflict between Israel and Iran. Proxy deaths and unrelated regional violence do not count. Starting from Feb. 1, 2025, the base rate for such a high fatality threshold is low because direct Israel-Iran exchanges had historically been limited and heavily constrained. Reaching 1,000 deaths would likely require a major escalation into sustained open conflict or a very large mass-casualty strike, both of which were possible but not the modal outcome. I therefore revise slightly downward from 0.18 to 0.14 to better reflect the difficulty of crossing such a high casualty threshold under the likely bounded-conflict dynamics.""}}"
validation,self_critique,20753,Will Benjamin Netanyahu remain Prime Minister of Israel throughout 2024?,"January 21, 2024",Yes,1,0.46,"Netanyahu starts 2024 in office with a functioning coalition, and the main ways to get a NO require him to lose office at some point during the calendar year. That is plausible given war pressure and domestic instability, but not the modal outcome. Israeli coalition governments can be fragile, yet wartime politics often reduce immediate replacement risk. A modest upward adjustment from 0.42 to 0.46 better reflects the combination of real instability and substantial incumbency/institutional inertia.",0.2916,ok,,2,"{""initial_forecast"": ""/Users/kenneth.cao/Desktop/Stat 390/AutoResearch_Prediction_Optimization/outputs/raw/validation/self_critique/20753/initial_forecast.json"", ""revision"": ""/Users/kenneth.cao/Desktop/Stat 390/AutoResearch_Prediction_Optimization/outputs/raw/validation/self_critique/20753/revision.json""}","{""initial_forecast"": {""probability"": 0.42, ""reasoning"": ""As of Jan. 21, 2024 Netanyahu was PM, but 2024 looked politically fragile: the Gaza war could either strengthen him or trigger major backlash, coalition instability, or an election/leadership change. The question is literal and requires him to remain PM for the entire calendar year, so any resignation, replacement, or interim government before Dec. 31 makes it NO. Given the coalition’s dependence on wartime politics but also substantial domestic pressure and uncertainty, a slightly-below-even chance of surviving the full year seems appropriate.""}, ""revision"": {""critique"": ""The initial forecast is directionally reasonable but a bit under-specified on the resolution criteria and slightly overconfident in the downside. The key literal issue is that the question resolves YES only if Netanyahu remains Prime Minister continuously through Dec. 31, 2024; any temporary replacement, resignation, or loss of office before then makes it NO. That said, as of Jan. 21, 2024 there was no obvious near-term mechanism forcing him out: his coalition still held a parliamentary majority, Israeli governments are often durable absent a clear coalition collapse, and wartime conditions can actually stabilize incumbents. The forecast may overweight generic political fragility and underweight the institutional inertia and the fact that a full-year removal requires a fairly specific chain of events. On the other hand, it should still reflect meaningful risk from war-related backlash, coalition defections, and possible early elections or leadership changes, so the probability should remain below 0.5 but not by a huge margin."", ""final_probability"": 0.46, ""reasoning"": ""Netanyahu starts 2024 in office with a functioning coalition, and the main ways to get a NO require him to lose office at some point during the calendar year. That is plausible given war pressure and domestic instability, but not the modal outcome. Israeli coalition governments can be fragile, yet wartime politics often reduce immediate replacement risk. A modest upward adjustment from 0.42 to 0.46 better reflects the combination of real instability and substantial incumbency/institutional inertia.""}}"
dev,self_critique,31348,Will the US government release additional Epstein documents in 2025?,"February 01, 2025",Yes,1,0.64,"By Feb. 1, 2025, there were several plausible pathways for additional Epstein documents to become public in 2025, including court unsealing, FOIA litigation, and agency disclosures. Because the question is literal and only requires any additional US government release during the calendar year, the bar is not extremely high. Still, such releases are often delayed, redacted, or blocked, and public pressure alone does not ensure a release by year-end. Balancing the multiple avenues for disclosure against timing and legal uncertainty, I estimate a 64% chance of YES.",0.1296,ok,,2,"{""initial_forecast"": ""/Users/kenneth.cao/Desktop/Stat 390/AutoResearch_Prediction_Optimization/outputs/raw/dev/self_critique/31348/initial_forecast.json"", ""revision"": ""/Users/kenneth.cao/Desktop/Stat 390/AutoResearch_Prediction_Optimization/outputs/raw/dev/self_critique/31348/revision.json""}","{""initial_forecast"": {""probability"": 0.72, ""reasoning"": ""As of Feb. 1, 2025, there is strong ongoing pressure for more Epstein-related disclosures from courts, FOIA litigation, congressional interest, and public demand. The US government has already released substantial Epstein material in prior years, and additional documents could plausibly be released in 2025 through DOJ/FBI, court unsealing, or FOIA responses. The main uncertainty is the literal resolution criterion: whether any new federal release occurs by Dec. 31, 2025. Given the high likelihood of at least some additional document release, but not certainty about timing or scope, I estimate a fairly high probability.""}, ""revision"": {""critique"": ""The initial forecast is directionally reasonable but somewhat overconfident. It treats broad public pressure and the existence of ongoing litigation as if they translate fairly directly into a 2025 release, but the resolution is literal and could hinge on a narrow event: any new federal document release that is publicly attributable to the US government by Dec. 31, 2025. That is easier than a major disclosure package, but still not guaranteed. The forecast also does not distinguish between documents already slated for release via routine court proceedings and genuinely new government action; if the question expects a fresh release rather than merely continued unsealing of existing court records, the probability should be lower. On the other hand, the existence of multiple channels for release (court unsealing, FOIA, DOJ/FBI disclosures, congressional pressure) does support a majority chance. Overall, 0.72 is a bit high; a more calibrated estimate is in the low-to-mid 60s."", ""final_probability"": 0.64, ""reasoning"": ""By Feb. 1, 2025, there were several plausible pathways for additional Epstein documents to become public in 2025, including court unsealing, FOIA litigation, and agency disclosures. Because the question is literal and only requires any additional US government release during the calendar year, the bar is not extremely high. Still, such releases are often delayed, redacted, or blocked, and public pressure alone does not ensure a release by year-end. Balancing the multiple avenues for disclosure against timing and legal uncertainty, I estimate a 64% chance of YES.""}}"
dev,self_critique,31303,Will inflation-adjusted gas prices rise in the US in 2025?,"February 01, 2025",No,0,0.38,"Using the literal resolution standard, the question is YES only if inflation-adjusted US gas prices are higher in 2025 than the comparison baseline implied by the tournament’s measurement convention. Real gas prices tend to be driven by nominal gasoline movements minus CPI inflation. In a typical year, nominal gas prices can swing materially, but absent a major supply shock, they often do not sustain a large enough rise to outpace inflation over the full year. Since 2025 inflation is likely positive and gas prices are highly volatile but mean-reverting, I think a real increase is somewhat less likely than not. Still, the chance is meaningful because oil/geopolitical shocks can quickly push nominal prices up enough to overcome inflation. Net: below 50%, but not extremely low.",0.1444,ok,,2,"{""initial_forecast"": ""/Users/kenneth.cao/Desktop/Stat 390/AutoResearch_Prediction_Optimization/outputs/raw/dev/self_critique/31303/initial_forecast.json"", ""revision"": ""/Users/kenneth.cao/Desktop/Stat 390/AutoResearch_Prediction_Optimization/outputs/raw/dev/self_critique/31303/revision.json""}","{""initial_forecast"": {""probability"": 0.42, ""reasoning"": ""Literal read: the question resolves YES if US gas prices, adjusted for inflation, are higher at the end of 2025 than at the start (or otherwise clearly rise over the year). Nominal gas prices are volatile and driven by oil, refining, and geopolitics, while inflation in 2025 is likely to be positive, which makes a real-price increase harder than a nominal one. On balance, I expect some chance of a year-end rebound in nominal gas prices, but inflation-adjusted prices are more likely to be flat or down than up.""}, ""revision"": {""critique"": ""The initial forecast is directionally reasonable but a bit under-specified about the resolution criterion. For ACX-style questions, the key issue is usually whether a standard inflation-adjusted US gas price series is higher at the end of 2025 than at the start (or over the relevant comparison window), not whether there is some intra-year spike. The forecast should therefore focus on year-end real prices versus early-2025 real prices, and on the fact that inflation adjustment makes a nominal increase less likely to count as a real increase. The main calibration issue is that 0.42 may be slightly too high if the baseline expectation is modest inflation, no strong reason for a sustained oil shock, and mean reversion in gasoline prices. On the other hand, gas prices are volatile enough that a nontrivial chance of a real increase remains, so the original forecast is not wildly off."", ""final_probability"": 0.38, ""reasoning"": ""Using the literal resolution standard, the question is YES only if inflation-adjusted US gas prices are higher in 2025 than the comparison baseline implied by the tournament’s measurement convention. Real gas prices tend to be driven by nominal gasoline movements minus CPI inflation. In a typical year, nominal gas prices can swing materially, but absent a major supply shock, they often do not sustain a large enough rise to outpace inflation over the full year. Since 2025 inflation is likely positive and gas prices are highly volatile but mean-reverting, I think a real increase is somewhat less likely than not. Still, the chance is meaningful because oil/geopolitical shocks can quickly push nominal prices up enough to overcome inflation. Net: below 50%, but not extremely low.""}}"
validation,self_critique,31620,Will Israel establish direct governmental control of the Gaza Strip in 2025?,"February 01, 2025",No,0,0.21,"A literal YES requires Israel to establish direct governmental control, not just military presence or indirect influence. On the forecast date, that outcome was plausible but not the modal scenario. The most likely paths remained continued military operations, partial occupation without formal governance, or some alternative governance arrangement. Given the political, logistical, and international costs of direct administration, I assign a lower probability than the initial estimate.",0.04409999999999999,ok,,2,"{""initial_forecast"": ""/Users/kenneth.cao/Desktop/Stat 390/AutoResearch_Prediction_Optimization/outputs/raw/validation/self_critique/31620/initial_forecast.json"", ""revision"": ""/Users/kenneth.cao/Desktop/Stat 390/AutoResearch_Prediction_Optimization/outputs/raw/validation/self_critique/31620/revision.json""}","{""initial_forecast"": {""probability"": 0.28, ""reasoning"": ""As of Feb. 1, 2025, Israel had not announced or implemented a formal plan to directly govern Gaza, and the dominant stated war aims remained defeating Hamas and securing hostages rather than annexation or permanent administration. However, the chance is non-trivial because the war could escalate into a prolonged occupation or de facto direct military administration if ceasefire/alternative governance efforts fail. Literal resolution likely requires Israel to establish an official governmental administration over Gaza, which is possible but still less likely than continued indirect control, military operations, or a third-party/Palestinian governance arrangement.""}, ""revision"": {""critique"": ""The initial forecast is directionally reasonable but a bit too high if the resolution is interpreted literally. The key issue is that the question asks whether Israel will establish direct governmental control of the Gaza Strip in 2025, which is stricter than merely maintaining military occupation, conducting raids, or exerting security control. A literal YES likely requires some formal Israeli governmental administration or equivalent direct civil governance over Gaza, not just de facto battlefield control. As of Feb. 1, 2025, Israel’s public posture still emphasized defeating Hamas and hostage recovery, while avoiding clear commitment to reoccupy or directly administer Gaza. That makes YES possible but still relatively unlikely. The initial 0.28 may overstate the chance that Israel crosses the threshold from military control to direct governmental control within the year, especially given diplomatic pressure, the burden of governing Gaza, and the availability of alternative arrangements. At the same time, the forecast should not be too low because wartime dynamics could force a temporary direct administration if no other governance structure emerges."", ""final_probability"": 0.21, ""reasoning"": ""A literal YES requires Israel to establish direct governmental control, not just military presence or indirect influence. On the forecast date, that outcome was plausible but not the modal scenario. The most likely paths remained continued military operations, partial occupation without formal governance, or some alternative governance arrangement. Given the political, logistical, and international costs of direct administration, I assign a lower probability than the initial estimate.""}}"
validation,self_critique,20748,Will the FDA or EMA withdraw approval of semaglutide for the treatment of obesity or diabetes in 2024?,"January 21, 2024",No,0,0.02,"As of the forecast date, semaglutide had major FDA/EMA approvals and no obvious pending withdrawal. For the question to resolve YES, either regulator would need to withdraw approval in 2024 for obesity or diabetes, which is an extreme event. The base rate for such withdrawals of a widely used, successful drug over a single year is very low. However, because the criterion is literal and could be satisfied by a partial or region-specific withdrawal, the probability should be slightly above 1%, not exactly at the floor.",0.0004,ok,,2,"{""initial_forecast"": ""/Users/kenneth.cao/Desktop/Stat 390/AutoResearch_Prediction_Optimization/outputs/raw/validation/self_critique/20748/initial_forecast.json"", ""revision"": ""/Users/kenneth.cao/Desktop/Stat 390/AutoResearch_Prediction_Optimization/outputs/raw/validation/self_critique/20748/revision.json""}","{""initial_forecast"": {""probability"": 0.01, ""reasoning"": ""A withdrawal of approval by either FDA or EMA for semaglutide in 2024 would be an extreme, highly disruptive regulatory action. As of Jan. 21, 2024, semaglutide had strong approvals and broad use for diabetes and obesity, with no clear signal of imminent withdrawal. Safety concerns existed, but they were not of the kind that typically lead to full withdrawal within a year. The literal criterion is strict, so the base rate is very low.""}, ""revision"": {""critique"": ""The initial forecast is directionally reasonable but likely a bit too low and somewhat overconfident. The resolution criterion is literal: any FDA or EMA withdrawal of approval for semaglutide for obesity or diabetes during calendar year 2024 would count, even if partial, temporary, or limited to one indication/region. That said, full withdrawal of a blockbuster drug with strong efficacy and no known regulatory crisis as of Jan. 21, 2024 is still very unlikely. The main calibration issue is that 0.01 may understate tail risk from unforeseen safety signals, manufacturing issues, or regulatory actions that could arise within a year. A small upward adjustment is warranted to reflect that nonzero possibility while keeping the probability very low."", ""final_probability"": 0.02, ""reasoning"": ""As of the forecast date, semaglutide had major FDA/EMA approvals and no obvious pending withdrawal. For the question to resolve YES, either regulator would need to withdraw approval in 2024 for obesity or diabetes, which is an extreme event. The base rate for such withdrawals of a widely used, successful drug over a single year is very low. However, because the criterion is literal and could be satisfied by a partial or region-specific withdrawal, the probability should be slightly above 1%, not exactly at the floor.""}}"
validation,self_critique,40186,Will the EU have an average annual inflation rate of at least 2.5% for any month before December 2025?,"October 06, 2025",Yes,1,0.62,"As of the forecast date, there are only a couple of monthly inflation observations left before December 2025. The resolution criterion is satisfied if any one of those monthly EU inflation readings is at least 2.5%. That is plausible because inflation can be sticky and monthly releases can bounce above threshold even in a cooling environment. However, if the EU inflation trend has been easing through 2025, there is a meaningful chance that both remaining readings stay below 2.5%. Given the short remaining horizon and the threshold being modest but not trivial, a probability in the low 60s is more calibrated than the initial 78%.",0.1444,ok,,2,"{""initial_forecast"": ""/Users/kenneth.cao/Desktop/Stat 390/AutoResearch_Prediction_Optimization/outputs/raw/validation/self_critique/40186/initial_forecast.json"", ""revision"": ""/Users/kenneth.cao/Desktop/Stat 390/AutoResearch_Prediction_Optimization/outputs/raw/validation/self_critique/40186/revision.json""}","{""initial_forecast"": {""probability"": 0.78, ""reasoning"": ""The question asks whether the EU will have an average annual inflation rate of at least 2.5% for any month before December 2025, which is a relatively low threshold given recent euro-area/EU inflation dynamics and the possibility of monthly readings staying above target for at least one more release. By Oct. 6, 2025, there are still multiple monthly inflation observations left before December, and even if inflation is trending down, a single month at or above 2.5% is plausible. The main uncertainty is whether the relevant EU-wide measure has already fallen below 2.5% and remains there, but the threshold is not high enough to make that likely enough to rule out.""}, ""revision"": {""critique"": ""The initial forecast is directionally reasonable but likely overconfident. The key issue is resolution ambiguity: the question says \""EU\"" and \""average annual inflation rate\"" without specifying a particular statistical series, but in Metaculus-style questions this usually refers to the official EU/HICP annual inflation measure. The phrase \""for any month before December 2025\"" means the event resolves YES if at least one monthly inflation release from October or November 2025 is at or above 2.5%, not if the average over the period is 2.5%. That makes the bar somewhat easier than it first appears, but the forecast should still account for the fact that by October 2025 inflation may already be near or below target and monthly readings can be volatile. The initial 0.78 seems high given that a sustained 2.5%+ reading is not guaranteed and the remaining window is short. A more calibrated estimate should reflect moderate likelihood rather than near-certainty."", ""final_probability"": 0.62, ""reasoning"": ""As of the forecast date, there are only a couple of monthly inflation observations left before December 2025. The resolution criterion is satisfied if any one of those monthly EU inflation readings is at least 2.5%. That is plausible because inflation can be sticky and monthly releases can bounce above threshold even in a cooling environment. However, if the EU inflation trend has been easing through 2025, there is a meaningful chance that both remaining readings stay below 2.5%. Given the short remaining horizon and the threshold being modest but not trivial, a probability in the low 60s is more calibrated than the initial 78%.""}}"
dev,self_critique,31098,"Will Donald Trump have a positive net favorability rate on December 20, 2025, according to 538?","February 01, 2025",No,0,0.39,"As of Feb. 1, 2025, Trump’s favorability is generally expected to be negative or near-neutral but not clearly positive. The resolution is literal: YES if 538 shows a positive net favorability rate on Dec. 20, 2025, meaning favorable minus unfavorable is above zero on that date. A positive reading is possible if his approval improves during the year, but Trump’s favorability has historically been persistently polarized and often underwater, which makes a positive net rating on a fixed late-2025 date somewhat less likely than not. I slightly raise the probability from the initial forecast because a sitting president can experience meaningful swings and the exact date could catch a temporary upswing, but the baseline still favors NO.",0.1521,ok,,2,"{""initial_forecast"": ""/Users/kenneth.cao/Desktop/Stat 390/AutoResearch_Prediction_Optimization/outputs/raw/dev/self_critique/31098/initial_forecast.json"", ""revision"": ""/Users/kenneth.cao/Desktop/Stat 390/AutoResearch_Prediction_Optimization/outputs/raw/dev/self_critique/31098/revision.json""}","{""initial_forecast"": {""probability"": 0.34, ""reasoning"": ""As of Feb. 1, 2025, Trump’s favorability is typically underwater in national polling, and 538’s net favorability metric would need him to be above 50% favorable on Dec. 20, 2025 to resolve YES. While a presidency can improve ratings, Trump has historically had persistent negative favorability and strong polarization, making a positive net rating by that specific date more likely than not to remain unlikely. The deadline is late in the year, so there is time for movement, but the baseline still favors a negative net favorability.""}, ""revision"": {""critique"": ""The initial forecast is directionally reasonable but a bit under-justified on the exact resolution criteria. The key issue is that the question is about 538’s net favorability rate on a specific date, which likely means the value shown by 538’s tracker on Dec. 20, 2025, not a general polling average or a threshold like being above 50% favorable. The forecast should therefore focus on whether 538’s measure will be above zero on that date. The initial reasoning also leans too heavily on Trump’s historical underwater favorability without fully accounting for the possibility that a second-term president can sustain or briefly achieve positive ratings, especially early in a term or amid favorable political conditions. That said, Trump’s long-run favorability has usually been negative, and by late 2025 the odds still seem somewhat below even. The original 0.34 is plausible but slightly low given the chance of a temporary rebound or a favorable 538 methodology snapshot."", ""final_probability"": 0.39, ""reasoning"": ""As of Feb. 1, 2025, Trump’s favorability is generally expected to be negative or near-neutral but not clearly positive. The resolution is literal: YES if 538 shows a positive net favorability rate on Dec. 20, 2025, meaning favorable minus unfavorable is above zero on that date. A positive reading is possible if his approval improves during the year, but Trump’s favorability has historically been persistently polarized and often underwater, which makes a positive net rating on a fixed late-2025 date somewhat less likely than not. I slightly raise the probability from the initial forecast because a sitting president can experience meaningful swings and the exact date could catch a temporary upswing, but the baseline still favors NO.""}}"
validation,self_critique,40726,Will Nvidia's stock price reach a new record close in February 2026?,"January 31, 2026",No,0,0.54,"A literal read means NVDA must set a new all-time closing high at least once during February 2026, not just trade above prior highs intraday. That is a plausible but not dominant outcome over a single month. Nvidia’s momentum and volatility make fresh record closes fairly likely in favorable tape, but the short deadline and the possibility of a broad tech/semiconductor pullback keep the probability below even odds. I would trim the initial estimate modestly to 0.54.",0.2916,ok,,2,"{""initial_forecast"": ""/Users/kenneth.cao/Desktop/Stat 390/AutoResearch_Prediction_Optimization/outputs/raw/validation/self_critique/40726/initial_forecast.json"", ""revision"": ""/Users/kenneth.cao/Desktop/Stat 390/AutoResearch_Prediction_Optimization/outputs/raw/validation/self_critique/40726/revision.json""}","{""initial_forecast"": {""probability"": 0.58, ""reasoning"": ""Resolution is literal: NVDA must close at a new all-time high at least once during February 2026. Nvidia is highly volatile and has strong momentum/AI-driven sentiment, so a fresh record close in a one-month window is plausible. But after a large prior run-up, making a new high within just February is far from certain, and any broad market or semiconductor pullback could prevent it.""}, ""revision"": {""critique"": ""The initial forecast is directionally reasonable but a bit under-specified on the resolution mechanics. The key criterion is not merely an intramonth high, but a new record close at any point during February 2026, using the official daily closing price. That makes the event somewhat easier than a new intraday high, but still constrained by a one-month window. The 0.58 estimate may be slightly overconfident given the need for NVDA to overcome any market-wide or sector-specific drawdown within a short period, and because after a strong multi-year run, incremental new closing highs can become less frequent. On the other hand, the stock’s high beta, AI narrative, and tendency to trend in strong markets support a meaningful chance. Overall, the initial probability seems a touch high but not dramatically so."", ""final_probability"": 0.54, ""reasoning"": ""A literal read means NVDA must set a new all-time closing high at least once during February 2026, not just trade above prior highs intraday. That is a plausible but not dominant outcome over a single month. Nvidia’s momentum and volatility make fresh record closes fairly likely in favorable tape, but the short deadline and the possibility of a broad tech/semiconductor pullback keep the probability below even odds. I would trim the initial estimate modestly to 0.54.""}}"
validation,three_perspectives_judge,20775,Will SpaceX's Starship reach orbit in 2024?,"January 21, 2024",No,0,0.34,"Literal YES requires Starship to actually reach orbit by Dec. 31, 2024, not merely fly high or nearly orbital. As of Jan. 21, 2024 it had not done so, and the remaining hurdles were substantial: upper-stage reliability, thermal protection, launch licensing, and the possibility of delays from failures. SpaceX’s unusually fast iteration and resources make it plausible, but the base rate for a brand-new super-heavy orbital system is still low. I’d put it somewhat below even odds, around one-third.",0.11560000000000002,ok,,4,"{""base_rate"": ""/Users/kenneth.cao/Desktop/Stat 390/AutoResearch_Prediction_Optimization/outputs/raw/validation/three_perspectives_judge/20775/base_rate.json"", ""skeptic"": ""/Users/kenneth.cao/Desktop/Stat 390/AutoResearch_Prediction_Optimization/outputs/raw/validation/three_perspectives_judge/20775/skeptic.json"", ""optimist"": ""/Users/kenneth.cao/Desktop/Stat 390/AutoResearch_Prediction_Optimization/outputs/raw/validation/three_perspectives_judge/20775/optimist.json"", ""judge"": ""/Users/kenneth.cao/Desktop/Stat 390/AutoResearch_Prediction_Optimization/outputs/raw/validation/three_perspectives_judge/20775/judge.json""}","{""base_rate"": {""probability"": 0.42, ""reasoning"": ""Outside view: orbital launch is a much higher bar than prior Starship test flights, but SpaceX has unusually strong resources, iteration speed, and demonstrated willingness to fly rapidly after failures. As of Jan 21, 2024, Starship had not yet reached orbit, so the remaining window is one year. Base rates for new orbital super-heavy launch systems are low, but SpaceX is not a typical entrant. I’d put a modestly-below-even chance on at least one Starship reaching orbit by end of 2024.""}, ""skeptic"": {""probability"": 0.28, ""reasoning"": ""Skeptical view: as of Jan 21, 2024 Starship had not yet reached orbit, and doing so in 2024 still required overcoming major blockers: rapid reuse of a very large new launch system, reliable upper-stage engine relight/thermal protection, launch licensing, and the risk of further pad/vehicle failures causing long delays. SpaceX is unusually capable and could iterate quickly, so YES is plausible, but the literal criterion is demanding and any failure to achieve a true orbital insertion by Dec. 31, 2024 makes the answer NO. Given the remaining technical and regulatory uncertainty, I put it below even odds.""}, ""optimist"": {""probability"": 0.42, ""reasoning"": ""As of Jan 21, 2024, Starship had already shown substantial progress: two integrated flight tests had reached near-orbital velocity/trajectory and demonstrated rapid iteration, with SpaceX publicly aiming for multiple launches in 2024. A literal YES likely requires an orbital insertion or at least a flight that clearly reaches orbit before year-end, which is hard but plausible if SpaceX solves upper-stage reliability, launch licensing, and pad turnaround quickly. The optimistic case is that SpaceX’s development pace is unusually fast and the vehicle has already cleared many major hurdles; if one or two more test flights succeed, an orbital attempt could happen in 2024. Still, the remaining technical and regulatory risks are large, so I’d put it below even odds but meaningfully possible.""}, ""judge"": {""final_probability"": 0.34, ""reasoning"": ""Literal YES requires Starship to actually reach orbit by Dec. 31, 2024, not merely fly high or nearly orbital. As of Jan. 21, 2024 it had not done so, and the remaining hurdles were substantial: upper-stage reliability, thermal protection, launch licensing, and the possibility of delays from failures. SpaceX’s unusually fast iteration and resources make it plausible, but the base rate for a brand-new super-heavy orbital system is still low. I’d put it somewhat below even odds, around one-third.""}}"
dev,self_critique,31326,"Will OpenAI top the Chatbot Arena Leaderboard on December 31, 2025?","February 01, 2025",No,0,0.54,"OpenAI has a strong baseline chance because it has substantial resources, a proven ability to ship frontier models, and historically performs very well on Chatbot Arena-style preference benchmarks. But the resolution is literal and date-specific: OpenAI must be on top of the leaderboard on December 31, 2025, not merely among the leaders at some point during the year. That creates meaningful downside from competitor breakthroughs, rapid iteration by rivals, and possible leaderboard volatility or methodology changes. Given those factors, the probability remains above 50% but should be tempered below the initial estimate.",0.2916,ok,,2,"{""initial_forecast"": ""/Users/kenneth.cao/Desktop/Stat 390/AutoResearch_Prediction_Optimization/outputs/raw/dev/self_critique/31326/initial_forecast.json"", ""revision"": ""/Users/kenneth.cao/Desktop/Stat 390/AutoResearch_Prediction_Optimization/outputs/raw/dev/self_critique/31326/revision.json""}","{""initial_forecast"": {""probability"": 0.62, ""reasoning"": ""OpenAI is a strong contender to be at or near the top of Chatbot Arena by year-end 2025, given its resources, model cadence, and historical performance. However, the outcome is literal and depends on the specific leaderboard snapshot on Dec. 31, 2025, which is vulnerable to rapid competition from Anthropic, Google, and open-weight models, plus possible leaderboard methodology changes. So the chance is meaningfully above 50% but far from certain.""}, ""revision"": {""critique"": ""The initial forecast is directionally reasonable but a bit overconfident. It treats OpenAI as a generic strong contender without fully accounting for the literal resolution rule: the question is not whether OpenAI has the best model in general, but whether it is ranked #1 on the specific Chatbot Arena leaderboard snapshot on December 31, 2025. That makes the event sensitive to late-year releases, leaderboard churn, ties, and any methodology or naming changes. It also implicitly assumes OpenAI’s cadence will remain sufficient to stay ahead, but competitors like Anthropic, Google, and strong open-weight entrants could plausibly overtake or match OpenAI by year-end. The original 0.62 seems somewhat high for a single-date, highly competitive leaderboard outcome; a modest downward adjustment is warranted."", ""final_probability"": 0.54, ""reasoning"": ""OpenAI has a strong baseline chance because it has substantial resources, a proven ability to ship frontier models, and historically performs very well on Chatbot Arena-style preference benchmarks. But the resolution is literal and date-specific: OpenAI must be on top of the leaderboard on December 31, 2025, not merely among the leaders at some point during the year. That creates meaningful downside from competitor breakthroughs, rapid iteration by rivals, and possible leaderboard volatility or methodology changes. Given those factors, the probability remains above 50% but should be tempered below the initial estimate.""}}"
validation,self_critique,22390,"Will Donald Trump file a new writ petition or application for stay with the US Supreme Court between April 16 and May 19, 2024?","April 21, 2024",No,0,0.16,"I estimate a 16% chance of YES. The question requires a new writ petition or stay application actually filed with the U.S. Supreme Court between Apr. 16 and May 19, 2024. That is a narrow, event-driven condition, and there was no guarantee that a qualifying adverse ruling or deadline would trigger a Supreme Court filing in that exact period. Trump had strong incentives to seek emergency relief when useful, but such filings are still contingent and relatively uncommon over a one-month window. So the probability is meaningfully below even odds, but not negligible because his legal posture made Supreme Court emergency practice plausible.",0.0256,ok,,2,"{""initial_forecast"": ""/Users/kenneth.cao/Desktop/Stat 390/AutoResearch_Prediction_Optimization/outputs/raw/validation/self_critique/22390/initial_forecast.json"", ""revision"": ""/Users/kenneth.cao/Desktop/Stat 390/AutoResearch_Prediction_Optimization/outputs/raw/validation/self_critique/22390/revision.json""}","{""initial_forecast"": {""probability"": 0.18, ""reasoning"": ""As of Apr. 21, 2024, Trump had strong incentives to seek emergency Supreme Court relief in ongoing criminal/civil matters, but the question is narrow: a new writ petition or stay application filed with the U.S. Supreme Court between Apr. 16 and May 19, 2024. Such filings are possible but not routine, and the window is short. Given the likelihood of continued litigation and the Supreme Court’s role as a last-resort venue, a filing is plausible but still more likely than not not to occur in that exact period.""}, ""revision"": {""critique"": ""The initial forecast is directionally reasonable but a bit under-justified on the resolution mechanics. The key issue is that the question is not whether Trump seeks Supreme Court relief in general, but whether he files a new writ petition or stay application with the U.S. Supreme Court during a specific 34-day window. That makes the base rate lower than a generic “will he appeal?” question. On the other hand, the forecast may be slightly too low because by mid-April 2024 Trump had strong incentives to seek emergency relief in fast-moving litigation, and the Supreme Court was actively relevant to his legal strategy. The main calibration risk is assuming a filing is “possible but not routine” without anchoring to the fact that emergency Supreme Court filings can happen quickly and repeatedly when deadlines or adverse rulings arise. Still, absent a clearly pending Supreme Court deadline in that exact window, the probability should remain below 50% and likely in the low-to-mid teens rather than near 20% if being literal about the narrow filing criterion."", ""final_probability"": 0.16, ""reasoning"": ""I estimate a 16% chance of YES. The question requires a new writ petition or stay application actually filed with the U.S. Supreme Court between Apr. 16 and May 19, 2024. That is a narrow, event-driven condition, and there was no guarantee that a qualifying adverse ruling or deadline would trigger a Supreme Court filing in that exact period. Trump had strong incentives to seek emergency relief when useful, but such filings are still contingent and relatively uncommon over a one-month window. So the probability is meaningfully below even odds, but not negligible because his legal posture made Supreme Court emergency practice plausible.""}}"
dev,three_perspectives_judge,31303,Will inflation-adjusted gas prices rise in the US in 2025?,"February 01, 2025",No,0,0.54,"Slightly above even odds. The literal resolution is whether inflation-adjusted US gas prices are higher at the relevant 2025 comparison point than the baseline. Gasoline prices are volatile, and a modest nominal increase can translate into a real increase if inflation is not equally high. But US supply is relatively flexible, demand can soften, and prices often mean-revert, so a large real rise is not especially likely. The provided forecasts cluster around the high-0.4s to high-0.5s; I lean a bit toward YES but below the base-rate-style 0.58 because the question is sensitive to timing and inflation can offset nominal moves.",0.2916,ok,,4,"{""base_rate"": ""/Users/kenneth.cao/Desktop/Stat 390/AutoResearch_Prediction_Optimization/outputs/raw/dev/three_perspectives_judge/31303/base_rate.json"", ""skeptic"": ""/Users/kenneth.cao/Desktop/Stat 390/AutoResearch_Prediction_Optimization/outputs/raw/dev/three_perspectives_judge/31303/skeptic.json"", ""optimist"": ""/Users/kenneth.cao/Desktop/Stat 390/AutoResearch_Prediction_Optimization/outputs/raw/dev/three_perspectives_judge/31303/optimist.json"", ""judge"": ""/Users/kenneth.cao/Desktop/Stat 390/AutoResearch_Prediction_Optimization/outputs/raw/dev/three_perspectives_judge/31303/judge.json""}","{""base_rate"": {""probability"": 0.58, ""reasoning"": ""Base rates slightly favor a year-over-year rise in real US gasoline prices over a full calendar year, because nominal pump prices are volatile and inflation can fall faster than gas prices in some years, but oil markets and demand conditions make the direction uncertain. On a literal 2025-vs-2024 comparison, a modest increase in inflation-adjusted prices is somewhat more likely than not, though far from certain.""}, ""skeptic"": {""probability"": 0.42, ""reasoning"": ""Skeptically, the key issue is the resolution criterion: inflation-adjusted US gas prices must be higher at the relevant 2025 comparison point than at the baseline. Nominal gasoline prices are volatile and often driven by crude oil, refinery outages, geopolitics, and seasonal demand, but inflation can offset modest nominal increases. In 2025, a recessionary or weak-demand environment, stable OPEC supply, or lower crude prices could keep real gas prices flat or down. Even if nominal prices rise somewhat, broad inflation may prevent a real increase. I’d put YES below even odds, but not low, because supply shocks or oil spikes could still push real prices up.""}, ""optimist"": {""probability"": 0.58, ""reasoning"": ""Literal read: the question resolves YES if US gas prices, adjusted for inflation, are higher at the end of 2025 than at the start (or otherwise by the tournament’s resolution rule). On a 2025 horizon, a modest real increase is plausible because nominal gasoline prices are volatile and can rise with oil shocks, refinery outages, geopolitical disruptions, hurricane season, or stronger-than-expected demand, while inflation may not fully offset those moves. Starting from early-2025 levels, real prices do not need a huge jump to end above baseline. That said, the US has ample supply and prices often mean-revert, so this is only a slight lean to YES rather than a strong one.""}, ""judge"": {""final_probability"": 0.54, ""reasoning"": ""Slightly above even odds. The literal resolution is whether inflation-adjusted US gas prices are higher at the relevant 2025 comparison point than the baseline. Gasoline prices are volatile, and a modest nominal increase can translate into a real increase if inflation is not equally high. But US supply is relatively flexible, demand can soften, and prices often mean-revert, so a large real rise is not especially likely. The provided forecasts cluster around the high-0.4s to high-0.5s; I lean a bit toward YES but below the base-rate-style 0.58 because the question is sensitive to timing and inflation can offset nominal moves.""}}"
validation,self_critique,31258,Will Google's search market share drop below 85% in 2025?,"February 01, 2025",No,0,0.34,"As of Feb. 1, 2025, the best literal interpretation is whether the referenced search market-share metric ever falls below 85% during 2025. Google starts from a very high base, but not so far above 85% that the event is implausible. A modest decline, seasonal variation, or source-specific methodology could produce a sub-85% reading. However, absent a major structural shift, Google is still likely to remain above 85% for most or all of the year. Net: somewhat less than even odds, but meaningfully above the initial estimate.",0.11560000000000002,ok,,2,"{""initial_forecast"": ""/Users/kenneth.cao/Desktop/Stat 390/AutoResearch_Prediction_Optimization/outputs/raw/validation/self_critique/31258/initial_forecast.json"", ""revision"": ""/Users/kenneth.cao/Desktop/Stat 390/AutoResearch_Prediction_Optimization/outputs/raw/validation/self_critique/31258/revision.json""}","{""initial_forecast"": {""probability"": 0.28, ""reasoning"": ""Google’s global search share has been trending down only gradually and has generally remained in the high-80s to low-90s range. A drop below 85% within 2025 would require a fairly large one-year decline, which seems possible but not likely absent a major competitive or regulatory shock. The literal resolution depends on the specific market-share measure used by the tournament source, but under typical web-search share definitions this looks more likely than not to stay at or above 85% through year-end.""}, ""revision"": {""critique"": ""The initial forecast is directionally reasonable but a bit under-calibrated on the downside risk. It treats a sub-85% annual reading as requiring a major shock, but Google’s share has already been close enough to the threshold that modest erosion, measurement noise, or a specific source’s methodology could push it below 85% at some point in 2025. The main missed issue is resolution literalism: if the tournament source uses a particular monthly/quarterly market-share series, the event could resolve YES on a temporary dip rather than a sustained annual average decline. That makes the event somewhat more likely than the initial 0.28 suggests. Still, Google’s dominance and the lack of a clear 2025 catalyst argue against making the probability high."", ""final_probability"": 0.34, ""reasoning"": ""As of Feb. 1, 2025, the best literal interpretation is whether the referenced search market-share metric ever falls below 85% during 2025. Google starts from a very high base, but not so far above 85% that the event is implausible. A modest decline, seasonal variation, or source-specific methodology could produce a sub-85% reading. However, absent a major structural shift, Google is still likely to remain above 85% for most or all of the year. Net: somewhat less than even odds, but meaningfully above the initial estimate.""}}"
validation,three_perspectives_judge,20776,Will cannabis be removed from Schedule I of the Controlled Substance Act before 2025?,"January 21, 2024",No,0,0.27,"Literal resolution requires cannabis to actually be removed from Schedule I by Dec. 31, 2024, not just recommended or proposed. As of Jan. 21, 2024, there was real momentum from HHS’s recommendation and DEA review, but the remaining steps—DEA rulemaking, notice-and-comment, finalization, and possible legal/political delay—made completion within 11 months uncertain. The optimistic forecast seems too high because it treats a plausible process as likely to finish on time; the skeptical/base-rate view better fits the deadline risk, though the chance is above a pure historical baseline because the administration had already moved the issue forward.",0.0729,ok,,4,"{""base_rate"": ""/Users/kenneth.cao/Desktop/Stat 390/AutoResearch_Prediction_Optimization/outputs/raw/validation/three_perspectives_judge/20776/base_rate.json"", ""skeptic"": ""/Users/kenneth.cao/Desktop/Stat 390/AutoResearch_Prediction_Optimization/outputs/raw/validation/three_perspectives_judge/20776/skeptic.json"", ""optimist"": ""/Users/kenneth.cao/Desktop/Stat 390/AutoResearch_Prediction_Optimization/outputs/raw/validation/three_perspectives_judge/20776/optimist.json"", ""judge"": ""/Users/kenneth.cao/Desktop/Stat 390/AutoResearch_Prediction_Optimization/outputs/raw/validation/three_perspectives_judge/20776/judge.json""}","{""base_rate"": {""probability"": 0.18, ""reasoning"": ""As of Jan. 21, 2024, rescheduling cannabis from Schedule I before 2025 would require a formal federal rulemaking or equivalent action to complete within about 11 months. Although HHS had reportedly recommended moving cannabis to Schedule III and DEA review was underway, the process is slow, politically contested, and subject to notice-and-comment plus final agency action. Historically, major CSA scheduling changes are uncommon and often take years, so the base rate for completion by the deadline is modest despite the unusually favorable administrative momentum.""}, ""skeptic"": {""probability"": 0.18, ""reasoning"": ""As of Jan. 21, 2024, rescheduling looked possible but far from certain. The key blocker is literal resolution: cannabis must actually be removed from Schedule I by Dec. 31, 2024, not merely proposed or recommended. DEA/HHS review could take many months, and even if HHS recommended Schedule III, DEA would still need to complete rulemaking, handle comments, and finalize before year-end. Political and legal delays, plus the possibility of a slower or narrower outcome (e.g., no final rule, or a proposal without completion), make YES less likely than not.""}, ""optimist"": {""probability"": 0.62, ""reasoning"": ""As of Jan. 21, 2024, a credible path to YES already existed: HHS had recommended rescheduling cannabis to Schedule III, and DEA review was underway. That makes formal removal from Schedule I before 2025 plausible if DOJ/DEA finalize a rule in 2024. The main uncertainty is process risk and timing—rulemaking can slip, face legal/political resistance, or result in rescheduling rather than full removal. But given the administration’s apparent direction and the fact that the question only requires removal from Schedule I (not full descheduling), YES looks somewhat more likely than not.""}, ""judge"": {""final_probability"": 0.27, ""reasoning"": ""Literal resolution requires cannabis to actually be removed from Schedule I by Dec. 31, 2024, not just recommended or proposed. As of Jan. 21, 2024, there was real momentum from HHS’s recommendation and DEA review, but the remaining steps—DEA rulemaking, notice-and-comment, finalization, and possible legal/political delay—made completion within 11 months uncertain. The optimistic forecast seems too high because it treats a plausible process as likely to finish on time; the skeptical/base-rate view better fits the deadline risk, though the chance is above a pure historical baseline because the administration had already moved the issue forward.""}}"
validation,three_perspectives_judge,20753,Will Benjamin Netanyahu remain Prime Minister of Israel throughout 2024?,"January 21, 2024",Yes,1,0.58,"Literal resolution: YES only if Netanyahu stays Prime Minister continuously through Dec. 31, 2024. As of Jan. 21, 2024 he was still in office, and incumbency plus the lack of an obvious immediate replacement make continuity plausible. But the horizon is long and the risk of coalition collapse, wartime political backlash, resignation, or replacement is material. The perspectives that put this above 0.5 are more persuasive than the skeptical one, but 2024 still looks meaningfully fragile, so I’d price YES at a modest majority.",0.17640000000000003,ok,,4,"{""base_rate"": ""/Users/kenneth.cao/Desktop/Stat 390/AutoResearch_Prediction_Optimization/outputs/raw/validation/three_perspectives_judge/20753/base_rate.json"", ""skeptic"": ""/Users/kenneth.cao/Desktop/Stat 390/AutoResearch_Prediction_Optimization/outputs/raw/validation/three_perspectives_judge/20753/skeptic.json"", ""optimist"": ""/Users/kenneth.cao/Desktop/Stat 390/AutoResearch_Prediction_Optimization/outputs/raw/validation/three_perspectives_judge/20753/optimist.json"", ""judge"": ""/Users/kenneth.cao/Desktop/Stat 390/AutoResearch_Prediction_Optimization/outputs/raw/validation/three_perspectives_judge/20753/judge.json""}","{""base_rate"": {""probability"": 0.62, ""reasoning"": ""Base-rate view: sitting Israeli prime ministers often survive for long stretches once in office, but Netanyahu’s coalition is unusually fragile and the 2023–24 war increases political volatility. Still, as of Jan. 21, 2024 there was no clear mechanism forcing immediate replacement, and Israeli governments can persist despite low popularity. Literal resolution requires him to remain PM for the entire calendar year 2024, so any resignation, successful no-confidence replacement, or loss of office before Dec. 31 makes it NO. Balancing incumbency durability against elevated wartime/political risk, YES is somewhat more likely than not.""}, ""skeptic"": {""probability"": 0.42, ""reasoning"": ""As of Jan. 21, 2024 Netanyahu was still PM, but the question requires him to remain PM throughout all of 2024. That is a long horizon with substantial downside risk: the Gaza war, hostage pressure, coalition fragility, possible no-confidence dynamics, legal/political shocks, and the possibility of resignation or replacement within Likud/coalition. Israel’s government can change relatively quickly if the coalition collapses. On the other hand, Netanyahu had strong incumbency advantages, no obvious immediate successor, and could plausibly survive the year despite turmoil. Net: slightly below even odds.""}, ""optimist"": {""probability"": 0.62, ""reasoning"": ""As of Jan. 21, 2024, Netanyahu is still PM and there are several credible ways he could remain in office through Dec. 31, 2024: the governing coalition could hold despite wartime pressures, no-confidence efforts may fail, and even if elections are called, coalition fragmentation could still leave him in power or quickly returned. The main downside is substantial: war-related political backlash, coalition instability, and possible resignation or replacement. But the literal resolution is only whether he remains PM throughout the year, and incumbency plus Israel’s fragmented politics make a full-year hold somewhat more likely than not.""}, ""judge"": {""final_probability"": 0.58, ""reasoning"": ""Literal resolution: YES only if Netanyahu stays Prime Minister continuously through Dec. 31, 2024. As of Jan. 21, 2024 he was still in office, and incumbency plus the lack of an obvious immediate replacement make continuity plausible. But the horizon is long and the risk of coalition collapse, wartime political backlash, resignation, or replacement is material. The perspectives that put this above 0.5 are more persuasive than the skeptical one, but 2024 still looks meaningfully fragile, so I’d price YES at a modest majority.""}}"
validation,three_perspectives_judge,40726,Will Nvidia's stock price reach a new record close in February 2026?,"January 31, 2026",No,0,0.54,"Literal criterion: YES if Nvidia closes at any point in February 2026 above its prior all-time closing high as of Jan. 31, 2026. This is a short one-month window, but NVDA is a highly volatile mega-cap that can set a new record close on a single strong session, especially around earnings, guidance, or AI/semiconductor sentiment. I weight the optimistic/base views somewhat above the skeptic because the event requires only one breakout day, but keep it near even odds given the elevated starting point and the real risk of consolidation or market pullback.",0.2916,ok,,4,"{""base_rate"": ""/Users/kenneth.cao/Desktop/Stat 390/AutoResearch_Prediction_Optimization/outputs/raw/validation/three_perspectives_judge/40726/base_rate.json"", ""skeptic"": ""/Users/kenneth.cao/Desktop/Stat 390/AutoResearch_Prediction_Optimization/outputs/raw/validation/three_perspectives_judge/40726/skeptic.json"", ""optimist"": ""/Users/kenneth.cao/Desktop/Stat 390/AutoResearch_Prediction_Optimization/outputs/raw/validation/three_perspectives_judge/40726/optimist.json"", ""judge"": ""/Users/kenneth.cao/Desktop/Stat 390/AutoResearch_Prediction_Optimization/outputs/raw/validation/three_perspectives_judge/40726/judge.json""}","{""base_rate"": {""probability"": 0.58, ""reasoning"": ""Nvidia is a highly volatile mega-cap growth stock that has repeatedly made new highs during strong AI-driven momentum phases. Over a one-month window, the chance of at least one new record close is meaningfully above 50% because it only requires one strong trading day, and February often contains enough market-moving earnings/news flow to create that. Still, at a fresh all-time-high level, continuation is not guaranteed, so I’d keep it modestly above even odds rather than very high.""}, ""skeptic"": {""probability"": 0.46, ""reasoning"": ""Literal resolution: YES only if NVDA posts a closing price in February 2026 above its prior all-time closing high as of Jan. 31, 2026. As a skeptic, I’d note this is a short one-month window and requires a fresh breakout, not just strong performance. Nvidia is volatile and can easily stall, consolidate, or be hit by broader market risk, valuation concerns, earnings timing, or sector rotation. Even with strong fundamentals, matching and exceeding a record close within a single month is far from assured, so I put the odds slightly below even.""}, ""optimist"": {""probability"": 0.58, ""reasoning"": ""Nvidia is highly volatile and has a strong history of making fresh highs on earnings, AI demand updates, or broader risk-on market moves. With the forecast date at Jan. 31, 2026, February has only a short window, but a new record close can be achieved on any trading day if NVDA trades above its prior all-time closing high at the close. Credible YES paths include a strong earnings/guidance reaction, upbeat hyperscaler capex commentary, or a broad semiconductor rally. The main constraint is the short deadline and the need to exceed an already elevated prior peak, but given Nvidia’s momentum and event-driven upside, YES looks slightly more likely than not.""}, ""judge"": {""final_probability"": 0.54, ""reasoning"": ""Literal criterion: YES if Nvidia closes at any point in February 2026 above its prior all-time closing high as of Jan. 31, 2026. This is a short one-month window, but NVDA is a highly volatile mega-cap that can set a new record close on a single strong session, especially around earnings, guidance, or AI/semiconductor sentiment. I weight the optimistic/base views somewhat above the skeptic because the event requires only one breakout day, but keep it near even odds given the elevated starting point and the real risk of consolidation or market pullback.""}}"
validation,self_critique,22308,"Will Israel and Hamas reach a ceasefire deal before May 16, 2024?","April 20, 2024",No,0,0.31,"As of Apr. 20, 2024, there was meaningful diplomatic activity and some chance of breakthrough, but the parties remained far apart on core terms. The deadline was only about four weeks away, and the resolution requires an actual deal, not just negotiations or a proposal. That makes a YES outcome possible but more likely than not to fail. A revised estimate of 31% better reflects the combination of active mediation, persistent disagreement, and the short time remaining.",0.0961,ok,,2,"{""initial_forecast"": ""/Users/kenneth.cao/Desktop/Stat 390/AutoResearch_Prediction_Optimization/outputs/raw/validation/self_critique/22308/initial_forecast.json"", ""revision"": ""/Users/kenneth.cao/Desktop/Stat 390/AutoResearch_Prediction_Optimization/outputs/raw/validation/self_critique/22308/revision.json""}","{""initial_forecast"": {""probability"": 0.42, ""reasoning"": ""As of Apr. 20, 2024, ceasefire talks were active and there was real pressure from mediators, but the sides remained far apart on core issues (hostage releases, duration of truce, Israeli withdrawal, and Hamas demands). A deal by May 16 was plausible but far from likely given repeated breakdowns and the short deadline.""}, ""revision"": {""critique"": ""The initial 0.42 looks somewhat high if interpreted literally against the resolution criteria and the short deadline. By Apr. 20, 2024, negotiations were active, but the key sticking points were still unresolved and prior rounds had repeatedly failed. Also, the question resolves YES only if Israel and Hamas actually reach a ceasefire deal before May 16, not merely if talks continue, mediators propose terms, or a temporary pause is discussed. Given the narrow time window and the history of breakdowns, the base rate for a completed deal by that date should be lower than a near-even chance. The forecast should also avoid overweighting diplomatic pressure and public optimism, which often do not translate into agreement."", ""final_probability"": 0.31, ""reasoning"": ""As of Apr. 20, 2024, there was meaningful diplomatic activity and some chance of breakthrough, but the parties remained far apart on core terms. The deadline was only about four weeks away, and the resolution requires an actual deal, not just negotiations or a proposal. That makes a YES outcome possible but more likely than not to fail. A revised estimate of 31% better reflects the combination of active mediation, persistent disagreement, and the short time remaining.""}}"
dev,self_critique,22383,Will the Kingdom of the Planet of the Apes domestic opening box office set a new franchise record?,"April 18, 2024",No,0,0.63,"By Apr. 18, 2024, Kingdom of the Planet of the Apes had solid franchise recognition and a relatively beatable domestic opening record to surpass, which supports a majority-yes forecast. But the Apes series is not usually a breakout opening-weekend brand, and the outcome hinges on one domestic weekend rather than broader box office strength. Accounting for that uncertainty, 0.63 is a more calibrated estimate than 0.72.",0.39690000000000003,ok,,2,"{""initial_forecast"": ""/Users/kenneth.cao/Desktop/Stat 390/AutoResearch_Prediction_Optimization/outputs/raw/dev/self_critique/22383/initial_forecast.json"", ""revision"": ""/Users/kenneth.cao/Desktop/Stat 390/AutoResearch_Prediction_Optimization/outputs/raw/dev/self_critique/22383/revision.json""}","{""initial_forecast"": {""probability"": 0.72, ""reasoning"": ""As of Apr. 18, 2024, Kingdom of the Planet of the Apes was tracking as a major tentpole with strong franchise awareness and a favorable release window. The domestic opening record for the franchise was not especially high relative to modern blockbuster standards, so a well-received launch with decent marketing could plausibly beat it. However, the series is not a guaranteed mega-opening brand, and competition plus uncertainty around audience turnout keep this from being near-certain.""}, ""revision"": {""critique"": ""The initial 0.72 looks somewhat overconfident for a literal opening-weekend record question. The franchise’s prior domestic opening benchmark was modest, but this film still faced meaningful uncertainty: the Apes brand is respected yet not a top-tier guaranteed opener, and the question is specifically about setting a new domestic opening box office record, which depends on a single weekend outcome rather than overall performance. The forecast also should be careful about the deadline and resolution criteria: it resolves based on the domestic opening box office for Kingdom of the Planet of the Apes compared with the franchise’s prior domestic opening record, not on reviews, legs, or worldwide gross. Given that the film needed to outperform an existing franchise high on opening weekend, a probability in the low-to-mid 60s seems better calibrated than the low 70s."", ""final_probability"": 0.63, ""reasoning"": ""By Apr. 18, 2024, Kingdom of the Planet of the Apes had solid franchise recognition and a relatively beatable domestic opening record to surpass, which supports a majority-yes forecast. But the Apes series is not usually a breakout opening-weekend brand, and the outcome hinges on one domestic weekend rather than broader box office strength. Accounting for that uncertainty, 0.63 is a more calibrated estimate than 0.72.""}}"
dev,three_perspectives_judge,31326,"Will OpenAI top the Chatbot Arena Leaderboard on December 31, 2025?","February 01, 2025",No,0,0.56,"OpenAI is a strong contender to finish 2025 at #1 on Chatbot Arena, but the resolution is exacting: it must be on top on Dec. 31, 2025, not merely near the top or leading at some point during the year. OpenAI’s resources, model cadence, and historical competitiveness support a better-than-even chance, yet the Arena is volatile and other labs (especially Anthropic and Google, plus possible surprises from xAI/Meta) could overtake it with a late-year release or a leaderboard methodology shift. I put this modestly above 50% because OpenAI is one of the most likely single winners, but far from locked in.",0.31360000000000005,ok,,4,"{""base_rate"": ""/Users/kenneth.cao/Desktop/Stat 390/AutoResearch_Prediction_Optimization/outputs/raw/dev/three_perspectives_judge/31326/base_rate.json"", ""skeptic"": ""/Users/kenneth.cao/Desktop/Stat 390/AutoResearch_Prediction_Optimization/outputs/raw/dev/three_perspectives_judge/31326/skeptic.json"", ""optimist"": ""/Users/kenneth.cao/Desktop/Stat 390/AutoResearch_Prediction_Optimization/outputs/raw/dev/three_perspectives_judge/31326/optimist.json"", ""judge"": ""/Users/kenneth.cao/Desktop/Stat 390/AutoResearch_Prediction_Optimization/outputs/raw/dev/three_perspectives_judge/31326/judge.json""}","{""base_rate"": {""probability"": 0.62, ""reasoning"": ""OpenAI is a leading contender to be #1 on Chatbot Arena by year-end 2025 because it has strong resources, top-tier research talent, and a track record of rapidly improving frontier models. However, the outcome is competitive and uncertain: other labs (notably Anthropic, Google, and possibly xAI/Meta) can also release strong models, and leaderboard position can shift with model cadence, tuning, and evaluation dynamics. Base-rate-wise, the incumbent/frontier leader is often near the top but not guaranteed to finish first at a specific future date, so I assign a moderate-high probability rather than a near-certainty.""}, ""skeptic"": {""probability"": 0.42, ""reasoning"": ""OpenAI is a strong contender, but the resolution is literal: it must top the Chatbot Arena leaderboard specifically on Dec. 31, 2025. That creates several failure modes even if OpenAI remains highly competitive: another lab could briefly or persistently lead, leaderboard methodology could shift, or OpenAI could prioritize other model releases and miss the exact date. The Arena is also noisy and sensitive to new model drops, so being near the top is not enough. Given OpenAI’s resources and track record, YES is plausible, but the date-specific, leaderboard-specific criterion makes this less than even.""}, ""optimist"": {""probability"": 0.62, ""reasoning"": ""OpenAI is a strong favorite to have at least one frontier model at or near the top of Chatbot Arena by year-end 2025. The leaderboard has historically rewarded broad conversational quality, and OpenAI has the resources, data, and incentive to iterate quickly and release multiple candidate models. A credible YES path is a late-2025 flagship model or tuned variant that outperforms rivals on Arena-style human preference, especially if OpenAI continues aggressive post-training and product feedback loops. The main risk is that competitors like Anthropic, Google, or open-weight labs may lead on specific Arena preferences or release faster. Still, given OpenAI’s track record and the likelihood of another major model launch before December 31, 2025, YES looks somewhat more likely than not.""}, ""judge"": {""final_probability"": 0.56, ""reasoning"": ""OpenAI is a strong contender to finish 2025 at #1 on Chatbot Arena, but the resolution is exacting: it must be on top on Dec. 31, 2025, not merely near the top or leading at some point during the year. OpenAI’s resources, model cadence, and historical competitiveness support a better-than-even chance, yet the Arena is volatile and other labs (especially Anthropic and Google, plus possible surprises from xAI/Meta) could overtake it with a late-year release or a leaderboard methodology shift. I put this modestly above 50% because OpenAI is one of the most likely single winners, but far from locked in.""}}"
dev,three_perspectives_judge,31098,"Will Donald Trump have a positive net favorability rate on December 20, 2025, according to 538?","February 01, 2025",No,0,0.43,"Literal resolution: YES only if 538 shows Trump’s net favorability above 0 on Dec. 20, 2025 (or the closest 538 value for that date). Trump’s favorability has often been near or below break-even, and while a sitting president can get a temporary boost, sustained positive net favorability is hard given polarization and likely controversy. The optimistic case is plausible, but the date-specific threshold is still more likely to be missed than hit.",0.18489999999999998,ok,,4,"{""base_rate"": ""/Users/kenneth.cao/Desktop/Stat 390/AutoResearch_Prediction_Optimization/outputs/raw/dev/three_perspectives_judge/31098/base_rate.json"", ""skeptic"": ""/Users/kenneth.cao/Desktop/Stat 390/AutoResearch_Prediction_Optimization/outputs/raw/dev/three_perspectives_judge/31098/skeptic.json"", ""optimist"": ""/Users/kenneth.cao/Desktop/Stat 390/AutoResearch_Prediction_Optimization/outputs/raw/dev/three_perspectives_judge/31098/optimist.json"", ""judge"": ""/Users/kenneth.cao/Desktop/Stat 390/AutoResearch_Prediction_Optimization/outputs/raw/dev/three_perspectives_judge/31098/judge.json""}","{""base_rate"": {""probability"": 0.42, ""reasoning"": ""This is a literal forecast of whether 538’s net favorability for Trump is positive on a specific late-2025 date. Base rates suggest a coin-flip-ish outcome: Trump’s favorability has historically been net negative more often than positive, but as a sitting president his rating can improve or worsen with the political environment. By Dec. 2025, the sign will likely depend on the economy, major events, and partisan polarization; because 538 measures net favorability, a positive reading is possible but not the modal outcome. I’d put slightly below 50%.""}, ""skeptic"": {""probability"": 0.34, ""reasoning"": ""As of Feb. 1, 2025, Trump’s favorability is typically underwater or near break-even, and getting to a clearly positive net favorability by Dec. 20, 2025 requires a sustained improvement in public opinion. That is possible if his approval rises during the year, but there are major blockers: polarization, likely controversy from governing, and the fact that 538’s measure is sensitive to polling mix and timing. The resolution is literal and date-specific, so even a brief dip below zero around Dec. 20 would make it NO. I think YES is plausible but less likely than not.""}, ""optimist"": {""probability"": 0.58, ""reasoning"": ""As of Feb. 1, 2025, Trump is starting his second term with a polarized but still durable base, and 538 favorability has often hovered near break-even rather than deeply negative. A positive net favorability on Dec. 20, 2025 only requires him to be above 50% favorable at that snapshot, not broadly popular. Credible YES paths include a strong economy, reduced inflation, no major scandal, successful immigration/foreign-policy actions that please moderates, and a post-inauguration rally effect. The main risk is that presidential approval/favorability usually erodes over time, and Trump’s ceiling among independents is limited, but the threshold is low enough that YES looks somewhat more likely than not.""}, ""judge"": {""final_probability"": 0.43, ""reasoning"": ""Literal resolution: YES only if 538 shows Trump’s net favorability above 0 on Dec. 20, 2025 (or the closest 538 value for that date). Trump’s favorability has often been near or below break-even, and while a sitting president can get a temporary boost, sustained positive net favorability is hard given polarization and likely controversy. The optimistic case is plausible, but the date-specific threshold is still more likely to be missed than hit.""}}"
validation,three_perspectives_judge,31620,Will Israel establish direct governmental control of the Gaza Strip in 2025?,"February 01, 2025",No,0,0.18,"A literal YES requires Israel to establish direct governmental control over Gaza by end-2025, not merely conduct military operations, occupy territory, or exert indirect/security control. As of Feb. 1, 2025, that would require a major strategic shift toward explicit Israeli administration, which faces strong international opposition, high governance costs, and significant political/operational hurdles. There are plausible paths to YES if the war escalates into prolonged reoccupation or an Israeli-run interim authority, but those remain minority outcomes. The provided perspectives are aligned, so 0.18 is a reasonable estimate.",0.0324,ok,,4,"{""base_rate"": ""/Users/kenneth.cao/Desktop/Stat 390/AutoResearch_Prediction_Optimization/outputs/raw/validation/three_perspectives_judge/31620/base_rate.json"", ""skeptic"": ""/Users/kenneth.cao/Desktop/Stat 390/AutoResearch_Prediction_Optimization/outputs/raw/validation/three_perspectives_judge/31620/skeptic.json"", ""optimist"": ""/Users/kenneth.cao/Desktop/Stat 390/AutoResearch_Prediction_Optimization/outputs/raw/validation/three_perspectives_judge/31620/optimist.json"", ""judge"": ""/Users/kenneth.cao/Desktop/Stat 390/AutoResearch_Prediction_Optimization/outputs/raw/validation/three_perspectives_judge/31620/judge.json""}","{""base_rate"": {""probability"": 0.18, ""reasoning"": ""Base rate is low because Israel has historically avoided formal re-annexation/direct civil rule over Gaza, preferring military operations, buffer zones, and indirect control. A 2025 move to establish direct governmental control would require a major strategic shift, likely facing heavy international pressure, high governance costs, and unclear long-term benefit. However, the probability is not tiny because the war could escalate into prolonged occupation or an interim Israeli-administered authority, which would satisfy a literal reading of direct governmental control.""}, ""skeptic"": {""probability"": 0.18, ""reasoning"": ""Literal YES requires Israel to establish direct governmental control of the Gaza Strip by end-2025, not just military occupation, raids, buffer zones, or indirect influence. As of Feb 1, 2025, major blockers are strong international opposition, the high cost of reoccupying and administering Gaza, uncertainty over post-war governance, and likely resistance from Palestinians and regional actors. Israel may expand military control or create de facto security zones, but converting that into explicit direct governmental administration is a much higher bar. A ceasefire, hostage deal, or handoff to another authority would also prevent YES.""}, ""optimist"": {""probability"": 0.18, ""reasoning"": ""YES requires Israel to establish direct governmental control of the Gaza Strip at some point in 2025, not merely military occupation, raids, or temporary security zones. As of Feb. 1, 2025, Israel already had strong military control in parts of Gaza, but a formal move to direct civilian/governmental administration would face major international, domestic, and operational resistance. Credible YES paths exist: collapse of Hamas governance, prolonged security vacuum, Israeli decision to reoccupy and administer Gaza directly, or a transitional military government that the resolution counts as direct governmental control. However, these paths are politically costly and likely to be avoided unless the war dynamics worsen substantially. Net: possible but still a minority outcome.""}, ""judge"": {""final_probability"": 0.18, ""reasoning"": ""A literal YES requires Israel to establish direct governmental control over Gaza by end-2025, not merely conduct military operations, occupy territory, or exert indirect/security control. As of Feb. 1, 2025, that would require a major strategic shift toward explicit Israeli administration, which faces strong international opposition, high governance costs, and significant political/operational hurdles. There are plausible paths to YES if the war escalates into prolonged reoccupation or an Israeli-run interim authority, but those remain minority outcomes. The provided perspectives are aligned, so 0.18 is a reasonable estimate.""}}"
dev,three_perspectives_judge,20790,Will there be a serious radiation incident at any nuclear plant in Ukraine before 2025?,"January 21, 2024",No,0,0.06,"A serious radiation incident is a high bar: it implies more than shelling, outages, or safety scares, and likely a significant radiological release or dangerous exposure at a Ukrainian nuclear plant before the end of 2024. Wartime conditions, especially around Zaporizhzhia, raise risk above normal, but nuclear plants have strong safety systems and intense international scrutiny, which makes a qualifying incident still unlikely over this short horizon. I put the probability modestly above peacetime base rates but below 10%.",0.0036,ok,,4,"{""base_rate"": ""/Users/kenneth.cao/Desktop/Stat 390/AutoResearch_Prediction_Optimization/outputs/raw/dev/three_perspectives_judge/20790/base_rate.json"", ""skeptic"": ""/Users/kenneth.cao/Desktop/Stat 390/AutoResearch_Prediction_Optimization/outputs/raw/dev/three_perspectives_judge/20790/skeptic.json"", ""optimist"": ""/Users/kenneth.cao/Desktop/Stat 390/AutoResearch_Prediction_Optimization/outputs/raw/dev/three_perspectives_judge/20790/optimist.json"", ""judge"": ""/Users/kenneth.cao/Desktop/Stat 390/AutoResearch_Prediction_Optimization/outputs/raw/dev/three_perspectives_judge/20790/judge.json""}","{""base_rate"": {""probability"": 0.08, ""reasoning"": ""Base rate for a serious radiation incident at a nuclear plant in a one-year window is low, even in wartime. Ukraine’s plants have elevated operational and security risk due to the conflict, shelling, and the Zaporizhzhia situation, which raises the chance above normal peacetime levels. But a qualifying incident would still require a substantial release or serious radiological event, and most wartime disruptions do not escalate to that threshold. Overall, modestly elevated but still unlikely by the end of 2024.""}, ""skeptic"": {""probability"": 0.03, ""reasoning"": ""Very low base rate. A \""serious radiation incident\"" at a Ukrainian nuclear plant by 2025 would likely require a major release or clearly documented dangerous exposure, not just shelling, outages, or safety scares. Ukraine’s plants were already operating under wartime stress, but they remained under heightened international attention and operational caution, which reduces accident likelihood. The main blocker is that even amid conflict, nuclear operators and regulators have strong incentives and procedures to avoid core damage or significant release. The deadline is short, and many wartime disruptions would not meet the resolution threshold. Still, war-related damage, power loss, or sabotage create some nonzero tail risk.""}, ""optimist"": {""probability"": 0.08, ""reasoning"": ""As of Jan 21, 2024, the main credible YES path is a wartime accident or attack causing a serious release at Zaporizhzhia or another Ukrainian plant. The risk is nontrivial because the plants are in an active war zone, with repeated shelling, grid instability, and operational stress. However, a \""serious radiation incident\"" is a high bar: most wartime disruptions so far have not produced major offsite releases, and nuclear plants have multiple safety barriers plus international scrutiny. With less than a year remaining to the deadline, the chance of a severe radiological event is still meaningfully below 10%, but not negligible.""}, ""judge"": {""final_probability"": 0.06, ""reasoning"": ""A serious radiation incident is a high bar: it implies more than shelling, outages, or safety scares, and likely a significant radiological release or dangerous exposure at a Ukrainian nuclear plant before the end of 2024. Wartime conditions, especially around Zaporizhzhia, raise risk above normal, but nuclear plants have strong safety systems and intense international scrutiny, which makes a qualifying incident still unlikely over this short horizon. I put the probability modestly above peacetime base rates but below 10%.""}}"
dev,three_perspectives_judge,22383,Will the Kingdom of the Planet of the Apes domestic opening box office set a new franchise record?,"April 18, 2024",No,0,0.41,"Literal criterion: YES only if Kingdom of the Planet of the Apes posts the highest U.S./Canada opening weekend in the franchise by the deadline. The franchise record to beat was Dawn of the Planet of the Apes (~$72.6M), a high bar relative to the series’ historical openings. While the film had franchise familiarity, a long gap, and a favorable release window, it still needed a breakout opening rather than a merely strong one. The optimistic 0.72 forecasts seem too high given the franchise’s prior box-office pattern and the need to exceed a very specific record, while the skeptic’s 0.28 feels somewhat too low because this was plausibly the strongest Apes launch setup in years. A moderate-below-even probability is appropriate.",0.16809999999999997,ok,,4,"{""base_rate"": ""/Users/kenneth.cao/Desktop/Stat 390/AutoResearch_Prediction_Optimization/outputs/raw/dev/three_perspectives_judge/22383/base_rate.json"", ""skeptic"": ""/Users/kenneth.cao/Desktop/Stat 390/AutoResearch_Prediction_Optimization/outputs/raw/dev/three_perspectives_judge/22383/skeptic.json"", ""optimist"": ""/Users/kenneth.cao/Desktop/Stat 390/AutoResearch_Prediction_Optimization/outputs/raw/dev/three_perspectives_judge/22383/optimist.json"", ""judge"": ""/Users/kenneth.cao/Desktop/Stat 390/AutoResearch_Prediction_Optimization/outputs/raw/dev/three_perspectives_judge/22383/judge.json""}","{""base_rate"": {""probability"": 0.72, ""reasoning"": ""Literal read: this resolves YES if Kingdom of the Planet of the Apes has the highest U.S./Canada opening weekend in the franchise by the deadline. The prior franchise opening record was set by Dawn of the Planet of the Apes, and the series has shown strong but not explosive domestic openings. As a reboot/sequel with a long gap since the last film, it had a plausible chance to outperform prior entries, especially given franchise familiarity and a relatively open early-summer frame. Still, franchise opening records are hard to beat and the series’ historical openings are moderate rather than huge, so this is better than even but not overwhelming.""}, ""skeptic"": {""probability"": 0.28, ""reasoning"": ""As of Apr. 18, 2024, the film’s domestic opening would need to beat the franchise’s prior best opening weekend (widely understood to be Dawn of the Planet of the Apes at about $72.6M). Kingdom of the Planet of the Apes had strong franchise awareness and a favorable release window, but it was also a reboot-like continuation without the original cast, and the series had not shown a clear upward box-office trajectory after War. A new record required a very large opening relative to recent Apes films, so the bar was high and failure modes included softer audience interest, mixed reviews, and competition. Overall, a minority chance of setting a new domestic opening record.""}, ""optimist"": {""probability"": 0.72, ""reasoning"": ""As of Apr. 18, 2024, Kingdom of the Planet of the Apes had a credible path to a franchise-opening record domestically because it was the first Apes film in years, had strong marketing, and benefited from a relatively open spring release window. The key benchmark is the domestic opening weekend record for the franchise, which was set by Dawn of the Planet of the Apes at about $72.6M. Pre-release tracking and interest suggested Kingdom could open in the high-$40Ms to low-$60Ms, but the upside case was that strong nostalgia, IMAX/PLF support, and franchise goodwill could push it into record territory. Still, the hurdle is meaningful: prior Apes films generally opened below that level, so YES requires an above-consensus breakout rather than a merely solid debut.""}, ""judge"": {""final_probability"": 0.41, ""reasoning"": ""Literal criterion: YES only if Kingdom of the Planet of the Apes posts the highest U.S./Canada opening weekend in the franchise by the deadline. The franchise record to beat was Dawn of the Planet of the Apes (~$72.6M), a high bar relative to the series’ historical openings. While the film had franchise familiarity, a long gap, and a favorable release window, it still needed a breakout opening rather than a merely strong one. The optimistic 0.72 forecasts seem too high given the franchise’s prior box-office pattern and the need to exceed a very specific record, while the skeptic’s 0.28 feels somewhat too low because this was plausibly the strongest Apes launch setup in years. A moderate-below-even probability is appropriate.""}}"
validation,three_perspectives_judge,40186,Will the EU have an average annual inflation rate of at least 2.5% for any month before December 2025?,"October 06, 2025",Yes,1,0.62,"Literal resolution: YES if any official EU monthly annual inflation reading from Oct or Nov 2025 is at least 2.5% (and not already resolved earlier). By Oct 6, 2025, EU inflation was near target and could plausibly drift above 2.5% on a modest energy/food/services or base-effect surprise, but the broader disinflation trend makes a breach far from certain. I discount the very high base/optimist forecasts because they seem to overstate how likely a late-2025 move above 2.5% is; still, with only two months left and a threshold only modestly above target, YES is somewhat more likely than not.",0.1444,ok,,4,"{""base_rate"": ""/Users/kenneth.cao/Desktop/Stat 390/AutoResearch_Prediction_Optimization/outputs/raw/validation/three_perspectives_judge/40186/base_rate.json"", ""skeptic"": ""/Users/kenneth.cao/Desktop/Stat 390/AutoResearch_Prediction_Optimization/outputs/raw/validation/three_perspectives_judge/40186/skeptic.json"", ""optimist"": ""/Users/kenneth.cao/Desktop/Stat 390/AutoResearch_Prediction_Optimization/outputs/raw/validation/three_perspectives_judge/40186/optimist.json"", ""judge"": ""/Users/kenneth.cao/Desktop/Stat 390/AutoResearch_Prediction_Optimization/outputs/raw/validation/three_perspectives_judge/40186/judge.json""}","{""base_rate"": {""probability"": 0.78, ""reasoning"": ""Literal read: the question asks whether, by any month before December 2025, the EU’s average annual inflation rate will be at least 2.5%. By Oct 6, 2025, EU inflation had already been near or above that threshold at times in recent years, and inflation tends to be sticky enough that a monthly annual rate can remain above 2.5% for stretches even when trending down. With only two months left in 2025, the main uncertainty is whether the relevant EU measure stays below 2.5% throughout Oct-Nov; base rates favor at least one month meeting or exceeding 2.5%.""}, ""skeptic"": {""probability"": 0.18, ""reasoning"": ""Literal read: the question asks whether the EU will have an average annual inflation rate of at least 2.5% for any month before December 2025, i.e. some monthly EU inflation print from Oct/Nov 2025 (and possibly earlier if not already known) reaches 2.5%+. By Oct 6, 2025, EU inflation would need a fairly sharp re-acceleration or an energy/food shock to cross that threshold. The ECB’s 2% target and the recent disinflation trend make a sustained move above 2.5% possible but not the base case. Skeptically, the main blocker is that headline inflation can stay near target or below unless there is a clear new shock; also the wording may depend on the specific official EU series and monthly release timing, which could leave only a narrow window before December. Overall, some chance of a late-2025 uptick, but more likely no month reaches 2.5%.""}, ""optimist"": {""probability"": 0.78, ""reasoning"": ""The question is asking whether the EU’s average annual inflation rate will be at least 2.5% for any month before December 2025, so it only needs one monthly reading from Oct/Nov 2025 to clear the threshold. By early October 2025, inflation in the EU had been running close to the ECB’s 2% target but not far below it, and a modest upside surprise from energy, food, services, or base effects could push a monthly annual rate above 2.5%. Because the threshold is relatively low and the window is short, there are credible paths to YES even if the broader disinflation trend continues. The main downside is that inflation may stay near 2% and never breach 2.5%, but I think YES is somewhat more likely than not.""}, ""judge"": {""final_probability"": 0.62, ""reasoning"": ""Literal resolution: YES if any official EU monthly annual inflation reading from Oct or Nov 2025 is at least 2.5% (and not already resolved earlier). By Oct 6, 2025, EU inflation was near target and could plausibly drift above 2.5% on a modest energy/food/services or base-effect surprise, but the broader disinflation trend makes a breach far from certain. I discount the very high base/optimist forecasts because they seem to overstate how likely a late-2025 move above 2.5% is; still, with only two months left and a threshold only modestly above target, YES is somewhat more likely than not.""}}"
validation,three_perspectives_judge,20748,Will the FDA or EMA withdraw approval of semaglutide for the treatment of obesity or diabetes in 2024?,"January 21, 2024",No,0,0.01,"Literal YES requires FDA or EMA to actually withdraw semaglutide approval for obesity or diabetes during 2024. As of Jan. 21, 2024 there was no strong sign of an imminent withdrawal, and full withdrawals of blockbuster drugs are rare absent a severe safety or efficacy crisis. More plausible regulatory responses would be warnings, label changes, or restrictions rather than approval withdrawal. So the probability is very low.",0.0001,ok,,4,"{""base_rate"": ""/Users/kenneth.cao/Desktop/Stat 390/AutoResearch_Prediction_Optimization/outputs/raw/validation/three_perspectives_judge/20748/base_rate.json"", ""skeptic"": ""/Users/kenneth.cao/Desktop/Stat 390/AutoResearch_Prediction_Optimization/outputs/raw/validation/three_perspectives_judge/20748/skeptic.json"", ""optimist"": ""/Users/kenneth.cao/Desktop/Stat 390/AutoResearch_Prediction_Optimization/outputs/raw/validation/three_perspectives_judge/20748/optimist.json"", ""judge"": ""/Users/kenneth.cao/Desktop/Stat 390/AutoResearch_Prediction_Optimization/outputs/raw/validation/three_perspectives_judge/20748/judge.json""}","{""base_rate"": {""probability"": 0.01, ""reasoning"": ""Very low base rate. FDA/EMA withdrawals of approval for a widely used blockbuster drug are rare and usually require major safety or efficacy problems. As of Jan 21, 2024, semaglutide had strong regulatory standing for both diabetes and obesity, with no obvious signal of imminent withdrawal. Even if new concerns emerged, regulators would more likely add warnings, restrict use, or investigate than fully withdraw approval within one year.""}, ""skeptic"": {""probability"": 0.01, ""reasoning"": ""Very unlikely. Semaglutide is a major, widely used drug with approvals for both diabetes and obesity, so a full FDA or EMA withdrawal in 2024 would require a severe safety/regulatory finding. As of Jan. 21, 2024 there was no clear signal of imminent withdrawal, and the question is literal: it only resolves YES if either agency actually withdraws approval during 2024. More plausible outcomes are warnings, label changes, or restrictions rather than withdrawal.""}, ""optimist"": {""probability"": 0.01, ""reasoning"": ""A full FDA or EMA withdrawal of semaglutide approval for obesity or diabetes in 2024 would be extremely unusual. Semaglutide had strong efficacy data, broad uptake, and no obvious pre-2024 signal of a safety issue severe enough to justify market-wide withdrawal. Credible YES paths exist—e.g., a major newly discovered safety problem, manufacturing contamination, or a regulatory finding that labeling changes were insufficient—but those would more likely lead to warnings, restrictions, or voluntary pauses than outright withdrawal. Because the question requires literal withdrawal by either agency within 2024, the base rate is very low.""}, ""judge"": {""final_probability"": 0.01, ""reasoning"": ""Literal YES requires FDA or EMA to actually withdraw semaglutide approval for obesity or diabetes during 2024. As of Jan. 21, 2024 there was no strong sign of an imminent withdrawal, and full withdrawals of blockbuster drugs are rare absent a severe safety or efficacy crisis. More plausible regulatory responses would be warnings, label changes, or restrictions rather than approval withdrawal. So the probability is very low.""}}"
dev,three_perspectives_judge,31255,"On December 31, 2025, will Google, Meta, Amazon, Tesla, or X accept crypto as a payment?","February 01, 2025",No,0,0.14,"Literal resolution requires that by Dec. 31, 2025 at least one of Google, Meta, Amazon, Tesla, or X publicly accepts cryptocurrency as a payment method. As of Feb. 1, 2025, none of the five clearly do so in a durable, mainstream way, and the main blockers are still substantial: compliance, volatility, accounting, fraud/chargeback risk, and limited business need. X and Tesla are the most plausible candidates because of prior crypto interest and payments ambitions, but even there a clear, public acceptance by year-end is far from likely. A narrow pilot or limited product acceptance could satisfy the question, so the probability is above the very low base rate, but still modest overall.",0.019600000000000003,ok,,4,"{""base_rate"": ""/Users/kenneth.cao/Desktop/Stat 390/AutoResearch_Prediction_Optimization/outputs/raw/dev/three_perspectives_judge/31255/base_rate.json"", ""skeptic"": ""/Users/kenneth.cao/Desktop/Stat 390/AutoResearch_Prediction_Optimization/outputs/raw/dev/three_perspectives_judge/31255/skeptic.json"", ""optimist"": ""/Users/kenneth.cao/Desktop/Stat 390/AutoResearch_Prediction_Optimization/outputs/raw/dev/three_perspectives_judge/31255/optimist.json"", ""judge"": ""/Users/kenneth.cao/Desktop/Stat 390/AutoResearch_Prediction_Optimization/outputs/raw/dev/three_perspectives_judge/31255/judge.json""}","{""base_rate"": {""probability"": 0.08, ""reasoning"": ""Literal reading: by Dec. 31, 2025 at least one of Google, Meta, Amazon, Tesla, or X must publicly accept cryptocurrency as a payment method. Base rates are low because these firms have generally been cautious about crypto payments, and large-platform payment acceptance usually requires regulatory, accounting, volatility, and fraud infrastructure changes. Tesla has previously accepted crypto briefly, showing some precedent, and X has the strongest strategic fit given payments ambitions, but as of the forecast date there was no broad evidence that any of the five was likely to enable crypto payments by year-end. Overall, a low-single-digit to high-single-digit chance seems appropriate.""}, ""skeptic"": {""probability"": 0.18, ""reasoning"": ""Literal read: by Dec. 31, 2025, at least one of Google, Meta, Amazon, Tesla, or X must accept crypto as a payment in a way that clearly counts under the resolution criteria. As of Feb. 1, 2025, none of these firms broadly accept crypto for core consumer payments, and each has strong blockers: regulatory/compliance complexity, accounting/volatility issues, fraud/chargeback risk, and limited business need. X is the most plausible candidate because of its payments ambitions, but there is still no clear evidence it will enable crypto payments by year-end. Google and Meta are especially unlikely to move quickly; Amazon and Tesla have previously shown interest but have not sustained acceptance. Overall, some chance exists via a narrow pilot or third-party integration, but the probability of a clear YES by the deadline is low.""}, ""optimist"": {""probability"": 0.18, ""reasoning"": ""Literal read: by Dec. 31, 2025, at least one of Google, Meta, Amazon, Tesla, or X must publicly accept cryptocurrency as a payment method for some product/service. There are credible paths to YES: X has the strongest near-term fit given Elon Musk’s crypto-friendly posture and the platform’s payments ambitions; Tesla already has a history of briefly accepting Bitcoin and could resume; Amazon/Google/Meta could add crypto via third-party checkout or digital goods if stablecoin/regulatory infrastructure improves. Still, as of Feb. 1, 2025, none of these firms broadly accept crypto for core consumer payments, and large incumbents face compliance, volatility, accounting, and customer-support frictions. The most plausible YES is a limited acceptance announcement by X or Tesla, but the base rate remains low.""}, ""judge"": {""final_probability"": 0.14, ""reasoning"": ""Literal resolution requires that by Dec. 31, 2025 at least one of Google, Meta, Amazon, Tesla, or X publicly accepts cryptocurrency as a payment method. As of Feb. 1, 2025, none of the five clearly do so in a durable, mainstream way, and the main blockers are still substantial: compliance, volatility, accounting, fraud/chargeback risk, and limited business need. X and Tesla are the most plausible candidates because of prior crypto interest and payments ambitions, but even there a clear, public acceptance by year-end is far from likely. A narrow pilot or limited product acceptance could satisfy the question, so the probability is above the very low base rate, but still modest overall.""}}"
validation,three_perspectives_judge,22390,"Will Donald Trump file a new writ petition or application for stay with the US Supreme Court between April 16 and May 19, 2024?","April 21, 2024",No,0,0.64,"Trump was in an unusually active litigation posture in April–May 2024, and the window overlaps a period when emergency Supreme Court relief was plausible. The question is literal, though: it only counts a new writ petition or stay application actually filed with the U.S. Supreme Court between Apr. 16 and May 19, 2024. Given his incentives and the likelihood of at least one urgent filing in that span, YES is more likely than not, but the narrow procedural wording keeps this below the base-rate-style optimism.",0.4096,ok,,4,"{""base_rate"": ""/Users/kenneth.cao/Desktop/Stat 390/AutoResearch_Prediction_Optimization/outputs/raw/validation/three_perspectives_judge/22390/base_rate.json"", ""skeptic"": ""/Users/kenneth.cao/Desktop/Stat 390/AutoResearch_Prediction_Optimization/outputs/raw/validation/three_perspectives_judge/22390/skeptic.json"", ""optimist"": ""/Users/kenneth.cao/Desktop/Stat 390/AutoResearch_Prediction_Optimization/outputs/raw/validation/three_perspectives_judge/22390/optimist.json"", ""judge"": ""/Users/kenneth.cao/Desktop/Stat 390/AutoResearch_Prediction_Optimization/outputs/raw/validation/three_perspectives_judge/22390/judge.json""}","{""base_rate"": {""probability"": 0.72, ""reasoning"": ""Base rate is fairly high because Trump was actively litigating multiple criminal/civil matters in spring 2024 and had strong incentives to seek emergency Supreme Court relief whenever a lower-court ruling threatened delay or immunity arguments. The window is short but includes the period when Supreme Court intervention on Trump-related issues was plausible and procedurally available. Still, the criterion is literal and narrow: it must be a new writ petition or stay application filed with the US Supreme Court between Apr. 16 and May 19, 2024, so not every appellate filing counts. Overall, given his litigation posture and the frequency of emergency filings in that period, YES is more likely than not.""}, ""skeptic"": {""probability"": 0.18, ""reasoning"": ""Low-to-moderate chance. By Apr. 21, 2024 Trump already had active Supreme Court-related litigation, but the question is literal: he must file a *new* writ petition or stay application with the U.S. Supreme Court between Apr. 16 and May 19. A new filing is possible if an urgent issue arises, yet there are blockers: he may prefer to litigate in lower courts first, the Supreme Court may not be the next procedural step, and the window is short. Also, if the relevant matter is handled through existing docket activity rather than a distinct new petition/application, it would not count. So YES is plausible but not likely.""}, ""optimist"": {""probability"": 0.62, ""reasoning"": ""A YES is fairly plausible because Trump had strong incentives to seek emergency Supreme Court relief in late April/May 2024 if any adverse lower-court ruling or imminent enforcement issue arose. The wording is broad: a new writ petition or application for stay with the U.S. Supreme Court, not necessarily a merits appeal, so even a narrow emergency filing would count. Given the active litigation calendar around Trump-related cases and his demonstrated willingness to pursue rapid appellate relief, the path to a filing within the window is credible. The main uncertainty is whether no qualifying new filing would be needed if lower-court proceedings stalled or if he chose another procedural route, but overall YES looks somewhat underpriced.""}, ""judge"": {""final_probability"": 0.64, ""reasoning"": ""Trump was in an unusually active litigation posture in April–May 2024, and the window overlaps a period when emergency Supreme Court relief was plausible. The question is literal, though: it only counts a new writ petition or stay application actually filed with the U.S. Supreme Court between Apr. 16 and May 19, 2024. Given his incentives and the likelihood of at least one urgent filing in that span, YES is more likely than not, but the narrow procedural wording keeps this below the base-rate-style optimism.""}}"
dev,three_perspectives_judge,22787,"Will the San Francisco Bay Area experience an earthquake of at least 3.0 magnitude during the seven-day period ending midday on May 14th, 2024?","May 07, 2024",No,0,0.94,"A Bay Area M3.0+ quake within a 7-day window is very likely based on the region’s high background seismicity. The perspectives are consistent and none appears to miss the literal criteria; the main uncertainty is only the exact geographic/window definition, which slightly tempers but does not materially reduce the high base rate.",0.8835999999999999,ok,,4,"{""base_rate"": ""/Users/kenneth.cao/Desktop/Stat 390/AutoResearch_Prediction_Optimization/outputs/raw/dev/three_perspectives_judge/22787/base_rate.json"", ""skeptic"": ""/Users/kenneth.cao/Desktop/Stat 390/AutoResearch_Prediction_Optimization/outputs/raw/dev/three_perspectives_judge/22787/skeptic.json"", ""optimist"": ""/Users/kenneth.cao/Desktop/Stat 390/AutoResearch_Prediction_Optimization/outputs/raw/dev/three_perspectives_judge/22787/optimist.json"", ""judge"": ""/Users/kenneth.cao/Desktop/Stat 390/AutoResearch_Prediction_Optimization/outputs/raw/dev/three_perspectives_judge/22787/judge.json""}","{""base_rate"": {""probability"": 0.97, ""reasoning"": ""The Bay Area experiences frequent small earthquakes, and a magnitude 3.0+ event over any 7-day window is very common. Using outside-view seismicity rates for the region, the chance of at least one M3.0+ quake in a week is extremely high, so YES is the likely resolution.""}, ""skeptic"": {""probability"": 0.86, ""reasoning"": ""A magnitude 3.0+ earthquake in the San Francisco Bay Area over any 7-day window is fairly common, so the base rate is high. The main uncertainty is the exact resolution criteria: whether the event must be within the defined Bay Area boundary and whether the magnitude/location are measured by the specified source. Still, given the short 7-day period and the region’s seismicity, YES is more likely than not by a wide margin.""}, ""optimist"": {""probability"": 0.93, ""reasoning"": ""A magnitude 3.0+ earthquake in the San Francisco Bay Area over any 7-day window is very likely. The Bay Area is one of the most seismically active regions in the U.S., and M3+ events occur frequently enough that a week-long period has a high chance of at least one qualifying quake. The resolution window is broad and the threshold is modest, so YES is strongly favored.""}, ""judge"": {""final_probability"": 0.94, ""reasoning"": ""A Bay Area M3.0+ quake within a 7-day window is very likely based on the region’s high background seismicity. The perspectives are consistent and none appears to miss the literal criteria; the main uncertainty is only the exact geographic/window definition, which slightly tempers but does not materially reduce the high base rate.""}}"
dev,three_perspectives_judge,41037,"Will the United States gain less than 100,000 new nonfarm jobs between December 2025 and February 2026?","January 22, 2026",Yes,1,0.18,"The resolution is literal: YES if U.S. nonfarm payrolls in February 2026 are less than 100,000 above the December 2025 level. That requires very weak cumulative job growth over two monthly reports, which is uncommon outside recessionary or near-stall labor markets. As of Jan. 22, 2026, only December data would likely be known, so January and February remain uncertain, but absent strong evidence of a sharp labor-market deterioration, the outside-view probability stays low.",0.6724000000000001,ok,,4,"{""base_rate"": ""/Users/kenneth.cao/Desktop/Stat 390/AutoResearch_Prediction_Optimization/outputs/raw/dev/three_perspectives_judge/41037/base_rate.json"", ""skeptic"": ""/Users/kenneth.cao/Desktop/Stat 390/AutoResearch_Prediction_Optimization/outputs/raw/dev/three_perspectives_judge/41037/skeptic.json"", ""optimist"": ""/Users/kenneth.cao/Desktop/Stat 390/AutoResearch_Prediction_Optimization/outputs/raw/dev/three_perspectives_judge/41037/optimist.json"", ""judge"": ""/Users/kenneth.cao/Desktop/Stat 390/AutoResearch_Prediction_Optimization/outputs/raw/dev/three_perspectives_judge/41037/judge.json""}","{""base_rate"": {""probability"": 0.18, ""reasoning"": ""Literal read: the question resolves YES if the change in U.S. nonfarm payrolls from December 2025 to February 2026 is under 100,000, which effectively means very weak cumulative job growth over two months. Outside-view, monthly payroll gains in normal expansions are usually well above 50k per month, so falling below 100k over two months is uncommon unless the labor market is already in or near recession. Given the forecast date is Jan. 22, 2026, only one month of data is likely known, but base rates still suggest a low-to-moderate chance of such a weak two-month span.""}, ""skeptic"": {""probability"": 0.18, ""reasoning"": ""YES requires the cumulative change in U.S. nonfarm payrolls from the December 2025 level to the February 2026 level to be under 100,000. That is a very low bar relative to typical monthly payroll gains, and it would likely need either a sharp labor-market slowdown or a negative January/February sequence. On Jan. 22, 2026, the key blocker is that only December data are known; the February payroll report will not be released until after the deadline, so the outcome depends on two future monthly prints. A recession-like deterioration is possible but not the base case, so YES is plausible but still unlikely.""}, ""optimist"": {""probability"": 0.18, ""reasoning"": ""YES requires the cumulative change in U.S. nonfarm payrolls from Dec 2025 to Feb 2026 to be under 100k, which is a very low bar over three months. Still, the labor market would need to be near stall speed or hit by a sharp downside shock. By Jan 22, 2026, only December payroll data would likely be known, so there is meaningful uncertainty about January and February. Credible YES paths include a rapid cooling in hiring, weather-related distortions, government/seasonal payback, or an abrupt demand slowdown that produces one weak month and one flat/negative month. But absent clear recession signals, the base rate favors more than 100k cumulative gains, so YES is possible but not likely.""}, ""judge"": {""final_probability"": 0.18, ""reasoning"": ""The resolution is literal: YES if U.S. nonfarm payrolls in February 2026 are less than 100,000 above the December 2025 level. That requires very weak cumulative job growth over two monthly reports, which is uncommon outside recessionary or near-stall labor markets. As of Jan. 22, 2026, only December data would likely be known, so January and February remain uncertain, but absent strong evidence of a sharp labor-market deterioration, the outside-view probability stays low.""}}"
dev,three_perspectives_judge,22385,"Will SpaceX's fourth Starship integrated flight test reach an altitude of at least 200 kilometers before May 20, 2024?","April 19, 2024",No,0,0.68,"The key issue is literal resolution: SpaceX’s fourth Starship integrated flight test must both occur and reach at least 200 km altitude by May 20, 2024. By Apr. 19, 2024, IFT-4 looked plausible and 200 km was well below Starship’s demonstrated suborbital capability, so if the launch happened the altitude threshold was likely achievable. But the main uncertainty is schedule and launch-readiness risk over a short one-month window, plus the possibility of a flight anomaly before reaching 200 km. I put this somewhat below the optimistic 0.72 because the deadline risk is material, but above the skeptic 0.62 because the altitude bar itself is not demanding.",0.4624000000000001,ok,,4,"{""base_rate"": ""/Users/kenneth.cao/Desktop/Stat 390/AutoResearch_Prediction_Optimization/outputs/raw/dev/three_perspectives_judge/22385/base_rate.json"", ""skeptic"": ""/Users/kenneth.cao/Desktop/Stat 390/AutoResearch_Prediction_Optimization/outputs/raw/dev/three_perspectives_judge/22385/skeptic.json"", ""optimist"": ""/Users/kenneth.cao/Desktop/Stat 390/AutoResearch_Prediction_Optimization/outputs/raw/dev/three_perspectives_judge/22385/optimist.json"", ""judge"": ""/Users/kenneth.cao/Desktop/Stat 390/AutoResearch_Prediction_Optimization/outputs/raw/dev/three_perspectives_judge/22385/judge.json""}","{""base_rate"": {""probability"": 0.72, ""reasoning"": ""By Apr. 19, 2024, SpaceX had already flown Starship integrated flight tests multiple times and had been steadily increasing performance. The question only requires Flight Test 4 to reach at least 200 km by May 20, 2024, which is a modest threshold relative to Starship’s orbital-class design and prior high-altitude test ambitions. Outside-view, once a program has reached repeated integrated launches, the chance of the next test achieving a relatively low altitude milestone within a month is fairly high, though not certain because launch schedules and technical failures can delay or abort the attempt.""}, ""skeptic"": {""probability"": 0.62, ""reasoning"": ""As of Apr 19, 2024, Starship IFT-4 was plausible within the next month, and reaching 200 km is well below orbital altitude, so a successful high-altitude suborbital flight is technically feasible. However, the skeptic case is meaningful: SpaceX had only recently flown IFT-3, launch cadence could slip, and the question requires the fourth integrated flight test to actually occur and reach at least 200 km before May 20. Delays from FAA/licensing, pad readiness, vehicle issues, or a flight anomaly could easily push the attempt past the deadline or prevent reaching the threshold. Overall, moderate chance of YES but far from certain.""}, ""optimist"": {""probability"": 0.72, ""reasoning"": ""As of Apr. 19, 2024, SpaceX had already flown Starship IFT-3 to a much higher suborbital trajectory than 200 km, and the company’s rapid test cadence plus strong public indications of an imminent IFT-4 made a fourth flight before May 20 plausible. The literal bar is low: the flight only needs to reach 200 km altitude at any point before the deadline, which is well within Starship’s demonstrated capability if the launch occurs. Main risks are schedule slips, regulatory/launch readiness delays, or a failure before reaching that altitude. But given SpaceX’s momentum and the short time window, YES looks more likely than not and somewhat underpriced.""}, ""judge"": {""final_probability"": 0.68, ""reasoning"": ""The key issue is literal resolution: SpaceX’s fourth Starship integrated flight test must both occur and reach at least 200 km altitude by May 20, 2024. By Apr. 19, 2024, IFT-4 looked plausible and 200 km was well below Starship’s demonstrated suborbital capability, so if the launch happened the altitude threshold was likely achievable. But the main uncertainty is schedule and launch-readiness risk over a short one-month window, plus the possibility of a flight anomaly before reaching 200 km. I put this somewhat below the optimistic 0.72 because the deadline risk is material, but above the skeptic 0.62 because the altitude bar itself is not demanding.""}}"
validation,three_perspectives_judge,20720,Will annual US core CPI inflation be above 3% in December 2024?,"January 21, 2024",Yes,1,0.39,"Literal resolution is YES only if the December 2024 US core CPI year-over-year rate is strictly above 3.0%. As of Jan. 21, 2024, core CPI was still a bit above 3%, but disinflation was underway. Over the next 11 months, getting below 3% is plausible, though sticky shelter/services inflation makes a sub-3% outcome far from certain. I put the chance of finishing above 3% slightly below even odds.",0.3721,ok,,4,"{""base_rate"": ""/Users/kenneth.cao/Desktop/Stat 390/AutoResearch_Prediction_Optimization/outputs/raw/validation/three_perspectives_judge/20720/base_rate.json"", ""skeptic"": ""/Users/kenneth.cao/Desktop/Stat 390/AutoResearch_Prediction_Optimization/outputs/raw/validation/three_perspectives_judge/20720/skeptic.json"", ""optimist"": ""/Users/kenneth.cao/Desktop/Stat 390/AutoResearch_Prediction_Optimization/outputs/raw/validation/three_perspectives_judge/20720/optimist.json"", ""judge"": ""/Users/kenneth.cao/Desktop/Stat 390/AutoResearch_Prediction_Optimization/outputs/raw/validation/three_perspectives_judge/20720/judge.json""}","{""base_rate"": {""probability"": 0.42, ""reasoning"": ""Literal read: the question resolves YES if the year-over-year US core CPI inflation rate for December 2024 is above 3.0%. As of Jan. 2024, core CPI had fallen from its 2022 peak but was still around the mid-3% range, with disinflation likely to continue but not guaranteed to reach below 3% by year-end. Base-rate-wise, getting core CPI from the mid-3s to clearly under 3% within 11 months is plausible but not the modal outcome, especially given sticky shelter/services inflation. I’d put slightly below-even odds on finishing above 3%.""}, ""skeptic"": {""probability"": 0.34, ""reasoning"": ""Literal read: the question resolves YES only if the year-over-year US core CPI rate for December 2024 is above 3.0%. On Jan 21, 2024, core inflation had fallen materially from 2022 peaks but was still sticky, with shelter and services keeping it elevated. A further decline below 3% by December is plausible if disinflation continues, but there are several blockers: core services/shelter can stay sticky, monthly prints can reaccelerate, and the threshold is strict (>3%, not near 3%). Given the starting point and the need for sustained progress over most of 2024, I think sub-3% is somewhat more likely than above-3%, but not by a huge margin.""}, ""optimist"": {""probability"": 0.42, ""reasoning"": ""As of Jan. 21, 2024, core CPI inflation was still running above 3% year-over-year, and getting below 3% by December requires a fairly sustained disinflation trend over most of 2024. That said, shelter inflation typically lags and could keep core elevated, while services ex-housing and wage pressures may remain sticky. On the other hand, goods disinflation and easing demand could pull it down faster than expected. A December 2024 reading above 3% is plausible but not the base case; I’d put it somewhat below even odds.""}, ""judge"": {""final_probability"": 0.39, ""reasoning"": ""Literal resolution is YES only if the December 2024 US core CPI year-over-year rate is strictly above 3.0%. As of Jan. 21, 2024, core CPI was still a bit above 3%, but disinflation was underway. Over the next 11 months, getting below 3% is plausible, though sticky shelter/services inflation makes a sub-3% outcome far from certain. I put the chance of finishing above 3% slightly below even odds.""}}"
validation,three_perspectives_judge,31258,Will Google's search market share drop below 85% in 2025?,"February 01, 2025",No,0,0.18,"Google’s global search share has been remarkably sticky in the high-80s to low-90s, so falling below 85% at any point in 2025 would require a fairly large and sustained shift rather than ordinary fluctuation. AI search/chat alternatives, regulatory changes, or distribution shocks could erode share, but the default expectation is that Google’s defaults, brand, and habit keep it above the threshold through year-end. I therefore keep the probability near the provided base rate.",0.0324,ok,,4,"{""base_rate"": ""/Users/kenneth.cao/Desktop/Stat 390/AutoResearch_Prediction_Optimization/outputs/raw/validation/three_perspectives_judge/31258/base_rate.json"", ""skeptic"": ""/Users/kenneth.cao/Desktop/Stat 390/AutoResearch_Prediction_Optimization/outputs/raw/validation/three_perspectives_judge/31258/skeptic.json"", ""optimist"": ""/Users/kenneth.cao/Desktop/Stat 390/AutoResearch_Prediction_Optimization/outputs/raw/validation/three_perspectives_judge/31258/optimist.json"", ""judge"": ""/Users/kenneth.cao/Desktop/Stat 390/AutoResearch_Prediction_Optimization/outputs/raw/validation/three_perspectives_judge/31258/judge.json""}","{""base_rate"": {""probability"": 0.18, ""reasoning"": ""Google’s global search share has been very stable for years, typically hovering in the high-80s to low-90s depending on measurement source. A drop below 85% within a single year would require a fairly large and sustained shift in user behavior or a major measurement change. AI chatbots and alternative search tools may continue to erode share, but outside-view base rates suggest only a modest chance of such a sharp one-year decline by end-2025.""}, ""skeptic"": {""probability"": 0.18, ""reasoning"": ""Google’s global search share has been very sticky for years and typically remains in the high-80s to low-90s range. To resolve YES, a measured share below 85% must occur at some point in 2025, not just a temporary dip in a niche metric. That would likely require a sustained shift from AI/chat alternatives, major regulatory or product disruptions, or a broad change in user behavior within one year. Those are plausible but still hard to happen quickly enough, and measurement differences across sources can also keep the reported figure above the threshold.""}, ""optimist"": {""probability"": 0.18, ""reasoning"": ""Google’s global search share has been very stable for years, typically reported in the high-80s to low-90s range, so a drop below 85% within 2025 requires a meaningful and sustained shift rather than normal noise. Credible YES paths include rapid adoption of AI-native search/chat interfaces, regulatory or distribution shocks, and continued erosion on mobile or in specific geographies. Still, most of Google’s advantages—default placement, brand, index quality, and habit—make a sub-85% annual average or point-in-time reading unlikely by year-end. The main underpricing risk is that measurement sources can show a faster decline than users expect if AI answers reduce traditional search queries materially.""}, ""judge"": {""final_probability"": 0.18, ""reasoning"": ""Google’s global search share has been remarkably sticky in the high-80s to low-90s, so falling below 85% at any point in 2025 would require a fairly large and sustained shift rather than ordinary fluctuation. AI search/chat alternatives, regulatory changes, or distribution shocks could erode share, but the default expectation is that Google’s defaults, brand, and habit keep it above the threshold through year-end. I therefore keep the probability near the provided base rate.""}}"
dev,three_perspectives_judge,31123,Will Iran possess a nuclear weapon before 2026?,"February 01, 2025",No,0,0.12,"Literal YES requires Iran to actually possess a nuclear weapon by 2025-12-31, not just enrichment capacity or breakout potential. As of 2025-02-01, Iran had advanced nuclear capabilities but no public evidence of an assembled or deployed weapon. A covert sprint is possible, but weaponization, integration, concealment, and the risk of detection or preemption make completion within the year difficult. I put meaningful weight on the possibility of a rapid clandestine breakthrough, but the most likely outcome remains no weapon by the deadline.",0.0144,ok,,4,"{""base_rate"": ""/Users/kenneth.cao/Desktop/Stat 390/AutoResearch_Prediction_Optimization/outputs/raw/dev/three_perspectives_judge/31123/base_rate.json"", ""skeptic"": ""/Users/kenneth.cao/Desktop/Stat 390/AutoResearch_Prediction_Optimization/outputs/raw/dev/three_perspectives_judge/31123/skeptic.json"", ""optimist"": ""/Users/kenneth.cao/Desktop/Stat 390/AutoResearch_Prediction_Optimization/outputs/raw/dev/three_perspectives_judge/31123/optimist.json"", ""judge"": ""/Users/kenneth.cao/Desktop/Stat 390/AutoResearch_Prediction_Optimization/outputs/raw/dev/three_perspectives_judge/31123/judge.json""}","{""base_rate"": {""probability"": 0.18, ""reasoning"": ""Literal resolution requires Iran to actually possess a nuclear weapon before 2026, not merely have breakout capability, enriched uranium, or a latent weapons option. Outside-view base rates are low: since 1945, only a small number of states have acquired nuclear weapons, and proliferation is usually slow, heavily monitored, and often deterred by sanctions, sabotage, and military risk. Iran has advanced enrichment and relevant know-how, but as of the forecast date there was no public evidence it had assembled, tested, or deployed a weapon. The main upside risk is a rapid covert sprint or external collapse of constraints, but the deadline is short, so the probability remains well below 50%.""}, ""skeptic"": {""probability"": 0.08, ""reasoning"": ""Literal resolution requires Iran to actually possess a nuclear weapon before 2026, not merely have breakout capability, enriched uranium, or a latent weapons option. As of Feb. 1, 2025, Iran still lacked a declared nuclear weapon, and the main blockers are substantial: weaponization, delivery integration, testing/validation, and the political/military risk of detection and preemption. Even if Iran chose to sprint, producing a deliverable weapon by year-end 2025 would be difficult under likely Israeli/U.S. pressure and intelligence monitoring. The chance is nonzero because covert progress or a rapid decision could surprise observers, but the base rate for crossing from advanced enrichment to an actual possessed weapon within one year is low.""}, ""optimist"": {""probability"": 0.18, ""reasoning"": ""Literal YES requires Iran to possess an actual nuclear weapon by 2025-12-31, not merely be close to breakout or have enough fissile material. As of 2025-02-01, Iran had advanced enrichment and reduced transparency, which keeps a credible path to a rapid dash if it chose to weaponize and could assemble a device. The main underpriced YES path is a covert crash program plus a successful first device test or undisclosed assembled weapon before year-end, especially if regional conflict or regime insecurity accelerates the decision. But the remaining hurdles are substantial: weaponization, delivery integration, concealment, and the possibility that external strikes, sabotage, or internal constraints delay or prevent completion. Overall, YES is plausible but still a minority outcome.""}, ""judge"": {""final_probability"": 0.12, ""reasoning"": ""Literal YES requires Iran to actually possess a nuclear weapon by 2025-12-31, not just enrichment capacity or breakout potential. As of 2025-02-01, Iran had advanced nuclear capabilities but no public evidence of an assembled or deployed weapon. A covert sprint is possible, but weaponization, integration, concealment, and the risk of detection or preemption make completion within the year difficult. I put meaningful weight on the possibility of a rapid clandestine breakthrough, but the most likely outcome remains no weapon by the deadline.""}}"
validation,three_perspectives_judge,41699,Will U.S. consumer sentiment in March 2026 be higher than in February 2026?,"February 04, 2026",No,0,0.57,"Literal resolution: YES if the relevant U.S. consumer sentiment measure published for March 2026 is higher than the February 2026 value. As of Feb. 4, 2026, this is a one-month-ahead call on a noisy series that often mean-reverts or rebounds modestly. The provided perspectives are consistent that a small increase is slightly more likely than not, but with meaningful downside risk from inflation, labor-market, rates, or policy shocks. I therefore put the probability modestly above 0.5.",0.32489999999999997,ok,,4,"{""base_rate"": ""/Users/kenneth.cao/Desktop/Stat 390/AutoResearch_Prediction_Optimization/outputs/raw/validation/three_perspectives_judge/41699/base_rate.json"", ""skeptic"": ""/Users/kenneth.cao/Desktop/Stat 390/AutoResearch_Prediction_Optimization/outputs/raw/validation/three_perspectives_judge/41699/skeptic.json"", ""optimist"": ""/Users/kenneth.cao/Desktop/Stat 390/AutoResearch_Prediction_Optimization/outputs/raw/validation/three_perspectives_judge/41699/optimist.json"", ""judge"": ""/Users/kenneth.cao/Desktop/Stat 390/AutoResearch_Prediction_Optimization/outputs/raw/validation/three_perspectives_judge/41699/judge.json""}","{""base_rate"": {""probability"": 0.56, ""reasoning"": ""Consumer sentiment month-to-month is noisy and often rebounds after a weak month, but it is also sensitive to inflation, labor-market headlines, and equity/interest-rate moves. On a base-rate view, a modestly higher-than-even chance of March 2026 sentiment exceeding February 2026 is reasonable because short-run improvements are common absent a major shock, though the margin is small and uncertainty is high.""}, ""skeptic"": {""probability"": 0.56, ""reasoning"": ""Literal read: this resolves YES if the relevant U.S. consumer sentiment index for March 2026 is higher than February 2026, likely based on the same monthly survey series and final published values. On Feb. 4, 2026, March is still ahead, so the main driver is near-term macro conditions. A modest month-over-month increase is somewhat more likely than not because sentiment often rebounds from weak winter readings and can move on gasoline prices, labor-market news, and easing inflation concerns. But as a skeptic, there are meaningful blockers: sentiment is noisy, can be revised, and is vulnerable to any renewed tariff/inflation shock, equity drawdown, or labor-market softening. Since the question is only about one month ahead, the edge is limited, so YES is only slightly favored.""}, ""optimist"": {""probability"": 0.58, ""reasoning"": ""A March-over-February increase in U.S. consumer sentiment is plausible because the series is noisy month to month and often rebounds after a weak print if inflation expectations ease, gasoline prices stabilize, or labor-market headlines improve. As of the forecast date, there is no strong reason to expect a persistent collapse in sentiment, and even modest improvement in current conditions or expectations can lift the March reading above February. The main risk is that sentiment remains pressured by rates, prices, or policy uncertainty, but the literal bar is only a one-month increase, which is easier to clear than a sustained trend change.""}, ""judge"": {""final_probability"": 0.57, ""reasoning"": ""Literal resolution: YES if the relevant U.S. consumer sentiment measure published for March 2026 is higher than the February 2026 value. As of Feb. 4, 2026, this is a one-month-ahead call on a noisy series that often mean-reverts or rebounds modestly. The provided perspectives are consistent that a small increase is slightly more likely than not, but with meaningful downside risk from inflation, labor-market, rates, or policy shocks. I therefore put the probability modestly above 0.5.""}}"
dev,three_perspectives_judge,22914,"Before May 20, 2024, will it be announced that Minouche Shafik will no longer be President of Columbia University?","May 01, 2024",No,0,0.72,"As of May 1, 2024, Columbia’s president was under unusually intense pressure, and the question only requires an announcement by May 20 that she will no longer be president, not the actual departure date. Given the acute crisis and the possibility of a rapid resignation or board-announced transition, YES looks more likely than not. The main uncertainty is timing, since universities can delay formal leadership changes, but the short window is still plausible for an announcement.",0.5184,ok,,4,"{""base_rate"": ""/Users/kenneth.cao/Desktop/Stat 390/AutoResearch_Prediction_Optimization/outputs/raw/dev/three_perspectives_judge/22914/base_rate.json"", ""skeptic"": ""/Users/kenneth.cao/Desktop/Stat 390/AutoResearch_Prediction_Optimization/outputs/raw/dev/three_perspectives_judge/22914/skeptic.json"", ""optimist"": ""/Users/kenneth.cao/Desktop/Stat 390/AutoResearch_Prediction_Optimization/outputs/raw/dev/three_perspectives_judge/22914/optimist.json"", ""judge"": ""/Users/kenneth.cao/Desktop/Stat 390/AutoResearch_Prediction_Optimization/outputs/raw/dev/three_perspectives_judge/22914/judge.json""}","{""base_rate"": {""probability"": 0.72, ""reasoning"": ""As of May 1, 2024, Minouche Shafik was under intense scrutiny amid campus unrest, and university presidents in similar high-pressure situations sometimes resign or are removed quickly. The question is literal about an announcement before May 20, which is a short window, but the outside-view base rate for abrupt leadership changes during acute crises is meaningfully elevated. Still, absent certainty of immediate departure, this is not near-certain.""}, ""skeptic"": {""probability"": 0.72, ""reasoning"": ""As of May 1, 2024, there is substantial pressure on Columbia’s leadership and Minouche Shafik has already faced intense scrutiny over campus protests and congressional testimony. A public announcement that she will no longer be president before May 20 seems plausible if the university or Shafik chooses to step down or if trustees announce a transition. However, the resolution is literal: it requires an announcement by the deadline, not just rumors, criticism, or later departure. The main blocker is timing—universities often move slowly, and she could remain in place past May 20 even amid controversy. Still, given the severity of the situation, the chance of an announcement by then is meaningfully above 50%.""}, ""optimist"": {""probability"": 0.72, ""reasoning"": ""As of May 1, 2024, the risk that Columbia would announce Minouche Shafik is no longer president before May 20 looked substantial. The campus unrest and intense political/media pressure created a credible near-term path to resignation, leave, or removal, and such announcements can happen quickly once governance decisions are made. Because the question only requires an announcement by the deadline—not an actual departure—the threshold is somewhat easier to meet. Still, there is meaningful uncertainty because boards often try to stabilize leadership first, so I’d put YES at a strong but not certain majority.""}, ""judge"": {""final_probability"": 0.72, ""reasoning"": ""As of May 1, 2024, Columbia’s president was under unusually intense pressure, and the question only requires an announcement by May 20 that she will no longer be president, not the actual departure date. Given the acute crisis and the possibility of a rapid resignation or board-announced transition, YES looks more likely than not. The main uncertainty is timing, since universities can delay formal leadership changes, but the short window is still plausible for an announcement.""}}"
validation,three_perspectives_judge,22308,"Will Israel and Hamas reach a ceasefire deal before May 16, 2024?","April 20, 2024",No,0,0.39,"As of Apr. 20, 2024, talks were active and pressure was intense, but the core gaps were still substantial: hostage-prisoner terms, truce duration, Israeli military constraints, and Hamas’s demand for a more durable end to the war. The optimistic view likely overweights how close prior rounds had seemed; repeated near-misses suggest that being 'close' was not enough. With only about 3.5 weeks until the deadline, a deal was plausible but still more likely to fail than succeed.",0.1521,ok,,4,"{""base_rate"": ""/Users/kenneth.cao/Desktop/Stat 390/AutoResearch_Prediction_Optimization/outputs/raw/validation/three_perspectives_judge/22308/base_rate.json"", ""skeptic"": ""/Users/kenneth.cao/Desktop/Stat 390/AutoResearch_Prediction_Optimization/outputs/raw/validation/three_perspectives_judge/22308/skeptic.json"", ""optimist"": ""/Users/kenneth.cao/Desktop/Stat 390/AutoResearch_Prediction_Optimization/outputs/raw/validation/three_perspectives_judge/22308/optimist.json"", ""judge"": ""/Users/kenneth.cao/Desktop/Stat 390/AutoResearch_Prediction_Optimization/outputs/raw/validation/three_perspectives_judge/22308/judge.json""}","{""base_rate"": {""probability"": 0.42, ""reasoning"": ""As of Apr. 20, 2024, ceasefire talks had repeatedly produced near-misses and temporary pauses rather than a durable deal, but there was still active mediation by Egypt, Qatar, and the U.S. and strong pressure from the Rafah operation and hostage negotiations. The deadline is only about 3.5 weeks away, which is short but not trivial for a negotiated agreement. Base-rate-wise, high-stakes wartime ceasefires often fail on first attempts, yet when both sides face mounting pressure and mediators are engaged, a deal within a month is plausible. I’d put the chance at slightly below even odds.""}, ""skeptic"": {""probability"": 0.28, ""reasoning"": ""As of Apr. 20, 2024, ceasefire talks were active but still stalled on core issues: hostage-prisoner exchange terms, duration of any pause, Israeli withdrawal, and Hamas’s demands for a permanent end to the war. The U.S., Egypt, and Qatar were pushing hard, but prior rounds had repeatedly failed and both sides had strong incentives to hold out. A deal by May 16 was possible, but the deadline was tight and the risk of another breakdown was high.""}, ""optimist"": {""probability"": 0.62, ""reasoning"": ""As of Apr. 20, 2024, a ceasefire deal before May 16 looked plausible because negotiations were active and repeatedly close to agreement, with strong pressure from the U.S., Egypt, and Qatar, plus mounting humanitarian and military incentives for both sides to pause. Hamas had signaled willingness to accept a proposal framework, and Israel was under growing domestic and international pressure to secure hostages and reduce escalation risk. The main downside is that key sticking points—especially hostage exchange ratios, duration of truce, and Israeli demands on Rafah/war termination—could still derail talks. But given the intensity of mediation and the repeated near-miss pattern, YES seemed somewhat underpriced.""}, ""judge"": {""final_probability"": 0.39, ""reasoning"": ""As of Apr. 20, 2024, talks were active and pressure was intense, but the core gaps were still substantial: hostage-prisoner terms, truce duration, Israeli military constraints, and Hamas’s demand for a more durable end to the war. The optimistic view likely overweights how close prior rounds had seemed; repeated near-misses suggest that being 'close' was not enough. With only about 3.5 weeks until the deadline, a deal was plausible but still more likely to fail than succeed.""}}"
validation,three_perspectives_judge,31324,Will mifepristone become significantly restricted or illegal to prescribe for abortions across the US before 2026?,"February 01, 2025",No,0,0.28,"A literal YES requires a nationwide change by 2025-12-31: mifepristone becoming significantly restricted or illegal to prescribe for abortions across the US. That is a high bar and would likely require FDA action, Congress, or a Supreme Court ruling with broad practical effect. As of Feb. 1, 2025, access remained broadly available, and the more likely outcome was continued litigation and state-by-state variation rather than a nationwide prohibition. The provided perspectives are aligned and do not indicate a strong reason to move off the base estimate.",0.07840000000000001,ok,,4,"{""base_rate"": ""/Users/kenneth.cao/Desktop/Stat 390/AutoResearch_Prediction_Optimization/outputs/raw/validation/three_perspectives_judge/31324/base_rate.json"", ""skeptic"": ""/Users/kenneth.cao/Desktop/Stat 390/AutoResearch_Prediction_Optimization/outputs/raw/validation/three_perspectives_judge/31324/skeptic.json"", ""optimist"": ""/Users/kenneth.cao/Desktop/Stat 390/AutoResearch_Prediction_Optimization/outputs/raw/validation/three_perspectives_judge/31324/optimist.json"", ""judge"": ""/Users/kenneth.cao/Desktop/Stat 390/AutoResearch_Prediction_Optimization/outputs/raw/validation/three_perspectives_judge/31324/judge.json""}","{""base_rate"": {""probability"": 0.28, ""reasoning"": ""Base rates suggest meaningful but not dominant odds of a nationwide restriction by end-2025. Mifepristone has already faced sustained legal and regulatory attacks, and the post-Dobbs environment makes further constraints plausible. However, a nationwide ban or major prescribing restriction would likely require either a Supreme Court outcome, FDA action, or federal legislation, all of which are uncertain and politically contested. Because the question asks for a significant restriction or illegality across the US, not just state-level limits, the bar is high; absent a clear federal shift, the most likely outcome is continued access with litigation-driven uncertainty rather than a nationwide prohibition.""}, ""skeptic"": {""probability"": 0.28, ""reasoning"": ""Literal YES requires mifepristone to become significantly restricted or illegal to prescribe for abortions across the US by 2025-12-31. That is a high bar: it likely needs either a nationwide FDA action, a Supreme Court ruling, or federal legislation, and each faces major legal and political blockers. As of the forecast date, mifepristone remains broadly available in many states, and even adverse litigation could easily produce partial or state-level restrictions rather than a nationwide change. The most plausible failure mode for YES is continued status quo with ongoing state-by-state limits and litigation, not a nationwide ban or major federal restriction.""}, ""optimist"": {""probability"": 0.28, ""reasoning"": ""YES requires a major nationwide change before 2026: mifepristone becoming significantly restricted or illegal to prescribe for abortions across the US. That is a high bar because federal approval and broad telehealth/mail access were still in place as of Feb. 1, 2025, and nationwide policy usually changes only through FDA action, Congress, or a Supreme Court ruling with immediate practical effect. Credible YES paths exist: a Supreme Court decision could sharply narrow access, a new federal administration could direct FDA to impose major restrictions, or litigation could force nationwide limits. The issue was highly contested and politically salient, so underpricing is possible. Still, the deadline is short and nationwide prohibition/restriction is harder than state-level bans, so I put the chance below one-third.""}, ""judge"": {""final_probability"": 0.28, ""reasoning"": ""A literal YES requires a nationwide change by 2025-12-31: mifepristone becoming significantly restricted or illegal to prescribe for abortions across the US. That is a high bar and would likely require FDA action, Congress, or a Supreme Court ruling with broad practical effect. As of Feb. 1, 2025, access remained broadly available, and the more likely outcome was continued litigation and state-by-state variation rather than a nationwide prohibition. The provided perspectives are aligned and do not indicate a strong reason to move off the base estimate.""}}"
dev,three_perspectives_judge,22382,"Will Joe Biden issue his 11th veto before May 17, 2024?","April 19, 2024",Yes,1,0.05,"Biden would need to issue his 11th veto within about four weeks, which is a very fast pace for presidential vetoes. As of the forecast date he was well below that threshold, and there was no strong reason to expect enough veto-worthy bills to reach his desk in time. A YES is possible if a major bill is sent and vetoed quickly, but the literal resolution is unlikely by May 17.",0.9025,ok,,4,"{""base_rate"": ""/Users/kenneth.cao/Desktop/Stat 390/AutoResearch_Prediction_Optimization/outputs/raw/dev/three_perspectives_judge/22382/base_rate.json"", ""skeptic"": ""/Users/kenneth.cao/Desktop/Stat 390/AutoResearch_Prediction_Optimization/outputs/raw/dev/three_perspectives_judge/22382/skeptic.json"", ""optimist"": ""/Users/kenneth.cao/Desktop/Stat 390/AutoResearch_Prediction_Optimization/outputs/raw/dev/three_perspectives_judge/22382/optimist.json"", ""judge"": ""/Users/kenneth.cao/Desktop/Stat 390/AutoResearch_Prediction_Optimization/outputs/raw/dev/three_perspectives_judge/22382/judge.json""}","{""base_rate"": {""probability"": 0.08, ""reasoning"": ""As of Apr. 19, 2024, Biden had issued relatively few vetoes overall, and reaching an 11th veto within less than a month would require an unusually rapid pace. Presidents typically veto only occasionally, and even in a busy legislative period, multiple vetoes in such a short window are uncommon. Base-rate-wise, the chance of exactly one more veto before May 17 is low, though not negligible given possible congressional action on contentious bills.""}, ""skeptic"": {""probability"": 0.03, ""reasoning"": ""As of Apr. 19, 2024 Biden had issued far fewer than 11 vetoes, so reaching an 11th veto by May 17 would require an unusually rapid burst of vetoes in under a month. That is highly unlikely because vetoes are rare, require Congress to send him bills he wants to reject, and there was no obvious near-term legislative sequence guaranteeing enough veto opportunities. The main blocker is simple volume: even one veto in that window would be notable, let alone enough to make it his 11th.""}, ""optimist"": {""probability"": 0.08, ""reasoning"": ""As of Apr. 19, 2024, Biden had issued far fewer than 11 vetoes in his presidency, so reaching an 11th veto by May 17 would require an unusually fast burst of veto activity in under a month. While Congress could send a veto-worthy bill and Biden could act quickly, the window is short and vetoes are relatively rare. A credible YES path exists if a major bipartisan bill or appropriations measure reaches his desk and he uses the veto to signal leverage, but that still looks unlikely by the deadline.""}, ""judge"": {""final_probability"": 0.05, ""reasoning"": ""Biden would need to issue his 11th veto within about four weeks, which is a very fast pace for presidential vetoes. As of the forecast date he was well below that threshold, and there was no strong reason to expect enough veto-worthy bills to reach his desk in time. A YES is possible if a major bill is sent and vetoed quickly, but the literal resolution is unlikely by May 17.""}}"
validation,three_perspectives_judge,40182,"Will France announce a nuclear deterrent extension agreement with a European country before December 16, 2025?","October 15, 2025",No,0,0.22,"The literal bar is high: France must publicly announce an actual nuclear deterrent extension agreement with a European country before Dec. 16, 2025, not merely discuss European deterrence, issue supportive rhetoric, or sign broader defense cooperation. As of Oct. 15, 2025, there is only about two months left, and such an agreement would require unusual political sensitivity, clear wording, and likely coordination with a partner willing to formalize the arrangement. France has shown openness to European deterrence dialogue, which keeps the chance above a pure base-rate long shot, but the most likely outcome is still consultations or statements of intent rather than a concrete announced agreement. ",0.0484,ok,,4,"{""base_rate"": ""/Users/kenneth.cao/Desktop/Stat 390/AutoResearch_Prediction_Optimization/outputs/raw/validation/three_perspectives_judge/40182/base_rate.json"", ""skeptic"": ""/Users/kenneth.cao/Desktop/Stat 390/AutoResearch_Prediction_Optimization/outputs/raw/validation/three_perspectives_judge/40182/skeptic.json"", ""optimist"": ""/Users/kenneth.cao/Desktop/Stat 390/AutoResearch_Prediction_Optimization/outputs/raw/validation/three_perspectives_judge/40182/optimist.json"", ""judge"": ""/Users/kenneth.cao/Desktop/Stat 390/AutoResearch_Prediction_Optimization/outputs/raw/validation/three_perspectives_judge/40182/judge.json""}","{""base_rate"": {""probability"": 0.18, ""reasoning"": ""Base rate is modestly low. France has long discussed European nuclear deterrence cooperation, but formal \""extension agreement\"" language suggests a concrete bilateral or multilateral announcement, which is rarer than general statements of support. By mid-October 2025 there is limited time before the December 16 deadline, and such agreements usually require substantial political and legal coordination. France may issue rhetoric or consultations, but an actual announced agreement with a European country before the cutoff seems more likely than not to fail.""}, ""skeptic"": {""probability"": 0.18, ""reasoning"": ""Low-to-moderate chance. France has been discussing European nuclear deterrence cooperation for years, but the resolution requires a specific public announcement of an extension agreement with a European country before Dec. 16, 2025. That is a high bar: it needs a concrete bilateral/multilateral agreement, not just rhetoric, consultations, or vague security assurances. Likely blockers include domestic French caution over sovereignty and control of the force de frappe, reluctance from potential partners to formalize dependence, and the short time window. Even if talks advance, they may stop at statements of intent or defense cooperation rather than an announced deterrent extension agreement.""}, ""optimist"": {""probability"": 0.28, ""reasoning"": ""A YES requires a public French announcement by Dec. 16, 2025 of a nuclear deterrent extension agreement with a European country, which is a high bar because France has historically been cautious about formal nuclear guarantees and any such move would be politically and strategically sensitive. Still, the path to YES is plausible: Europe’s security environment remains tense, France has been increasingly open to discussing the European dimension of its deterrent, and a bilateral or framework announcement with a nearby European partner (especially one seeking stronger security assurances) could be used to signal deterrence without a full treaty-style commitment. The deadline is short, but summit diplomacy or a defense cooperation announcement could produce a literal match if language is explicit enough. Overall, credible but not likely.""}, ""judge"": {""final_probability"": 0.22, ""reasoning"": ""The literal bar is high: France must publicly announce an actual nuclear deterrent extension agreement with a European country before Dec. 16, 2025, not merely discuss European deterrence, issue supportive rhetoric, or sign broader defense cooperation. As of Oct. 15, 2025, there is only about two months left, and such an agreement would require unusual political sensitivity, clear wording, and likely coordination with a partner willing to formalize the arrangement. France has shown openness to European deterrence dialogue, which keeps the chance above a pure base-rate long shot, but the most likely outcome is still consultations or statements of intent rather than a concrete announced agreement. ""}}"
dev,three_perspectives_judge,40216,Will the upper bound of the federal funds rate be 4.00% or higher at the December 2025 FOMC meeting?,"October 10, 2025",No,0,0.29,"Literal resolution: YES only if the December 2025 FOMC target range’s upper bound is at least 4.00% at that meeting. As of Oct. 10, 2025, the Fed was already below that threshold, so YES requires either no further cuts from then through December or a hike. Given the recent easing/normalization backdrop and the limited number of meetings left, the more likely path is one more cut or at least a range that stays below 4.00%. I weight the skeptical/base-rate views more than the optimistic one, since a 4.00%+ upper bound is possible but not the modal outcome.",0.0841,ok,,4,"{""base_rate"": ""/Users/kenneth.cao/Desktop/Stat 390/AutoResearch_Prediction_Optimization/outputs/raw/dev/three_perspectives_judge/40216/base_rate.json"", ""skeptic"": ""/Users/kenneth.cao/Desktop/Stat 390/AutoResearch_Prediction_Optimization/outputs/raw/dev/three_perspectives_judge/40216/skeptic.json"", ""optimist"": ""/Users/kenneth.cao/Desktop/Stat 390/AutoResearch_Prediction_Optimization/outputs/raw/dev/three_perspectives_judge/40216/optimist.json"", ""judge"": ""/Users/kenneth.cao/Desktop/Stat 390/AutoResearch_Prediction_Optimization/outputs/raw/dev/three_perspectives_judge/40216/judge.json""}","{""base_rate"": {""probability"": 0.18, ""reasoning"": ""As of Oct. 10, 2025, the Fed’s upper bound was below 4.00%, and the question resolves YES only if the December 2025 FOMC target range’s upper bound is at least 4.00%. Base rates suggest this is possible but not the modal outcome: the Fed typically changes rates in 25 bp steps and tends to move gradually, so reaching 4.00% by December would require either a sizable tightening cycle or a starting point already near 4.00%. Given the prevailing post-2024 easing/normalization environment and the limited number of meetings left, the most likely outcome is an upper bound below 4.00%, though a policy reversal or inflation surprise leaves a meaningful tail risk.""}, ""skeptic"": {""probability"": 0.28, ""reasoning"": ""As of Oct. 10, 2025, the upper bound of the federal funds target range would need to be at least 4.00% at the December 2025 FOMC meeting. That requires either no further cuts from the then-current level or a hike. The Fed had already been easing, and a December hold at 3.75%-4.00% or another cut would make the answer NO. Given the Fed’s tendency to adjust gradually and the possibility of additional easing if inflation cools or labor data softens, YES is plausible but not the base case. The main blocker is that the committee can easily keep the upper bound below 4.00% with even one more 25 bp cut.""}, ""optimist"": {""probability"": 0.62, ""reasoning"": ""As of Oct. 10, 2025, the key issue is whether the Fed will keep the target range’s upper bound at 4.00% or above at the Dec. 2025 meeting. A YES can resolve via no cut at all, or even a smaller-than-expected cut that still leaves the upper bound at 4.00%+. With inflation still not fully back to target and the Fed historically cautious about easing too quickly, there is a credible path to holding rates steady if incoming data stay firm or financial conditions re-tighten. Even if the Fed does cut, the market may be underpricing the chance that the Committee prefers to move slowly and preserve optionality into year-end. That said, by October the market often expects some easing by December, so YES is not dominant. Overall, I put a modestly above-even chance on 4.00%+ at the December meeting.""}, ""judge"": {""final_probability"": 0.29, ""reasoning"": ""Literal resolution: YES only if the December 2025 FOMC target range’s upper bound is at least 4.00% at that meeting. As of Oct. 10, 2025, the Fed was already below that threshold, so YES requires either no further cuts from then through December or a hike. Given the recent easing/normalization backdrop and the limited number of meetings left, the more likely path is one more cut or at least a range that stays below 4.00%. I weight the skeptical/base-rate views more than the optimistic one, since a 4.00%+ upper bound is possible but not the modal outcome.""}}"
validation,three_perspectives_judge,40183,"Will North Korea conduct a nuclear test before December 16, 2025?","October 10, 2025",No,0,0.1,"Literal resolution requires North Korea to conduct a nuclear test that is publicly detected before Dec. 16, 2025. The short horizon, the absence of any test since 2017, and the high diplomatic/military costs make YES unlikely. North Korea can still signal strength through missiles and rhetoric without crossing this threshold, and a test would require deliberate political choice plus detectable preparation. I put some weight on the regime’s ability to act abruptly and its technical capability, but overall the chance remains low.",0.010000000000000002,ok,,4,"{""base_rate"": ""/Users/kenneth.cao/Desktop/Stat 390/AutoResearch_Prediction_Optimization/outputs/raw/validation/three_perspectives_judge/40183/base_rate.json"", ""skeptic"": ""/Users/kenneth.cao/Desktop/Stat 390/AutoResearch_Prediction_Optimization/outputs/raw/validation/three_perspectives_judge/40183/skeptic.json"", ""optimist"": ""/Users/kenneth.cao/Desktop/Stat 390/AutoResearch_Prediction_Optimization/outputs/raw/validation/three_perspectives_judge/40183/optimist.json"", ""judge"": ""/Users/kenneth.cao/Desktop/Stat 390/AutoResearch_Prediction_Optimization/outputs/raw/validation/three_perspectives_judge/40183/judge.json""}","{""base_rate"": {""probability"": 0.08, ""reasoning"": ""North Korea has a long history of nuclear testing, but the last confirmed test was in 2017 and there has been no test since despite repeated periods of heightened rhetoric and missile activity. A nuclear test requires substantial political intent and technical/logistical preparation, and it would likely trigger major international backlash. On a short horizon from Oct. 10 to Dec. 16, 2025, the base rate is low: North Korea more often uses missile launches, statements, and military demonstrations than crossing the nuclear-test threshold. I assign a modest but nonzero chance because the regime can decide abruptly and has previously tested after periods of tension.""}, ""skeptic"": {""probability"": 0.08, ""reasoning"": ""Literal resolution requires a publicly detected North Korean nuclear test before Dec. 16, 2025. As of Oct. 10, 2025, North Korea has strong incentives to avoid a test that would trigger sanctions, military signaling, and diplomatic costs, while still being able to advance its program through missiles, warhead miniaturization claims, and subcritical/other non-test activities. A test also faces practical blockers: the regime may judge current deterrence sufficient, may avoid giving the U.S./South Korea/Japan a crisis pretext, and any underground test could be harder to conceal but still must be clearly identified by monitoring networks to resolve YES. Given the short remaining window and the fact that North Korea has not tested since 2017, I think YES is possible but unlikely.""}, ""optimist"": {""probability"": 0.18, ""reasoning"": ""North Korea has the technical capability and political incentive to test if it wants to signal deterrence, validate a new warhead design, or respond to perceived U.S./ROK pressure. A nuclear test could be conducted relatively quickly at Punggye-ri if leadership decides to do so, and the period through Dec. 16 includes enough time for a surprise decision. That said, the bar is high: a test would likely trigger major diplomatic and military costs, and North Korea has often preferred missile launches and rhetoric over crossing this line. On balance, the credible path to YES exists but remains a minority outcome.""}, ""judge"": {""final_probability"": 0.1, ""reasoning"": ""Literal resolution requires North Korea to conduct a nuclear test that is publicly detected before Dec. 16, 2025. The short horizon, the absence of any test since 2017, and the high diplomatic/military costs make YES unlikely. North Korea can still signal strength through missiles and rhetoric without crossing this threshold, and a test would require deliberate political choice plus detectable preparation. I put some weight on the regime’s ability to act abruptly and its technical capability, but overall the chance remains low.""}}"
dev,three_perspectives_judge,20761,Will Ukraine control central Bakhmut at the end of 2024?,"January 21, 2024",No,0,0.1,"Literal criterion: Ukraine must control central Bakhmut on Dec. 31, 2024. As of the forecast date, Bakhmut was already under Russian control, so YES requires Ukraine to retake and hold the city center for the rest of the year. That would need a major successful offensive against entrenched defenses in a heavily destroyed, symbolically important area. The provided forecasts are broadly aligned, with the optimistic view only modestly higher; I slightly upweight from the 0.08 base because a late-2024 battlefield shift is possible, but the outcome remains unlikely.",0.010000000000000002,ok,,4,"{""base_rate"": ""/Users/kenneth.cao/Desktop/Stat 390/AutoResearch_Prediction_Optimization/outputs/raw/dev/three_perspectives_judge/20761/base_rate.json"", ""skeptic"": ""/Users/kenneth.cao/Desktop/Stat 390/AutoResearch_Prediction_Optimization/outputs/raw/dev/three_perspectives_judge/20761/skeptic.json"", ""optimist"": ""/Users/kenneth.cao/Desktop/Stat 390/AutoResearch_Prediction_Optimization/outputs/raw/dev/three_perspectives_judge/20761/optimist.json"", ""judge"": ""/Users/kenneth.cao/Desktop/Stat 390/AutoResearch_Prediction_Optimization/outputs/raw/dev/three_perspectives_judge/20761/judge.json""}","{""base_rate"": {""probability"": 0.08, ""reasoning"": ""Literal resolution requires Ukraine to control central Bakhmut on Dec. 31, 2024. By Jan. 21, 2024, Bakhmut had been under Russian control for months, and Ukraine’s broader 2024 prospects for retaking and holding a specific urban center deep in contested territory looked limited. Even if Ukraine made gains elsewhere, recapturing and maintaining central Bakhmut by year-end would require a major successful offensive against entrenched defenses. Base rates for reversing a prior urban loss in an active high-intensity war within one year are low, so YES is unlikely.""}, ""skeptic"": {""probability"": 0.08, ""reasoning"": ""Literal read: Ukraine must control central Bakhmut at 2024 year-end. As of Jan. 21, 2024, Bakhmut had been under Russian control for months, and reversing that would require Ukraine to retake and hold the city center through year-end. That is possible but unlikely given the entrenched front, Russia’s defensive depth, and the high cost of urban offensives. Even if Ukraine made gains elsewhere in 2024, a full return to central Bakhmut by Dec. 31 would be a major operational success and thus a low-probability outcome.""}, ""optimist"": {""probability"": 0.18, ""reasoning"": ""As of Jan. 21, 2024, Ukraine had no control over central Bakhmut; Russia held the city after the 2023 battle. A YES requires Ukraine to regain and still control the central area by Dec. 31, 2024. That is possible if Ukraine mounts a successful counteroffensive, exploits Russian force depletion, or if the front shifts substantially in Ukraine’s favor. But Bakhmut is heavily destroyed, deeply contested, and Russia had strong incentives to hold it symbolically and operationally. Given the scale of reversal needed and the limited evidence of imminent Ukrainian capacity to retake the city, YES looks unlikely though not impossible.""}, ""judge"": {""final_probability"": 0.1, ""reasoning"": ""Literal criterion: Ukraine must control central Bakhmut on Dec. 31, 2024. As of the forecast date, Bakhmut was already under Russian control, so YES requires Ukraine to retake and hold the city center for the rest of the year. That would need a major successful offensive against entrenched defenses in a heavily destroyed, symbolically important area. The provided forecasts are broadly aligned, with the optimistic view only modestly higher; I slightly upweight from the 0.08 base because a late-2024 battlefield shift is possible, but the outcome remains unlikely.""}}"
validation,three_perspectives_judge,31253,Will the US unemployment rate in November 2025 be below the rate in November 2024?,"February 01, 2025",No,0,0.46,"The question is literal: compare the BLS headline unemployment rate for November 2025 to November 2024. As of Feb. 1, 2025, the labor market looked cooled but not in a clear downward-unemployment trend. A soft landing could leave unemployment flat or slightly lower by late 2025, but year-over-year declines in a single monthly rate are noisy and not the default outcome. I put the chance of November 2025 being below November 2024 at slightly under even odds.",0.2116,ok,,4,"{""base_rate"": ""/Users/kenneth.cao/Desktop/Stat 390/AutoResearch_Prediction_Optimization/outputs/raw/validation/three_perspectives_judge/31253/base_rate.json"", ""skeptic"": ""/Users/kenneth.cao/Desktop/Stat 390/AutoResearch_Prediction_Optimization/outputs/raw/validation/three_perspectives_judge/31253/skeptic.json"", ""optimist"": ""/Users/kenneth.cao/Desktop/Stat 390/AutoResearch_Prediction_Optimization/outputs/raw/validation/three_perspectives_judge/31253/optimist.json"", ""judge"": ""/Users/kenneth.cao/Desktop/Stat 390/AutoResearch_Prediction_Optimization/outputs/raw/validation/three_perspectives_judge/31253/judge.json""}","{""base_rate"": {""probability"": 0.43, ""reasoning"": ""Outside view: month-over-month comparisons of the US unemployment rate are noisy, and a single-year decline is not the modal outcome. As of Feb 2025, unemployment was still near historically low levels, leaving limited room for further sustained improvement; at the same time, the labor market had shown some softening, so a modest rise by late 2025 is at least as plausible as a decline. Because the question is literal about November 2025 vs November 2024, the base rate for a lower reading is somewhat below 50%.""}, ""skeptic"": {""probability"": 0.41, ""reasoning"": ""The question is literal: compare the US unemployment rate reported for November 2025 versus November 2024, likely the BLS headline U-3 seasonally adjusted rate. As of Feb 1, 2025, the labor market had cooled but not clearly entered a strong downward unemployment trend; a soft landing could keep unemployment roughly flat or slightly lower, but there are many blockers to a year-over-year decline. The rate can fail to be below November 2024 if growth slows, layoffs rise, or the labor force participation dynamics keep unemployment elevated. Because the comparison is against a specific month one year apart, even modest noise or a small deterioration can make the answer NO. Overall, I see a somewhat-below-even chance of a lower November 2025 rate.""}, ""optimist"": {""probability"": 0.57, ""reasoning"": ""As of Feb 1, 2025, a modestly lower unemployment rate by Nov 2025 looks slightly more likely than not, but far from certain. The labor market had cooled from its 2023 strength, yet remained relatively resilient, and a soft-landing / gradual disinflation path could keep unemployment flat or edge it down by November. Credible YES paths include continued nominal growth, easing financial conditions, and labor-force normalization that lowers the rate without requiring a boom. The main risk is that late-2025 weakness, lagged effects of prior tightening, or a recession pushes unemployment above Nov 2024. Because the question is a single-month comparison and November-to-November changes can be noisy, small improvements are plausible and may be underpriced.""}, ""judge"": {""final_probability"": 0.46, ""reasoning"": ""The question is literal: compare the BLS headline unemployment rate for November 2025 to November 2024. As of Feb. 1, 2025, the labor market looked cooled but not in a clear downward-unemployment trend. A soft landing could leave unemployment flat or slightly lower by late 2025, but year-over-year declines in a single monthly rate are noisy and not the default outcome. I put the chance of November 2025 being below November 2024 at slightly under even odds.""}}"
validation,three_perspectives_judge,40207,"Will Secret of Secrets be the top of the New York Times Hardcover Fiction list for the week of November 2, 2025?","October 05, 2025",No,0,0.34,"Literal resolution: YES only if Secret of Secrets is ranked #1 on the New York Times Hardcover Fiction list for the week of Nov. 2, 2025. The title appears to be a major Dan Brown release, which materially raises the chance versus a generic fiction book, and a late-October launch could benefit from an initial sales spike. But NYT #1 is still highly competitive and sensitive to exact weekly timing, with strong rivals or holdovers able to block the top spot. I weight the optimistic case upward from the low base rate, but not enough to imply a majority chance.",0.11560000000000002,ok,,4,"{""base_rate"": ""/Users/kenneth.cao/Desktop/Stat 390/AutoResearch_Prediction_Optimization/outputs/raw/validation/three_perspectives_judge/40207/base_rate.json"", ""skeptic"": ""/Users/kenneth.cao/Desktop/Stat 390/AutoResearch_Prediction_Optimization/outputs/raw/validation/three_perspectives_judge/40207/skeptic.json"", ""optimist"": ""/Users/kenneth.cao/Desktop/Stat 390/AutoResearch_Prediction_Optimization/outputs/raw/validation/three_perspectives_judge/40207/optimist.json"", ""judge"": ""/Users/kenneth.cao/Desktop/Stat 390/AutoResearch_Prediction_Optimization/outputs/raw/validation/three_perspectives_judge/40207/judge.json""}","{""base_rate"": {""probability"": 0.18, ""reasoning"": ""This is a very short-horizon bestseller-list prediction with a specific title needing to hold #1 on the NYT Hardcover Fiction list for the week of Nov. 2, 2025. Outside-view base rates are low: even highly promoted fiction debuts often miss #1 because the NYT list is competitive and can be displaced by established bestsellers, celebrity releases, or surprise breakouts. A title can be strong enough to appear on the list without reaching the top spot, and the exact weekly timing adds volatility. Without strong evidence that Secret of Secrets has exceptional preorders, franchise momentum, or a dominant launch window, the base-rate chance of being #1 is modest.""}, ""skeptic"": {""probability"": 0.18, ""reasoning"": ""Low-to-moderate chance. To resolve YES, Secret of Secrets must be #1 on the NYT Hardcover Fiction list for the week of Nov. 2, 2025, which depends on the specific NYT weekly ranking and publication timing. Even if the book is popular, hardcover fiction #1 is highly competitive and can be displaced by another major release, especially around fall publishing season. The title also must appear on the exact NYT list for that week, not just sell well generally. Given the skeptic lens and the narrow resolution criterion, I’d put YES below 20%.""}, ""optimist"": {""probability"": 0.62, ""reasoning"": ""Secret of Secrets is a high-profile Dan Brown release, and NYT Hardcover Fiction #1 is often captured by major blockbuster launches in their first 1–2 weeks. The November 2, 2025 list likely reflects sales from the late-October release window, which is favorable for a debut surge. Under an optimistic lens, the main path to YES is strong preorders plus broad retail placement and media attention overwhelming competing fiction titles. The main risk is another major release or an unexpected holdover dominating, but absent a clearly stronger rival, #1 is plausible.""}, ""judge"": {""final_probability"": 0.34, ""reasoning"": ""Literal resolution: YES only if Secret of Secrets is ranked #1 on the New York Times Hardcover Fiction list for the week of Nov. 2, 2025. The title appears to be a major Dan Brown release, which materially raises the chance versus a generic fiction book, and a late-October launch could benefit from an initial sales spike. But NYT #1 is still highly competitive and sensitive to exact weekly timing, with strong rivals or holdovers able to block the top spot. I weight the optimistic case upward from the low base rate, but not enough to imply a majority chance.""}}"
dev,three_perspectives_judge,40195,"Will South Korea sign arms export deals worth >$5bn with any country between October 1 and December 15, 2025?","October 10, 2025",No,0,0.47,"South Korea is a credible candidate for a >$5bn arms export signing in this window, given its recent pattern of very large defense packages and active export pipeline. But the resolution is strict: it must be a signed export deal, worth more than $5bn, with any single country, and it must occur between Oct. 1 and Dec. 15, 2025. Large defense deals often slip, get split into tranches, or remain at the MOU/intent stage, so the short window materially lowers the odds. I put this slightly below even odds, reflecting meaningful upside from South Korea’s export momentum but substantial timing and execution risk.",0.22089999999999999,ok,,4,"{""base_rate"": ""/Users/kenneth.cao/Desktop/Stat 390/AutoResearch_Prediction_Optimization/outputs/raw/dev/three_perspectives_judge/40195/base_rate.json"", ""skeptic"": ""/Users/kenneth.cao/Desktop/Stat 390/AutoResearch_Prediction_Optimization/outputs/raw/dev/three_perspectives_judge/40195/skeptic.json"", ""optimist"": ""/Users/kenneth.cao/Desktop/Stat 390/AutoResearch_Prediction_Optimization/outputs/raw/dev/three_perspectives_judge/40195/optimist.json"", ""judge"": ""/Users/kenneth.cao/Desktop/Stat 390/AutoResearch_Prediction_Optimization/outputs/raw/dev/three_perspectives_judge/40195/judge.json""}","{""base_rate"": {""probability"": 0.42, ""reasoning"": ""Base rate is moderately high because South Korea has become a major arms exporter and has repeatedly announced multi-billion-dollar packages, especially with Poland and other buyers. The window is short, but the threshold is only one deal or set of deals with any single country exceeding $5bn, which is plausible if a large follow-on package or new contract is signed. Still, such deals are lumpy, timing-sensitive, and often delayed or split across years, so the chance within just Oct 1-Dec 15 is below even odds.""}, ""skeptic"": {""probability"": 0.42, ""reasoning"": ""Skeptical but not dismissive. South Korea has a strong arms-export pipeline and large-ticket deals can close quickly, especially with Poland, the Middle East, or Southeast Asia. However, the resolution is strict: it must be a signed export deal worth more than $5bn between Oct 1 and Dec 15, 2025, not just an MoU, framework, or announced intent. Large defense contracts often slip on financing, offsets, political approvals, and final pricing, and the window is only about 10 weeks. Even if negotiations are active, the chance that one deal both signs and clears the >$5bn threshold in that exact period is meaningfully below even odds.""}, ""optimist"": {""probability"": 0.62, ""reasoning"": ""South Korea has been one of the world’s most active arms exporters, and large-ticket deals above $5bn are plausible within a 2.5-month window, especially if a major package is announced with Poland, the Middle East, or another repeat buyer. The deadline is short, but the question only requires signing, not delivery, and South Korea has a track record of bundling tanks, artillery, aircraft, and support into multi-billion-dollar export agreements. An optimistic read is that ongoing negotiations and political incentives to lock in export wins before year-end could produce at least one >$5bn deal between Oct. 1 and Dec. 15, 2025. The main risk is timing: many deals slip, are split into tranches, or are announced as MOUs rather than signed contracts, which would not count.""}, ""judge"": {""final_probability"": 0.47, ""reasoning"": ""South Korea is a credible candidate for a >$5bn arms export signing in this window, given its recent pattern of very large defense packages and active export pipeline. But the resolution is strict: it must be a signed export deal, worth more than $5bn, with any single country, and it must occur between Oct. 1 and Dec. 15, 2025. Large defense deals often slip, get split into tranches, or remain at the MOU/intent stage, so the short window materially lowers the odds. I put this slightly below even odds, reflecting meaningful upside from South Korea’s export momentum but substantial timing and execution risk.""}}"
validation,three_perspectives_judge,20783,Will Ali Khamenei cease to be supreme leader of Iran in 2024?,"January 21, 2024",No,0,0.11,"Literal YES requires Khamenei to stop being supreme leader by Dec. 31, 2024, via death, resignation, removal, or another clear end of tenure. He was 84 on the forecast date, so mortality/health risk is meaningful, but there was no public sign of imminent resignation or removal and the office is typically very durable. The main YES path is death or sudden severe incapacity, which is plausible but still unlikely over one year. I put this somewhat above the 0.08 base rate because of age, but well below 0.2 because the regime strongly tends to preserve continuity.",0.0121,ok,,4,"{""base_rate"": ""/Users/kenneth.cao/Desktop/Stat 390/AutoResearch_Prediction_Optimization/outputs/raw/validation/three_perspectives_judge/20783/base_rate.json"", ""skeptic"": ""/Users/kenneth.cao/Desktop/Stat 390/AutoResearch_Prediction_Optimization/outputs/raw/validation/three_perspectives_judge/20783/skeptic.json"", ""optimist"": ""/Users/kenneth.cao/Desktop/Stat 390/AutoResearch_Prediction_Optimization/outputs/raw/validation/three_perspectives_judge/20783/optimist.json"", ""judge"": ""/Users/kenneth.cao/Desktop/Stat 390/AutoResearch_Prediction_Optimization/outputs/raw/validation/three_perspectives_judge/20783/judge.json""}","{""base_rate"": {""probability"": 0.08, ""reasoning"": ""Base rate is low: Iranian supreme leaders typically remain in office until death or severe incapacity, and Khamenei has held the post since 1989. In 2024 he would be 84, so mortality/health risk is nontrivial, but there is no strong outside-view reason to expect resignation or removal within a single year. Literal resolution requires him to cease being supreme leader by Dec. 31, 2024, which is possible but still unlikely.""}, ""skeptic"": {""probability"": 0.18, ""reasoning"": ""Literal resolution requires Khamenei to stop being supreme leader by Dec. 31, 2024, whether by death, resignation, removal, or incapacitation that ends his tenure. As of Jan. 21, 2024 he was elderly but still firmly in control, with no public indication of imminent resignation or removal. The main path to YES is death or sudden severe incapacity, but while age makes that nontrivial, the office is highly protected and succession is uncertain, so the base rate is still modest. A skeptic should also note that even serious illness may not clearly count unless it actually ends his role in 2024. Overall, some meaningful chance, but more likely he remains supreme leader through year-end.""}, ""optimist"": {""probability"": 0.08, ""reasoning"": ""By Jan. 21, 2024, Khamenei was 84 and had longstanding health and succession concerns, so there was a nontrivial chance of death or incapacitation within the year. However, the resolution criterion is literal: he must cease to be supreme leader in 2024, which requires death, resignation, removal, or some other loss of office before year-end. The regime had strong incentives and mechanisms to keep succession orderly and avoid abrupt change, and there was no public sign of imminent removal. Credible YES paths exist mainly via sudden death or severe medical decline, but they remain low-probability over a single year.""}, ""judge"": {""final_probability"": 0.11, ""reasoning"": ""Literal YES requires Khamenei to stop being supreme leader by Dec. 31, 2024, via death, resignation, removal, or another clear end of tenure. He was 84 on the forecast date, so mortality/health risk is meaningful, but there was no public sign of imminent resignation or removal and the office is typically very durable. The main YES path is death or sudden severe incapacity, which is plausible but still unlikely over one year. I put this somewhat above the 0.08 base rate because of age, but well below 0.2 because the regime strongly tends to preserve continuity.""}}"
dev,three_perspectives_judge,20771,Will Mike Johnson remain Speaker for all of 2024?,"January 21, 2024",Yes,1,0.34,"Literal criterion: YES only if Mike Johnson remains Speaker continuously through Dec. 31, 2024. The perspectives mostly agree he faced meaningful instability from a very narrow House majority and intra-party conflict, but also that removing a Speaker is hard without a coordinated alternative. I put the probability above the base rate because incumbency and the difficulty of assembling a replacement coalition make survival plausible, but below even odds because a single successful revolt, resignation, or replacement at any point would make the answer NO.",0.4355999999999999,ok,,4,"{""base_rate"": ""/Users/kenneth.cao/Desktop/Stat 390/AutoResearch_Prediction_Optimization/outputs/raw/dev/three_perspectives_judge/20771/base_rate.json"", ""skeptic"": ""/Users/kenneth.cao/Desktop/Stat 390/AutoResearch_Prediction_Optimization/outputs/raw/dev/three_perspectives_judge/20771/skeptic.json"", ""optimist"": ""/Users/kenneth.cao/Desktop/Stat 390/AutoResearch_Prediction_Optimization/outputs/raw/dev/three_perspectives_judge/20771/optimist.json"", ""judge"": ""/Users/kenneth.cao/Desktop/Stat 390/AutoResearch_Prediction_Optimization/outputs/raw/dev/three_perspectives_judge/20771/judge.json""}","{""base_rate"": {""probability"": 0.28, ""reasoning"": ""Literal resolution: YES only if Mike Johnson is Speaker continuously through Dec. 31, 2024. As of Jan. 21, 2024 he is a newly elected Speaker with a very narrow House majority, high intra-party factional risk, and a history of Speaker instability in recent Congresses. Outside-view base rates for a first-term Speaker surviving an entire calendar year in a closely divided, polarized House are not high, though outright replacement still requires a difficult coalition. Net: somewhat below even odds.""}, ""skeptic"": {""probability"": 0.28, ""reasoning"": ""As of Jan. 21, 2024, Johnson had only recently become Speaker and was already operating with a very narrow GOP majority, making him vulnerable to intraparty rebellion, resignation pressure, or a motion to vacate. The resolution is literal: he must remain Speaker through Dec. 31, 2024, so any replacement, even brief, makes it NO. Key blockers include ongoing factional conflict in House Republicans, the possibility of another shutdown/funding crisis, and the fact that a single organized bloc could force a leadership change. While incumbency helps and there was no immediate obvious successor consensus, the office looked structurally unstable enough that a full-year hold was far from assured.""}, ""optimist"": {""probability"": 0.42, ""reasoning"": ""As of Jan. 21, 2024, Johnson had only recently become Speaker and the House GOP majority was very narrow, so there was meaningful risk of another internal revolt, resignation, or removal. But the literal resolution criterion is simply whether he remains Speaker through Dec. 31, 2024, and incumbency plus the difficulty of coordinating an alternative make YES plausible. Credible YES paths include Republicans rallying around him after the chaos of 2023, Democrats not wanting to help depose him, and no obvious successor commanding a stable majority. Still, the combination of a slim majority, factional conflict, and a full year of legislative stress keeps the probability below even.""}, ""judge"": {""final_probability"": 0.34, ""reasoning"": ""Literal criterion: YES only if Mike Johnson remains Speaker continuously through Dec. 31, 2024. The perspectives mostly agree he faced meaningful instability from a very narrow House majority and intra-party conflict, but also that removing a Speaker is hard without a coordinated alternative. I put the probability above the base rate because incumbency and the difficulty of assembling a replacement coalition make survival plausible, but below even odds because a single successful revolt, resignation, or replacement at any point would make the answer NO.""}}"
validation,three_perspectives_judge,41356,"Will any US electric utility announce a $5 billion capex increase, citing data center demand, between January 13 and March 12, 2026?","January 13, 2026",Yes,1,0.24,"The event is plausible but narrowly defined. US utilities have been raising capex plans due to data center load growth, but the resolution requires a public announcement in a short window that explicitly increases capex by $5B and cites data center demand. Many real-world updates would miss on wording, magnitude, or timing (e.g., broader load growth, multi-year plan revisions, or smaller increments). I’d put it somewhat below the optimistic view and a bit above the skeptic/base rate blend because the underlying trend is strong, but the literal threshold is high.",0.5776,ok,,4,"{""base_rate"": ""/Users/kenneth.cao/Desktop/Stat 390/AutoResearch_Prediction_Optimization/outputs/raw/validation/three_perspectives_judge/41356/base_rate.json"", ""skeptic"": ""/Users/kenneth.cao/Desktop/Stat 390/AutoResearch_Prediction_Optimization/outputs/raw/validation/three_perspectives_judge/41356/skeptic.json"", ""optimist"": ""/Users/kenneth.cao/Desktop/Stat 390/AutoResearch_Prediction_Optimization/outputs/raw/validation/three_perspectives_judge/41356/optimist.json"", ""judge"": ""/Users/kenneth.cao/Desktop/Stat 390/AutoResearch_Prediction_Optimization/outputs/raw/validation/three_perspectives_judge/41356/judge.json""}","{""base_rate"": {""probability"": 0.27, ""reasoning"": ""Outside-view, this is a fairly specific but plausible event over a 2-month window. US utilities have been repeatedly raising capex plans in response to data center load growth, and announcements of large incremental spending tied to AI/data centers have become more common. However, the threshold is high: the utility must explicitly announce a $5B capex increase, and cite data center demand, within the deadline. Many utilities instead frame this as multi-year plan updates, load-growth-driven investments, or smaller incremental increases. So the base rate is meaningful but not dominant.""}, ""skeptic"": {""probability"": 0.18, ""reasoning"": ""A YES requires a public announcement by a US electric utility between Jan 13 and Mar 12, 2026 that explicitly raises capex by $5B and cites data center demand. That is a very specific threshold and wording, so many plausible utility updates would not qualify (e.g., smaller increases, multi-year guidance changes, or mentions of load growth without naming data centers). Utilities may also prefer to frame spending as broader grid modernization or AI/load growth rather than a discrete $5B increase. While data center demand is a real driver and some large utilities could announce sizable revisions, the short window and exact $5B/citation requirement make the event relatively unlikely.""}, ""optimist"": {""probability"": 0.34, ""reasoning"": ""A YES requires a public announcement by a US electric utility between Jan 13 and Mar 12, 2026 of a capex increase of at least $5B, explicitly citing data center demand. This is a high bar, but the path is plausible: utilities serving fast-growing data-center corridors have been repeatedly revising load forecasts and multi-year capital plans upward, and management teams have strong incentives to frame large incremental spending as data-center-driven. The main uncertainty is literal wording and timing—many utilities may discuss load growth or update long-range plans without stating a single $5B increase, or may spread increases across multiple years/filings. Still, given the scale of recent AI/data-center load announcements and the tendency for large regulated utilities to make sizable capex revisions in earnings calls or investor days, YES looks meaningfully possible and perhaps underpriced.""}, ""judge"": {""final_probability"": 0.24, ""reasoning"": ""The event is plausible but narrowly defined. US utilities have been raising capex plans due to data center load growth, but the resolution requires a public announcement in a short window that explicitly increases capex by $5B and cites data center demand. Many real-world updates would miss on wording, magnitude, or timing (e.g., broader load growth, multi-year plan revisions, or smaller increments). I’d put it somewhat below the optimistic view and a bit above the skeptic/base rate blend because the underlying trend is strong, but the literal threshold is high.""}}"
dev,three_perspectives_judge,20757,Will the 2024 light duty electric vehicle sales share exceed 11% in the US through November 2024?,"January 21, 2024",No,0,0.49,"The question is literal and cumulative: whether US light-duty EV sales share for Jan-Nov 2024 exceeds 11%. As of Jan. 21, 2024, EV share was already near the threshold but not clearly above it on a sustained basis. The base/ skeptic views are persuasive because the bar is modest yet not trivial: high interest rates, affordability constraints, and the fact that this is a year-to-date-through-November measure (not a single strong month) make it easy to miss by a small margin if EV growth slows or overall light-duty sales stay strong. Still, continued model rollout, price cuts, and charging improvements make a YES outcome close to even. I put it just under 50%.",0.24009999999999998,ok,,4,"{""base_rate"": ""/Users/kenneth.cao/Desktop/Stat 390/AutoResearch_Prediction_Optimization/outputs/raw/dev/three_perspectives_judge/20757/base_rate.json"", ""skeptic"": ""/Users/kenneth.cao/Desktop/Stat 390/AutoResearch_Prediction_Optimization/outputs/raw/dev/three_perspectives_judge/20757/skeptic.json"", ""optimist"": ""/Users/kenneth.cao/Desktop/Stat 390/AutoResearch_Prediction_Optimization/outputs/raw/dev/three_perspectives_judge/20757/optimist.json"", ""judge"": ""/Users/kenneth.cao/Desktop/Stat 390/AutoResearch_Prediction_Optimization/outputs/raw/dev/three_perspectives_judge/20757/judge.json""}","{""base_rate"": {""probability"": 0.42, ""reasoning"": ""Base-rate view: US light-duty EV sales share had been rising quickly but was still around the high-single-digits to roughly 10% range entering 2024, so exceeding 11% by the end of November requires only a modest further increase. Seasonal year-end strength, continued model availability, and improving charging infrastructure support a YES outcome, but high interest rates, price competition, and demand saturation in some segments make a clear break above 11% uncertain. On balance, slightly below even odds.""}, ""skeptic"": {""probability"": 0.42, ""reasoning"": ""As of Jan. 21, 2024, US light-duty EV share was rising but still faced several blockers to clearing 11% through Nov. 2024: high interest rates and affordability pressure, uneven charging access, and the fact that the question is about cumulative share through November rather than a single-month peak. EV sales were likely to keep growing, but the threshold is tight and depends on sustained strong demand plus limited ICE market strength. A modest slowdown in EV growth or a rebound in overall light-duty sales could keep the share below 11%.""}, ""optimist"": {""probability"": 0.58, ""reasoning"": ""YES resolves if US light-duty EV sales share through Nov 2024 exceeds 11%. By Jan 2024, EV share had already been running near/above the low-double-digit range in some recent months, and 2024 had several plausible tailwinds: continued price cuts from major OEMs, more model availability, improving charging access, and potential year-end pull-forward from incentives. The threshold is not extreme relative to recent US EV penetration, so a modestly strong market or a few high-share months could push the cumulative Jan-Nov share above 11%. Main downside is slowing demand and price sensitivity, but on balance the bar looks reachable.""}, ""judge"": {""final_probability"": 0.49, ""reasoning"": ""The question is literal and cumulative: whether US light-duty EV sales share for Jan-Nov 2024 exceeds 11%. As of Jan. 21, 2024, EV share was already near the threshold but not clearly above it on a sustained basis. The base/ skeptic views are persuasive because the bar is modest yet not trivial: high interest rates, affordability constraints, and the fact that this is a year-to-date-through-November measure (not a single strong month) make it easy to miss by a small margin if EV growth slows or overall light-duty sales stay strong. Still, continued model rollout, price cuts, and charging improvements make a YES outcome close to even. I put it just under 50%.""}}"
validation,three_perspectives_judge,40194,"Will the Cambodia-Thailand conflict result in ⩾20 deaths between October 1 and December 15, 2025?","October 09, 2025",Yes,1,0.18,"A YES requires at least 20 deaths from the Cambodia-Thailand conflict occurring between Oct. 1 and Dec. 15, 2025, not before or after. Based on the provided perspectives, the conflict appears real but still more likely to remain contained than to escalate into sustained lethal fighting at that scale. Border clashes in this region usually produce limited casualties, and both sides have incentives to avoid a broader war. There is some tail risk of a sudden escalation, but 20 deaths in this short window is still a relatively high bar, so 0.18 seems appropriate.",0.6724000000000001,ok,,4,"{""base_rate"": ""/Users/kenneth.cao/Desktop/Stat 390/AutoResearch_Prediction_Optimization/outputs/raw/validation/three_perspectives_judge/40194/base_rate.json"", ""skeptic"": ""/Users/kenneth.cao/Desktop/Stat 390/AutoResearch_Prediction_Optimization/outputs/raw/validation/three_perspectives_judge/40194/skeptic.json"", ""optimist"": ""/Users/kenneth.cao/Desktop/Stat 390/AutoResearch_Prediction_Optimization/outputs/raw/validation/three_perspectives_judge/40194/optimist.json"", ""judge"": ""/Users/kenneth.cao/Desktop/Stat 390/AutoResearch_Prediction_Optimization/outputs/raw/validation/three_perspectives_judge/40194/judge.json""}","{""base_rate"": {""probability"": 0.18, ""reasoning"": ""Base-rate view: interstate border clashes in Southeast Asia usually remain limited, with fatalities often concentrated in short bursts rather than sustained campaigns. For this question to resolve YES, Cambodia-Thailand would need at least 20 deaths specifically between Oct 1 and Dec 15, 2025, which is a relatively high threshold for a localized conflict over a ~2.5 month window. Even when tensions flare, both governments have incentives to contain escalation, and the most likely outcomes are either no major fighting or a smaller number of casualties below the cutoff. That said, the existence of an active conflict raises the tail risk of a sudden spike, so the probability is not negligible.""}, ""skeptic"": {""probability"": 0.18, ""reasoning"": ""Skeptical estimate: reaching 20 deaths by Dec. 15 requires a sustained escalation beyond a localized border clash. As of the forecast date, the main blockers are likely ceasefire/diplomatic pressure, limited incentives for either side to broaden fighting, and the possibility that any fatalities remain below the threshold. Also, the resolution is literal: only deaths occurring between Oct. 1 and Dec. 15, 2025 count, so earlier casualties do not help. A YES is plausible if artillery/airstrikes or repeated skirmishes intensify, but the base rate for this kind of conflict crossing 20 deaths in a short window still seems modest.""}, ""optimist"": {""probability"": 0.18, ""reasoning"": ""A YES requires at least 20 deaths specifically from the Cambodia-Thailand conflict between Oct 1 and Dec 15, 2025. As of the forecast date, the conflict has shown real escalation risk, and border incidents can sometimes jump quickly from sporadic clashes to artillery/airstrike exchanges with fatalities. Credible YES paths include a renewed border firefight, a retaliatory cycle after a single deadly incident, or a localized military escalation that produces multiple deaths in one day. That said, reaching 20 deaths in just over two months still requires sustained or sharp escalation, which is less common than contained skirmishing. So YES is plausible but not the base case.""}, ""judge"": {""final_probability"": 0.18, ""reasoning"": ""A YES requires at least 20 deaths from the Cambodia-Thailand conflict occurring between Oct. 1 and Dec. 15, 2025, not before or after. Based on the provided perspectives, the conflict appears real but still more likely to remain contained than to escalate into sustained lethal fighting at that scale. Border clashes in this region usually produce limited casualties, and both sides have incentives to avoid a broader war. There is some tail risk of a sudden escalation, but 20 deaths in this short window is still a relatively high bar, so 0.18 seems appropriate.""}}"
dev,three_perspectives_judge,20786,Will Donald Trump be convicted of a felony before the 2024 presidential election?,"January 21, 2024",Yes,1,0.34,"Literal resolution requires Trump to be convicted of a felony by Election Day 2024, with no need for appeals to be exhausted. As of Jan. 21, 2024, the main YES path was the New York hush-money trial, which was scheduled early enough to plausibly reach verdict before November. But criminal trials are often delayed, and a mistrial, postponement, or other timing issue could easily prevent a conviction by the deadline. Multiple other cases were unlikely to finish in time. I put the chance above the base rate because at least one case had a realistic pre-election trial window, but still well below 50% because timing and trial uncertainty were substantial.",0.4355999999999999,ok,,4,"{""base_rate"": ""/Users/kenneth.cao/Desktop/Stat 390/AutoResearch_Prediction_Optimization/outputs/raw/dev/three_perspectives_judge/20786/base_rate.json"", ""skeptic"": ""/Users/kenneth.cao/Desktop/Stat 390/AutoResearch_Prediction_Optimization/outputs/raw/dev/three_perspectives_judge/20786/skeptic.json"", ""optimist"": ""/Users/kenneth.cao/Desktop/Stat 390/AutoResearch_Prediction_Optimization/outputs/raw/dev/three_perspectives_judge/20786/optimist.json"", ""judge"": ""/Users/kenneth.cao/Desktop/Stat 390/AutoResearch_Prediction_Optimization/outputs/raw/dev/three_perspectives_judge/20786/judge.json""}","{""base_rate"": {""probability"": 0.18, ""reasoning"": ""As of Jan. 21, 2024, Trump faced multiple felony cases, but a conviction before the Nov. 2024 election required a full criminal process to reach verdict in time. Outside-view, felony trials for a former president are unusual and often delayed by motions, appeals, and scheduling. The strongest near-term case was the New York hush-money trial, but even there conviction by election day was far from certain. Overall, the chance of at least one felony conviction before the election looks meaningfully below 50%, but nontrivial given multiple pending cases.""}, ""skeptic"": {""probability"": 0.28, ""reasoning"": ""As of Jan. 21, 2024, Trump faced multiple felony cases, but conviction before the Nov. 2024 election required a trial to finish, a guilty verdict, and no later reversal/ambiguity under the market’s literal resolution. Major blockers: court delays, appeals, possible mistrials, and the possibility that the first completed case would not reach verdict before Election Day. The strongest near-term case was the New York hush-money trial, but even there timing was uncertain. Overall, conviction before the election looked plausible but far from likely enough to exceed 50%.""}, ""optimist"": {""probability"": 0.42, ""reasoning"": ""As of Jan. 21, 2024, a felony conviction before the Nov. 2024 election looked plausible but far from certain. The strongest YES path was the New York hush-money case, which was already scheduled for trial in March 2024 and could in principle produce a verdict well before Election Day. Trump also faced other criminal cases, but many were likely to slip past the deadline because of appeals, delays, or trial scheduling. The main downside to YES was that criminal trials often move slowly, and a hung jury, mistrial, or postponement would defeat the resolution. Still, with one major case set to go to trial early enough, YES seemed somewhat underpriced.""}, ""judge"": {""final_probability"": 0.34, ""reasoning"": ""Literal resolution requires Trump to be convicted of a felony by Election Day 2024, with no need for appeals to be exhausted. As of Jan. 21, 2024, the main YES path was the New York hush-money trial, which was scheduled early enough to plausibly reach verdict before November. But criminal trials are often delayed, and a mistrial, postponement, or other timing issue could easily prevent a conviction by the deadline. Multiple other cases were unlikely to finish in time. I put the chance above the base rate because at least one case had a realistic pre-election trial window, but still well below 50% because timing and trial uncertainty were substantial.""}}"
dev,three_perspectives_judge,20692,Will Claudia Sheinbaum win the 2024 Mexican Presidential Election?,"January 21, 2024",Yes,1,0.8,"As of Jan. 21, 2024, Sheinbaum was the clear frontrunner: Morena/AMLO remained popular, the opposition was fragmented, and polling generally favored her by a meaningful margin. The literal resolution is whether she wins the actual 2024 presidential election by the deadline, so some upset risk remains from campaign shocks, turnout surprises, or late consolidation by opponents. Still, absent an unusual reversal, YES was substantially more likely than not.",0.03999999999999998,ok,,4,"{""base_rate"": ""/Users/kenneth.cao/Desktop/Stat 390/AutoResearch_Prediction_Optimization/outputs/raw/dev/three_perspectives_judge/20692/base_rate.json"", ""skeptic"": ""/Users/kenneth.cao/Desktop/Stat 390/AutoResearch_Prediction_Optimization/outputs/raw/dev/three_perspectives_judge/20692/skeptic.json"", ""optimist"": ""/Users/kenneth.cao/Desktop/Stat 390/AutoResearch_Prediction_Optimization/outputs/raw/dev/three_perspectives_judge/20692/optimist.json"", ""judge"": ""/Users/kenneth.cao/Desktop/Stat 390/AutoResearch_Prediction_Optimization/outputs/raw/dev/three_perspectives_judge/20692/judge.json""}","{""base_rate"": {""probability"": 0.82, ""reasoning"": ""As of Jan 21, 2024, Sheinbaum was the clear frontrunner and the candidate of the incumbent Morena coalition, which had strong approval and a powerful electoral machine. Mexican presidential elections usually reward the governing coalition when the incumbent is popular, and opposition fragmentation further improves her odds. While campaigns can shift and Mexico has meaningful uncertainty, the outside-view base rate for a dominant frontrunner in a polarized, incumbent-favored race is high.""}, ""skeptic"": {""probability"": 0.78, ""reasoning"": ""As of Jan. 21, 2024, Sheinbaum was the clear frontrunner: Morena had strong national approval, AMLO remained popular, and opposition forces were fragmented. The main blocker is that the question resolves on the actual election outcome, not polling lead; a late campaign shift, turnout surprise, or coalition consolidation could still produce an upset. But absent a major shock, her path to victory looked substantially stronger than her rivals.""}, ""optimist"": {""probability"": 0.78, ""reasoning"": ""As of Jan. 21, 2024, Sheinbaum was the clear frontrunner and the likely beneficiary of AMLO’s high approval, Morena’s organizational strength, and the opposition’s fragmentation. Polling generally showed her ahead by a substantial margin, and the incumbent coalition had strong structural advantages in Mexico’s presidential race. Credible paths to a YES include continued consolidation of Morena’s base, weak opposition turnout, and Sheinbaum maintaining AMLO’s popularity while avoiding major campaign errors. The main risks were campaign volatility, a late opposition surge, or an unexpected scandal, but on balance YES looks more likely than not by a wide margin.""}, ""judge"": {""final_probability"": 0.8, ""reasoning"": ""As of Jan. 21, 2024, Sheinbaum was the clear frontrunner: Morena/AMLO remained popular, the opposition was fragmented, and polling generally favored her by a meaningful margin. The literal resolution is whether she wins the actual 2024 presidential election by the deadline, so some upset risk remains from campaign shocks, turnout surprises, or late consolidation by opponents. Still, absent an unusual reversal, YES was substantially more likely than not.""}}"
dev,three_perspectives_judge,20774,"Will there be a US government shutdown before January 1, 2025?","January 21, 2024",No,0,0.66,"A literal shutdown before Jan. 1, 2025 requires at least one actual federal funding lapse, even if brief. As of Jan. 21, 2024, the U.S. faced multiple 2024 appropriations deadlines and a highly polarized Congress, making at least one lapse meaningfully plausible. But shutdowns are often averted at the last minute via continuing resolutions or omnibus deals, so the event is not close to certain. I put the probability somewhat above 1/2, but below the more aggressive forecasts, at 0.66.",0.43560000000000004,ok,,4,"{""base_rate"": ""/Users/kenneth.cao/Desktop/Stat 390/AutoResearch_Prediction_Optimization/outputs/raw/dev/three_perspectives_judge/20774/base_rate.json"", ""skeptic"": ""/Users/kenneth.cao/Desktop/Stat 390/AutoResearch_Prediction_Optimization/outputs/raw/dev/three_perspectives_judge/20774/skeptic.json"", ""optimist"": ""/Users/kenneth.cao/Desktop/Stat 390/AutoResearch_Prediction_Optimization/outputs/raw/dev/three_perspectives_judge/20774/optimist.json"", ""judge"": ""/Users/kenneth.cao/Desktop/Stat 390/AutoResearch_Prediction_Optimization/outputs/raw/dev/three_perspectives_judge/20774/judge.json""}","{""base_rate"": {""probability"": 0.62, ""reasoning"": ""Base rates suggest a meaningful but not dominant chance of at least one US federal funding lapse before Jan 1, 2025. Congress has repeatedly come close to shutdowns, and 2024 includes multiple budget deadlines plus high partisan polarization. However, shutdowns are usually averted at the last minute via continuing resolutions, so the event is more likely than not to be avoided. A literal shutdown of any length before the deadline seems moderately likely, but not certain.""}, ""skeptic"": {""probability"": 0.72, ""reasoning"": ""As of Jan 21, 2024, the US had already narrowly avoided shutdowns multiple times, showing persistent budget dysfunction. A shutdown before Jan 1, 2025 is likely because Congress must pass several appropriations deadlines in 2024 and partisan conflict makes at least one lapse plausible. However, the literal resolution requires an actual shutdown (funding lapse causing non-exempt federal operations to stop), and short continuing resolutions or last-minute deals can avert it. So YES is more likely than not, but not overwhelming.""}, ""optimist"": {""probability"": 0.62, ""reasoning"": ""As of Jan. 21, 2024, a shutdown before Jan. 1, 2025 is quite plausible because the federal funding process remains structurally fragile and the deadline calendar is crowded. Congress had already shown repeated difficulty passing appropriations, relying on short-term continuing resolutions, and there were multiple opportunities for a lapse in funding during 2024 (spring and especially the Sept. 30 fiscal-year deadline). The House GOP’s internal divisions and the narrow margins in both chambers make it easy for a small faction to block a funding bill. Even if leaders want to avoid a shutdown, brinkmanship around spending, border/security riders, and election-year politics creates a credible path to at least a brief lapse. The main reason not to go higher is that shutdowns are often averted at the last minute, so the baseline still favors a deal, but YES looks somewhat underpriced.""}, ""judge"": {""final_probability"": 0.66, ""reasoning"": ""A literal shutdown before Jan. 1, 2025 requires at least one actual federal funding lapse, even if brief. As of Jan. 21, 2024, the U.S. faced multiple 2024 appropriations deadlines and a highly polarized Congress, making at least one lapse meaningfully plausible. But shutdowns are often averted at the last minute via continuing resolutions or omnibus deals, so the event is not close to certain. I put the probability somewhat above 1/2, but below the more aggressive forecasts, at 0.66.""}}"
validation,three_perspectives_judge,40215,Will the upper bound of the federal funds rate be 4.00% or lower at the October 2025 FOMC meeting?,"October 06, 2025",Yes,1,0.82,"The question resolves YES only if the official target range announced at the October 28-29, 2025 FOMC meeting has an upper bound of 4.00% or lower. As of the forecast date, the upper bound was already 4.25% after the September meeting, so YES requires at least a 25 bp cut at October. The independent forecasts are broadly bullish on another cut, but 0.86 seems a bit too high because the meeting outcome is still contingent on incoming inflation/labor data and the Fed could plausibly pause. I therefore put the probability high but not overwhelming.",0.03240000000000002,ok,,4,"{""base_rate"": ""/Users/kenneth.cao/Desktop/Stat 390/AutoResearch_Prediction_Optimization/outputs/raw/validation/three_perspectives_judge/40215/base_rate.json"", ""skeptic"": ""/Users/kenneth.cao/Desktop/Stat 390/AutoResearch_Prediction_Optimization/outputs/raw/validation/three_perspectives_judge/40215/skeptic.json"", ""optimist"": ""/Users/kenneth.cao/Desktop/Stat 390/AutoResearch_Prediction_Optimization/outputs/raw/validation/three_perspectives_judge/40215/optimist.json"", ""judge"": ""/Users/kenneth.cao/Desktop/Stat 390/AutoResearch_Prediction_Optimization/outputs/raw/validation/three_perspectives_judge/40215/judge.json""}","{""base_rate"": {""probability"": 0.86, ""reasoning"": ""By the forecast date (Oct. 6, 2025), the Fed had already been in an easing cycle and the upper bound of the target range was at or below 4.00% or very likely to be cut further at the late-October FOMC meeting. Historically, once the Fed has begun cutting from restrictive levels, consecutive meetings often continue to move down unless inflation or labor data re-accelerate sharply. The resolution is literal: the upper bound must be 4.00% or lower at the October 2025 meeting, which is a high-probability outcome given the prevailing policy path and market expectations at that time.""}, ""skeptic"": {""probability"": 0.78, ""reasoning"": ""As of Oct. 6, 2025, the key blocker is whether the Fed cuts again at the Oct. 28-29 FOMC meeting. The upper bound was already 4.25% after the September 2025 meeting, so YES requires at least a 25 bp cut to 4.00% or lower. Markets and the recent easing cycle make another cut plausible, but this is not guaranteed: the Fed could pause if inflation or labor data look sticky, and the question resolves only on the official target range announced at that meeting. Because the threshold is a specific policy action rather than a broad easing bias, there remains meaningful risk of no cut or a smaller-than-expected move, so I assign a high but not overwhelming probability.""}, ""optimist"": {""probability"": 0.86, ""reasoning"": ""As of the Oct. 6, 2025 forecast date, the key question is whether the FOMC will set the target range upper bound at 4.00% or below at the late-October meeting. A YES is plausible because the Fed had already been in an easing cycle by then, and if inflation continued to cool while labor-market softness persisted, another 25 bp cut would put the upper bound at 4.00% or lower. The resolution is literal: any target range with an upper bound of 4.00% or less counts YES. The main risk to YES is a pause if inflation re-accelerates or officials prefer to wait, but given the policy trajectory and the likelihood of at least one additional cut by late October, YES looks favored.""}, ""judge"": {""final_probability"": 0.82, ""reasoning"": ""The question resolves YES only if the official target range announced at the October 28-29, 2025 FOMC meeting has an upper bound of 4.00% or lower. As of the forecast date, the upper bound was already 4.25% after the September meeting, so YES requires at least a 25 bp cut at October. The independent forecasts are broadly bullish on another cut, but 0.86 seems a bit too high because the meeting outcome is still contingent on incoming inflation/labor data and the Fed could plausibly pause. I therefore put the probability high but not overwhelming.""}}"
dev,three_perspectives_judge,31044,Will the US Congress pass a bill implementing Trump's tariff policies in 2025?,"February 01, 2025",No,0,0.18,"Literal YES requires Congress to pass, in 2025, a bill that implements Trump’s tariff policies. That is a high bar because tariffs are usually imposed through existing executive authorities, not new legislation, and Congress is typically slow and divided on trade. Even if Trump is president and Republicans control Congress, they may prefer unilateral executive action over spending scarce legislative capital on a tariff bill, and intra-party/business opposition could block it. A YES is possible if there is strong unified GOP control and a targeted bill, but it remains meaningfully below 50%.",0.0324,ok,,4,"{""base_rate"": ""/Users/kenneth.cao/Desktop/Stat 390/AutoResearch_Prediction_Optimization/outputs/raw/dev/three_perspectives_judge/31044/base_rate.json"", ""skeptic"": ""/Users/kenneth.cao/Desktop/Stat 390/AutoResearch_Prediction_Optimization/outputs/raw/dev/three_perspectives_judge/31044/skeptic.json"", ""optimist"": ""/Users/kenneth.cao/Desktop/Stat 390/AutoResearch_Prediction_Optimization/outputs/raw/dev/three_perspectives_judge/31044/optimist.json"", ""judge"": ""/Users/kenneth.cao/Desktop/Stat 390/AutoResearch_Prediction_Optimization/outputs/raw/dev/three_perspectives_judge/31044/judge.json""}","{""base_rate"": {""probability"": 0.18, ""reasoning"": ""Base rate is low because Congress rarely passes legislation that explicitly implements a president’s tariff agenda; tariffs are usually imposed via existing executive authorities (e.g., trade statutes) rather than a new bill. Even with a Republican-controlled Congress, tariff policy is often politically divisive across industries and regions, making a formal implementing bill harder than unilateral executive action. If Trump returns to office, he could likely pursue tariffs without Congress, reducing the need for legislation. So the chance of a bill passing in 2025 is meaningfully below 50%, though not negligible if there is strong party alignment and a narrow, targeted bill.""}, ""skeptic"": {""probability"": 0.18, ""reasoning"": ""Literal YES requires Congress to pass a bill in 2025 that implements Trump’s tariff policies, not just Trump imposing tariffs via executive authority. That is a high bar: tariff policy is often handled by the executive under existing statutes, while Congress is slow, polarized, and unlikely to move a partisan trade bill quickly. Even with Republican control, there are likely intra-party splits over higher tariffs, business opposition, and the possibility that the administration prefers unilateral action instead of spending political capital on legislation. So the main failure mode is that tariffs happen, but not through a new congressional bill in 2025.""}, ""optimist"": {""probability"": 0.18, ""reasoning"": ""A YES requires Congress to pass a bill in 2025 that implements Trump’s tariff policies, not just Trump imposing tariffs via executive authority. That is a high bar because tariff policy is usually handled by the executive under existing statutes, and Congress has historically been reluctant to legislate detailed tariff changes. Still, a credible YES path exists if Trump makes tariffs a central priority and Republicans control both chambers, creating room for a fast-track trade/tariff package or a broader reconciliation-style bill that codifies parts of his agenda. The odds are boosted if the administration wants to lock in tariffs against future legal or political reversal. But the literal requirement of congressional passage makes this much less likely than unilateral executive action, so I’d keep it below 20%.""}, ""judge"": {""final_probability"": 0.18, ""reasoning"": ""Literal YES requires Congress to pass, in 2025, a bill that implements Trump’s tariff policies. That is a high bar because tariffs are usually imposed through existing executive authorities, not new legislation, and Congress is typically slow and divided on trade. Even if Trump is president and Republicans control Congress, they may prefer unilateral executive action over spending scarce legislative capital on a tariff bill, and intra-party/business opposition could block it. A YES is possible if there is strong unified GOP control and a targeted bill, but it remains meaningfully below 50%.""}}"
validation,three_perspectives_judge,22726,"On May 18th, will Kyle, Texas set the world record for largest gathering of individuals with the same first name?","May 03, 2024",No,0,0.12,"This is a very specific, low-base-rate record attempt with substantial execution and verification risk. Kyle, Texas has a plausible thematic advantage, but as of May 3 there is no strong evidence here that a successful, officially recognized record attempt is locked in for May 18. I put some weight above the base rate because the town-name hook could help publicity and turnout, but the most likely outcome is still that the record is not set or not recognized by the deadline.",0.0144,ok,,4,"{""base_rate"": ""/Users/kenneth.cao/Desktop/Stat 390/AutoResearch_Prediction_Optimization/outputs/raw/validation/three_perspectives_judge/22726/base_rate.json"", ""skeptic"": ""/Users/kenneth.cao/Desktop/Stat 390/AutoResearch_Prediction_Optimization/outputs/raw/validation/three_perspectives_judge/22726/skeptic.json"", ""optimist"": ""/Users/kenneth.cao/Desktop/Stat 390/AutoResearch_Prediction_Optimization/outputs/raw/validation/three_perspectives_judge/22726/optimist.json"", ""judge"": ""/Users/kenneth.cao/Desktop/Stat 390/AutoResearch_Prediction_Optimization/outputs/raw/validation/three_perspectives_judge/22726/judge.json""}","{""base_rate"": {""probability"": 0.08, ""reasoning"": ""This is a highly specific, event-dependent record attempt with a short deadline. World-record gatherings of same-name individuals are rare and usually require organized publicity, strong local participation, and official verification. Kyle, Texas may have a plausible local tie-in, but absent clear evidence of a confirmed, well-publicized attempt by May 3, the outside-view base rate is low. The chance of an unambiguous record being set and recognized by May 18 is modest.""}, ""skeptic"": {""probability"": 0.08, ""reasoning"": ""Low probability. The event requires a very specific, coordinated turnout in Kyle, Texas by May 18 and a Guinness-style world-record outcome for the largest gathering of people sharing the same first name. These records are hard to verify and often fail on documentation, identity matching, or attendance thresholds. As of the forecast date, there is no strong reason to expect a successful, officially recognized record attempt, and any shortfall in count or paperwork would make the answer NO.""}, ""optimist"": {""probability"": 0.18, ""reasoning"": ""A YES requires Kyle, Texas to actually host a record-setting gathering on May 18, 2024 and for it to be recognized as the world record for the largest gathering of people sharing the same first name. The town’s name creates a plausible promotional hook, and a local event could credibly attract enough people named Kyle to beat a prior record if organizers have been planning aggressively. Still, this is a very specific Guinness-style record with logistical and verification hurdles, and there is no strong pre-May 3 evidence that the event is definitely happening or that enough Kyles will attend. So the upside path exists, but it remains a minority outcome.""}, ""judge"": {""final_probability"": 0.12, ""reasoning"": ""This is a very specific, low-base-rate record attempt with substantial execution and verification risk. Kyle, Texas has a plausible thematic advantage, but as of May 3 there is no strong evidence here that a successful, officially recognized record attempt is locked in for May 18. I put some weight above the base rate because the town-name hook could help publicity and turnout, but the most likely outcome is still that the record is not set or not recognized by the deadline.""}}"
dev,three_perspectives_judge,31296,Will at least twice as many deportations by U.S. ICE occur in Fiscal Year 2025 compared with Fiscal Year 2024?,"February 01, 2025",No,0,0.22,"A YES requires FY2025 ICE deportations to be at least double FY2024’s total, which is a very large jump from an already elevated baseline. As of Feb. 1, 2025 there is still most of FY2025 left, and a new administration could push enforcement harder, but doubling within one fiscal year would require sustained operational expansion, detention/court capacity, and favorable legal/political conditions. The provided forecasts cluster around the high teens to high 20s; I’d put the chance modestly above 0.20 but still clearly below 0.50.",0.0484,ok,,4,"{""base_rate"": ""/Users/kenneth.cao/Desktop/Stat 390/AutoResearch_Prediction_Optimization/outputs/raw/dev/three_perspectives_judge/31296/base_rate.json"", ""skeptic"": ""/Users/kenneth.cao/Desktop/Stat 390/AutoResearch_Prediction_Optimization/outputs/raw/dev/three_perspectives_judge/31296/skeptic.json"", ""optimist"": ""/Users/kenneth.cao/Desktop/Stat 390/AutoResearch_Prediction_Optimization/outputs/raw/dev/three_perspectives_judge/31296/optimist.json"", ""judge"": ""/Users/kenneth.cao/Desktop/Stat 390/AutoResearch_Prediction_Optimization/outputs/raw/dev/three_perspectives_judge/31296/judge.json""}","{""base_rate"": {""probability"": 0.18, ""reasoning"": ""Base rate is low because FY2024 deportations would need to roughly double for FY2025 to clear the threshold, and ICE removals have historically been constrained by detention, court, and operational capacity. Although a new administration could prioritize enforcement and raise removals, achieving at least 2x within a single fiscal year is a very large jump relative to recent year-to-year variation. On Feb. 1, 2025 there is still substantial time left in FY2025, but the required increase is large enough that I’d put the chance below 1-in-4.""}, ""skeptic"": {""probability"": 0.18, ""reasoning"": ""FY2024 ICE deportations were already very high, so FY2025 would need roughly a doubling to clear the threshold. That is a large jump requiring sustained operational expansion, detention/court capacity, and political support throughout FY2025. As of Feb. 1, 2025, there is still substantial uncertainty about implementation, legal constraints, and whether reported ICE deportations will be counted consistently across fiscal years. Even with a tougher enforcement posture, doubling an already elevated baseline in one fiscal year is difficult, so YES is possible but not likely.""}, ""optimist"": {""probability"": 0.28, ""reasoning"": ""YES requires FY2025 ICE deportations to be at least 2x FY2024. FY2024 was already very high by recent standards, so the bar is steep. A credible YES path exists: a new administration could sharply expand interior enforcement, detention, and removal operations, and FY2025 still has most of the year left from the Feb. 1 forecast date. If policy priorities shift strongly and operational capacity scales, deportations could rise materially. But doubling an already elevated FY2024 total is difficult given legal, logistical, and resource constraints, so I’d keep YES below 50%.""}, ""judge"": {""final_probability"": 0.22, ""reasoning"": ""A YES requires FY2025 ICE deportations to be at least double FY2024’s total, which is a very large jump from an already elevated baseline. As of Feb. 1, 2025 there is still most of FY2025 left, and a new administration could push enforcement harder, but doubling within one fiscal year would require sustained operational expansion, detention/court capacity, and favorable legal/political conditions. The provided forecasts cluster around the high teens to high 20s; I’d put the chance modestly above 0.20 but still clearly below 0.50.""}}"
dev,three_perspectives_judge,31130,Will major components of the Affordable Care Act be repealed or curtailed before 2026?,"February 01, 2025",No,0,0.2,"A literal YES requires that by 2025-12-31 some major ACA component be repealed or materially curtailed, not merely threatened or partially weakened. As of 2025-02-01, the main plausible paths were new legislation, a major court ruling, or significant administrative rollback. New legislation looked unlikely given polarization and the difficulty of overcoming Senate hurdles; administrative action could narrow implementation but usually would not repeal major statutory components and would face review; court-driven curtailment was possible but the core ACA pillars had already survived repeated challenges, making a new decisive blow within the short deadline less likely than not. Some curtailment is plausible, but the threshold for “major components” is high, so the probability is modest.",0.04000000000000001,ok,,4,"{""base_rate"": ""/Users/kenneth.cao/Desktop/Stat 390/AutoResearch_Prediction_Optimization/outputs/raw/dev/three_perspectives_judge/31130/base_rate.json"", ""skeptic"": ""/Users/kenneth.cao/Desktop/Stat 390/AutoResearch_Prediction_Optimization/outputs/raw/dev/three_perspectives_judge/31130/skeptic.json"", ""optimist"": ""/Users/kenneth.cao/Desktop/Stat 390/AutoResearch_Prediction_Optimization/outputs/raw/dev/three_perspectives_judge/31130/optimist.json"", ""judge"": ""/Users/kenneth.cao/Desktop/Stat 390/AutoResearch_Prediction_Optimization/outputs/raw/dev/three_perspectives_judge/31130/judge.json""}","{""base_rate"": {""probability"": 0.18, ""reasoning"": ""Base rates favor persistence of major ACA provisions absent a clear unified governing coalition and a durable legislative path. By Feb 1, 2025, the ACA had already survived repeated repeal efforts, and major curtailment typically requires either unified control plus filibuster-proof conditions or a Supreme Court ruling striking a core provision. Given the deadline is before 2026, there is limited time for a large statutory rollback, and courts usually chip away incrementally rather than repeal major components outright. Some narrowing via litigation or administrative action is plausible, but the literal threshold of major components being repealed or curtailed is still relatively uncommon.""}, ""skeptic"": {""probability"": 0.18, ""reasoning"": ""Literal YES requires major ACA components to be repealed or materially curtailed by 2025-12-31. As of 2025-02-01, that would need either new federal legislation, a Supreme Court ruling striking core provisions, or major administrative actions that survive review. Congress is highly polarized and ACA repeal has repeatedly failed; a full or major partial repeal before year-end is unlikely. Court-driven curtailment is possible but the most important ACA pillars (Medicaid expansion, subsidies, exchanges, guaranteed issue/community rating) have already survived prior litigation, and new challenges would face time and standing hurdles. Administrative rollback can narrow implementation but usually cannot repeal major statutory components and is vulnerable to injunctions and reversal. Overall, some curtailment is plausible, but a clear, major repeal/curtailment by the deadline is still more likely to fail than succeed.""}, ""optimist"": {""probability"": 0.28, ""reasoning"": ""By Feb. 1, 2025, a full ACA repeal looked unlikely, but the question only requires major components to be repealed or curtailed before 2026. Credible YES paths include a Supreme Court or lower-court ruling narrowing ACA subsidies, mandates, or coverage rules; congressional action in a divided but potentially shifting political environment; or administrative changes that materially weaken enforcement, enrollment, or subsidy access. The ACA has repeatedly faced legal and political attacks, and some major components have already been curtailed in practice (e.g., the individual mandate penalty, state-by-state limits on Medicaid expansion). Still, the deadline is short and “major components” is a high bar, so the base rate remains below 50%.""}, ""judge"": {""final_probability"": 0.2, ""reasoning"": ""A literal YES requires that by 2025-12-31 some major ACA component be repealed or materially curtailed, not merely threatened or partially weakened. As of 2025-02-01, the main plausible paths were new legislation, a major court ruling, or significant administrative rollback. New legislation looked unlikely given polarization and the difficulty of overcoming Senate hurdles; administrative action could narrow implementation but usually would not repeal major statutory components and would face review; court-driven curtailment was possible but the core ACA pillars had already survived repeated challenges, making a new decisive blow within the short deadline less likely than not. Some curtailment is plausible, but the threshold for “major components” is high, so the probability is modest.""}}"
validation,three_perspectives_judge,31045,Will Jerome Powell cease to hold the office of Chair of the Federal Reserve before 2026?,"February 01, 2025",No,0,0.12,"Literal resolution is YES only if Powell ceases to be Fed Chair by 2025-12-31. On 2025-02-01, the default expectation is that he remains in office through year-end, since his chair term was scheduled to run until May 2026 and early removal/resignation is uncommon. YES paths exist (resignation, death/incapacity, or unusual early replacement/removal), but they are low-probability over this horizon. I put the chance somewhat above the base rate because 2025 is a politically volatile year, but still clearly below 50%.",0.0144,ok,,4,"{""base_rate"": ""/Users/kenneth.cao/Desktop/Stat 390/AutoResearch_Prediction_Optimization/outputs/raw/validation/three_perspectives_judge/31045/base_rate.json"", ""skeptic"": ""/Users/kenneth.cao/Desktop/Stat 390/AutoResearch_Prediction_Optimization/outputs/raw/validation/three_perspectives_judge/31045/skeptic.json"", ""optimist"": ""/Users/kenneth.cao/Desktop/Stat 390/AutoResearch_Prediction_Optimization/outputs/raw/validation/three_perspectives_judge/31045/optimist.json"", ""judge"": ""/Users/kenneth.cao/Desktop/Stat 390/AutoResearch_Prediction_Optimization/outputs/raw/validation/three_perspectives_judge/31045/judge.json""}","{""base_rate"": {""probability"": 0.08, ""reasoning"": ""Literal reading: the question resolves YES only if Jerome Powell stops being Fed Chair before 2026 begins (i.e., by 2025-12-31). Base rates strongly favor continuity: Fed Chairs typically serve full terms unless they resign, die, or are removed, and Powell had already been reappointed to a term running through May 2026. Early departure before year-end 2025 would require an unusual resignation or other disruption. Political pressure alone is not enough to change the office absent his own departure or legal removal, which is rare. So the chance is low, though not zero.""}, ""skeptic"": {""probability"": 0.18, ""reasoning"": ""Literal resolution: YES only if Powell stops being Fed Chair before 2026 (i.e., by 2025-12-31). As of 2025-02-01, the default expectation is that he remains in office through year-end absent resignation, removal, death, or an unusually early replacement. The main blocker is that Fed chairs typically serve out their terms, and there is no strong public indication of imminent departure. YES can happen if he resigns, is forced out, or is replaced early, but those are comparatively low-probability events over this horizon.""}, ""optimist"": {""probability"": 0.18, ""reasoning"": ""Literal YES requires Powell to stop being Fed Chair before 2026, i.e. by 2025-12-31. As of Feb. 1, 2025, his term as Chair was scheduled to run until May 2026, so the default is NO. Credible YES paths exist: resignation, removal, death/incapacity, or an unusually early replacement if a new administration pressures a transition. But the Fed Chair is hard to dislodge, Powell had previously signaled no intention to leave early, and there is no routine mechanism for a president to simply replace him before term end. I’d price a modest but nontrivial chance of an early exit.""}, ""judge"": {""final_probability"": 0.12, ""reasoning"": ""Literal resolution is YES only if Powell ceases to be Fed Chair by 2025-12-31. On 2025-02-01, the default expectation is that he remains in office through year-end, since his chair term was scheduled to run until May 2026 and early removal/resignation is uncommon. YES paths exist (resignation, death/incapacity, or unusual early replacement/removal), but they are low-probability over this horizon. I put the chance somewhat above the base rate because 2025 is a politically volatile year, but still clearly below 50%.""}}"
dev,three_perspectives_judge,22725,"As of May 21, 2024, will OpenAI report at least 99.9% uptime for ChatGPT for May 2024?","April 30, 2024",No,0,0.29,"The key issue is literal resolution: by May 21, 2024 OpenAI must publicly report that ChatGPT’s uptime for May 2024 is at least 99.9%. That is a strict threshold and depends both on actual service performance and on OpenAI publishing a qualifying monthly figure by the deadline. While ChatGPT is usually highly available, monthly reporting may be delayed or may not use the exact metric the question expects, and even brief outages could push a reported month below 99.9%. The optimistic forecast seems to overstate how likely a timely, explicit monthly report is. Overall, YES is possible but clearly below even odds.",0.0841,ok,,4,"{""base_rate"": ""/Users/kenneth.cao/Desktop/Stat 390/AutoResearch_Prediction_Optimization/outputs/raw/dev/three_perspectives_judge/22725/base_rate.json"", ""skeptic"": ""/Users/kenneth.cao/Desktop/Stat 390/AutoResearch_Prediction_Optimization/outputs/raw/dev/three_perspectives_judge/22725/skeptic.json"", ""optimist"": ""/Users/kenneth.cao/Desktop/Stat 390/AutoResearch_Prediction_Optimization/outputs/raw/dev/three_perspectives_judge/22725/optimist.json"", ""judge"": ""/Users/kenneth.cao/Desktop/Stat 390/AutoResearch_Prediction_Optimization/outputs/raw/dev/three_perspectives_judge/22725/judge.json""}","{""base_rate"": {""probability"": 0.18, ""reasoning"": ""Base rate is low because the criterion is extremely strict: OpenAI must publicly report at least 99.9% uptime for ChatGPT for the full month of May 2024 by May 21, 2024. That implies no more than about 43 minutes of downtime in the month, and any significant incident or conservative accounting could push the reported figure below the threshold. While ChatGPT is generally highly available, monthly uptime reports at or above 99.9% are not guaranteed and are vulnerable to even brief outages or measurement/reporting differences. The deadline also leaves limited time for a May report to be published.""}, ""skeptic"": {""probability"": 0.18, ""reasoning"": ""Skeptical view: this requires OpenAI to publicly report a May 2024 ChatGPT uptime of at least 99.9% by May 21, 2024. That is a very high bar (roughly under 44 minutes of downtime in a 30-day month) and depends on OpenAI actually publishing a monthly uptime figure on that date, using a methodology that counts only ChatGPT service availability and not broader incidents. Even if service is mostly stable, any meaningful outage, partial degradation, or delayed/nonexistent report would make the resolution NO. The deadline is also tight, so a late May report would not count.""}, ""optimist"": {""probability"": 0.72, ""reasoning"": ""OpenAI has historically reported very high ChatGPT availability, and 99.9% uptime for a single month is a relatively low bar (about 43 minutes of downtime total). A YES can be achieved if OpenAI’s status/availability reporting for May 2024 shows no more than that amount of downtime, which is plausible even with a few brief incidents. The main risk is that OpenAI may not publish a precise monthly uptime figure for ChatGPT by May 21, or may report a lower figure due to outages/maintenance. Still, given the threshold and the tendency for large services to exceed 99.9% in many months, YES looks somewhat more likely than not.""}, ""judge"": {""final_probability"": 0.29, ""reasoning"": ""The key issue is literal resolution: by May 21, 2024 OpenAI must publicly report that ChatGPT’s uptime for May 2024 is at least 99.9%. That is a strict threshold and depends both on actual service performance and on OpenAI publishing a qualifying monthly figure by the deadline. While ChatGPT is usually highly available, monthly reporting may be delayed or may not use the exact metric the question expects, and even brief outages could push a reported month below 99.9%. The optimistic forecast seems to overstate how likely a timely, explicit monthly report is. Overall, YES is possible but clearly below even odds.""}}"
dev,three_perspectives_judge,20749,Will there be faithless electors in the 2024 US Presidential election?,"January 21, 2024",No,0,0.16,"Faithless electors are rare, and by Jan. 21, 2024 the most likely outcome is still zero defections. The literal YES condition is met if at least one elector in the 2024 Electoral College casts a vote contrary to their pledge and it counts, and modern state laws plus party discipline reduce that risk substantially. Still, a small chance remains because a single protest defection or legal irregularity would suffice. I put it slightly below the provided base estimates because the question is about the 2024 election specifically and the binding/penalty regime makes counted faithless votes less likely than in older elections.",0.0256,ok,,4,"{""base_rate"": ""/Users/kenneth.cao/Desktop/Stat 390/AutoResearch_Prediction_Optimization/outputs/raw/dev/three_perspectives_judge/20749/base_rate.json"", ""skeptic"": ""/Users/kenneth.cao/Desktop/Stat 390/AutoResearch_Prediction_Optimization/outputs/raw/dev/three_perspectives_judge/20749/skeptic.json"", ""optimist"": ""/Users/kenneth.cao/Desktop/Stat 390/AutoResearch_Prediction_Optimization/outputs/raw/dev/three_perspectives_judge/20749/optimist.json"", ""judge"": ""/Users/kenneth.cao/Desktop/Stat 390/AutoResearch_Prediction_Optimization/outputs/raw/dev/three_perspectives_judge/20749/judge.json""}","{""base_rate"": {""probability"": 0.18, ""reasoning"": ""Base rates suggest faithless electors are uncommon but not impossible. Since the 2016 election there have been a few faithless elector incidents in modern history, and the Electoral College still allows some room for individual deviation despite state laws and pledged-elector norms. However, most states now have stronger legal constraints and the political environment is highly polarized, making defections less likely than in earlier eras. A reasonable outside-view estimate is a modest chance, not a majority.""}, ""skeptic"": {""probability"": 0.18, ""reasoning"": ""By the literal resolution, YES requires at least one elector in the 2024 presidential Electoral College to cast a vote contrary to their pledged candidate and have that count as a faithless elector event. Historically this is rare, and many states now have laws or procedures intended to bind or replace electors, reducing the chance of a successful defection. The main blocker is that electors are typically party loyalists chosen to avoid exactly this outcome, and any attempted defection may be deterred by legal penalties or replacement. Still, the event is not impossible: a small number of electors could defect, or a legal challenge could create a counted faithless vote. Overall, modest but nontrivial chance.""}, ""optimist"": {""probability"": 0.18, ""reasoning"": ""Faithless electors are rare, but the 2024 election still has a nontrivial chance of producing at least one. The most plausible YES path is a close, highly polarized Electoral College outcome where one or more electors defect as a protest or symbolic act, especially if a candidate is controversial or the result is disputed. Since many states now bind electors or impose penalties, the probability is lower than in earlier eras, but not negligible because enforcement is uneven and a single defection is enough. On a literal resolution basis, any elector who casts a vote contrary to their pledge would make this YES.""}, ""judge"": {""final_probability"": 0.16, ""reasoning"": ""Faithless electors are rare, and by Jan. 21, 2024 the most likely outcome is still zero defections. The literal YES condition is met if at least one elector in the 2024 Electoral College casts a vote contrary to their pledge and it counts, and modern state laws plus party discipline reduce that risk substantially. Still, a small chance remains because a single protest defection or legal irregularity would suffice. I put it slightly below the provided base estimates because the question is about the 2024 election specifically and the binding/penalty regime makes counted faithless votes less likely than in older elections.""}}"
validation,three_perspectives_judge,31307,Will Nvidia outperform the S&P 500 in 2025?,"February 01, 2025",Yes,1,0.54,"Literal criterion: Nvidia must have a higher total return than the S&P 500 over calendar 2025, measured through Dec. 31, 2025. I put this slightly above even odds. Nvidia starts 2025 with strong AI-driven fundamentals and a real chance to keep compounding earnings faster than the index, but it also begins from a high valuation and faces meaningful downside from any growth slowdown, margin pressure, or multiple compression. The S&P 500 can also post solid gains, especially if market breadth improves. Net: Nvidia is somewhat more likely than not to outperform, but not by a wide margin.",0.21159999999999995,ok,,4,"{""base_rate"": ""/Users/kenneth.cao/Desktop/Stat 390/AutoResearch_Prediction_Optimization/outputs/raw/validation/three_perspectives_judge/31307/base_rate.json"", ""skeptic"": ""/Users/kenneth.cao/Desktop/Stat 390/AutoResearch_Prediction_Optimization/outputs/raw/validation/three_perspectives_judge/31307/skeptic.json"", ""optimist"": ""/Users/kenneth.cao/Desktop/Stat 390/AutoResearch_Prediction_Optimization/outputs/raw/validation/three_perspectives_judge/31307/optimist.json"", ""judge"": ""/Users/kenneth.cao/Desktop/Stat 390/AutoResearch_Prediction_Optimization/outputs/raw/validation/three_perspectives_judge/31307/judge.json""}","{""base_rate"": {""probability"": 0.56, ""reasoning"": ""Literal resolution: Nvidia must finish 2025 with a total return exceeding the S&P 500’s total return over the same period. Base-rate view: large-cap mega-growth stocks can outperform broad indices in strong AI-led cycles, but after an extraordinary run into early 2025, continuation is harder because expectations are elevated and index diversification reduces the benchmark’s volatility. Still, Nvidia’s dominant position in AI accelerators gives it a meaningful chance to beat the market over a single year, so I put it slightly above even odds.""}, ""skeptic"": {""probability"": 0.46, ""reasoning"": ""Literal read: YES if Nvidia’s total return in calendar 2025 beats the S&P 500’s total return by Dec. 31, 2025. Starting from Feb. 1, Nvidia needs to outperform a very large, diversified index over an already high valuation base. Even with strong AI demand, NVDA faces several blockers: expectations are elevated, any growth deceleration or margin compression could hit the stock hard, and the S&P 500 can still do well if breadth improves or mega-cap tech leadership narrows. Nvidia’s upside is substantial, but the bar to beat the index for the full year is high and the outcome is sensitive to volatility and multiple compression. Skeptically, this looks close to a coin flip, slightly below even.""}, ""optimist"": {""probability"": 0.58, ""reasoning"": ""Nvidia entered 2025 with exceptional momentum: dominant AI accelerator share, strong pricing power, and a still-expanding data-center demand cycle. A literal outperformance test over the full 2025 calendar year is demanding, but NVDA can plausibly beat the S&P 500 if AI capex remains robust, earnings keep surprising upward, and multiple expansion persists. The main risk is that expectations were already very high and the S&P 500 could also do well, but on balance Nvidia still looks somewhat more likely than not to outperform.""}, ""judge"": {""final_probability"": 0.54, ""reasoning"": ""Literal criterion: Nvidia must have a higher total return than the S&P 500 over calendar 2025, measured through Dec. 31, 2025. I put this slightly above even odds. Nvidia starts 2025 with strong AI-driven fundamentals and a real chance to keep compounding earnings faster than the index, but it also begins from a high valuation and faces meaningful downside from any growth slowdown, margin pressure, or multiple compression. The S&P 500 can also post solid gains, especially if market breadth improves. Net: Nvidia is somewhat more likely than not to outperform, but not by a wide margin.""}}"
dev,three_perspectives_judge,20754,Will the WHO declare a global health emergency (PHEIC) in 2024?,"January 21, 2024",Yes,1,0.24,"Literal resolution: YES if WHO declares at least one PHEIC at any point during calendar year 2024. As of Jan 21, 2024, mpox was already a PHEIC, so the question is about any additional declaration in 2024. New PHEICs are rare, but 2024 had plausible escalation risks (mpox, avian flu, polio/cholera or another novel outbreak). I think the base rates and skepticism dominate, but the chance is meaningfully above zero; 0.24 is a reasonable midpoint.",0.5776,ok,,4,"{""base_rate"": ""/Users/kenneth.cao/Desktop/Stat 390/AutoResearch_Prediction_Optimization/outputs/raw/dev/three_perspectives_judge/20754/base_rate.json"", ""skeptic"": ""/Users/kenneth.cao/Desktop/Stat 390/AutoResearch_Prediction_Optimization/outputs/raw/dev/three_perspectives_judge/20754/skeptic.json"", ""optimist"": ""/Users/kenneth.cao/Desktop/Stat 390/AutoResearch_Prediction_Optimization/outputs/raw/dev/three_perspectives_judge/20754/optimist.json"", ""judge"": ""/Users/kenneth.cao/Desktop/Stat 390/AutoResearch_Prediction_Optimization/outputs/raw/dev/three_perspectives_judge/20754/judge.json""}","{""base_rate"": {""probability"": 0.18, ""reasoning"": ""Using a literal reading, this asks whether WHO will declare any Public Health Emergency of International Concern (PHEIC) during calendar year 2024. Base rates are low: WHO has declared PHEICs only a handful of times since the mechanism began, and in many years none are declared. As of Jan 21, 2024, there was already an ongoing PHEIC for mpox and for COVID-19 had recently ended, so the question is whether WHO will make at least one new PHEIC declaration in 2024. That is possible but still uncommon; a rough outside-view estimate is around 15-20%.""}, ""skeptic"": {""probability"": 0.28, ""reasoning"": ""As of Jan 21, 2024, WHO had already declared a PHEIC for mpox (still in force) and for COVID-19 only until May 2023, so the question is whether WHO will declare any new PHEIC in 2024. That is possible but not common: PHEIC declarations are rare, require a formal IHR process, and often WHO instead uses other alert mechanisms or delays escalation. Major plausible triggers in 2024 include mpox resurgence, polio, cholera, dengue, or a novel outbreak, but many outbreaks are managed without a PHEIC, and political/technical caution can block declaration. Given the literal resolution criterion and one-year deadline, I’d put the chance at below one-third.""}, ""optimist"": {""probability"": 0.42, ""reasoning"": ""WHO had already declared a PHEIC for mpox (still ongoing into 2024) and could also declare new PHEICs if outbreaks worsen, so the bar for a YES is not extremely high. Credible 2024 paths include escalation of mpox, a major new influenza/avian flu event, or another fast-moving international outbreak. That said, PHEIC declarations are still relatively uncommon and WHO is often cautious, so while YES may be somewhat underpriced, it is not the most likely outcome.""}, ""judge"": {""final_probability"": 0.24, ""reasoning"": ""Literal resolution: YES if WHO declares at least one PHEIC at any point during calendar year 2024. As of Jan 21, 2024, mpox was already a PHEIC, so the question is about any additional declaration in 2024. New PHEICs are rare, but 2024 had plausible escalation risks (mpox, avian flu, polio/cholera or another novel outbreak). I think the base rates and skepticism dominate, but the chance is meaningfully above zero; 0.24 is a reasonable midpoint.""}}"
validation,three_perspectives_judge,31271,Will real housing prices in the US increase more in 2025 compared to 2024?,"February 01, 2025",No,0,0.42,"Literal resolution: YES if the US real housing-price increase in calendar year 2025 is larger than in calendar year 2024, using whatever standard real home-price measure the tournament applies. As of Feb. 1, 2025, 2024 is largely known and appears to have been a year of only modest real gains at best. That makes YES plausible if 2025 sees even a mild rebound in nominal prices and/or lower inflation. But elevated mortgage rates, stretched affordability, and likely continued supply normalization make a materially stronger real-price year in 2025 than 2024 somewhat less likely than not. The independent forecasts are aligned and do not suggest a strong edge either way, so I keep the probability near the provided 0.42.",0.17639999999999997,ok,,4,"{""base_rate"": ""/Users/kenneth.cao/Desktop/Stat 390/AutoResearch_Prediction_Optimization/outputs/raw/validation/three_perspectives_judge/31271/base_rate.json"", ""skeptic"": ""/Users/kenneth.cao/Desktop/Stat 390/AutoResearch_Prediction_Optimization/outputs/raw/validation/three_perspectives_judge/31271/skeptic.json"", ""optimist"": ""/Users/kenneth.cao/Desktop/Stat 390/AutoResearch_Prediction_Optimization/outputs/raw/validation/three_perspectives_judge/31271/optimist.json"", ""judge"": ""/Users/kenneth.cao/Desktop/Stat 390/AutoResearch_Prediction_Optimization/outputs/raw/validation/three_perspectives_judge/31271/judge.json""}","{""base_rate"": {""probability"": 0.42, ""reasoning"": ""Literal read: compare the annual change in US real housing prices in 2025 versus 2024; YES if 2025’s increase is larger than 2024’s. Base rates suggest modest odds because real house prices are volatile and often mean-revert after a prior year’s move. Entering 2025, mortgage rates were still elevated, affordability was stretched, and nominal price growth was likely to be constrained by high financing costs, while inflation could keep real-price changes muted. For YES, 2025 would need either stronger nominal appreciation or lower inflation than in 2024; both are possible but not the modal outcome. Hence slightly below 50%.""}, ""skeptic"": {""probability"": 0.42, ""reasoning"": ""Literal read: YES if US real housing prices rise by a larger amount in 2025 than in 2024, using year-over-year change in a real home-price index by year-end. Starting from Feb 1, 2025, 2024 is already mostly set, so the question hinges on whether 2025 can outperform 2024. A skeptic case: mortgage rates remained elevated, affordability was still stretched, and higher supply could keep nominal gains modest. Even if inflation falls, real-price gains in 2025 may not exceed 2024 if nominal appreciation slows or turns flat. On the other hand, if rates ease materially, 2025 could rebound. Overall, modestly below even.""}, ""optimist"": {""probability"": 0.42, ""reasoning"": ""Literal read: YES if US real housing prices rise by a larger amount in 2025 than in 2024. By Feb 1, 2025, 2024 had likely seen only modest real gains or even flat-to-down performance depending on the index, so the bar for 2025 is not extremely high. Credible YES paths include falling mortgage rates, easing supply constraints, and a soft landing that revives nominal home-price growth while inflation stays moderate, producing a larger real increase than in 2024. But housing is rate-sensitive, affordability remains stretched, and 2025 could easily be another year of subdued nominal appreciation offset by inflation, making a bigger real gain than 2024 somewhat less likely than not.""}, ""judge"": {""final_probability"": 0.42, ""reasoning"": ""Literal resolution: YES if the US real housing-price increase in calendar year 2025 is larger than in calendar year 2024, using whatever standard real home-price measure the tournament applies. As of Feb. 1, 2025, 2024 is largely known and appears to have been a year of only modest real gains at best. That makes YES plausible if 2025 sees even a mild rebound in nominal prices and/or lower inflation. But elevated mortgage rates, stretched affordability, and likely continued supply normalization make a materially stronger real-price year in 2025 than 2024 somewhat less likely than not. The independent forecasts are aligned and do not suggest a strong edge either way, so I keep the probability near the provided 0.42.""}}"
validation,three_perspectives_judge,20785,Will SpaceX attempt to catch a Starship booster with the tower in 2024?,"January 21, 2024",Yes,1,0.67,"The question is literal: did SpaceX make an actual attempt to catch a Starship booster with the tower at any point in 2024? As of Jan. 21, 2024, this was plausible because SpaceX had already built the tower and was iterating quickly, and a catch attempt only requires one qualifying launch/recovery try, not success. But there were meaningful risks of delay from regulatory issues, launch cadence, and booster readiness, and the first attempt could easily slip beyond 2024. I put it somewhat above even odds, but below the more bullish 0.72 forecasts because they may overweight SpaceX’s ambition relative to the operational hurdles.",0.10889999999999997,ok,,4,"{""base_rate"": ""/Users/kenneth.cao/Desktop/Stat 390/AutoResearch_Prediction_Optimization/outputs/raw/validation/three_perspectives_judge/20785/base_rate.json"", ""skeptic"": ""/Users/kenneth.cao/Desktop/Stat 390/AutoResearch_Prediction_Optimization/outputs/raw/validation/three_perspectives_judge/20785/skeptic.json"", ""optimist"": ""/Users/kenneth.cao/Desktop/Stat 390/AutoResearch_Prediction_Optimization/outputs/raw/validation/three_perspectives_judge/20785/optimist.json"", ""judge"": ""/Users/kenneth.cao/Desktop/Stat 390/AutoResearch_Prediction_Optimization/outputs/raw/validation/three_perspectives_judge/20785/judge.json""}","{""base_rate"": {""probability"": 0.72, ""reasoning"": ""By Jan 21, 2024, SpaceX had already demonstrated rapid Starship iteration and had publicly discussed tower catch as a planned next step, making an attempt within the year plausible. However, the maneuver is technically risky and depends on booster reliability, launch cadence, and regulatory/operational constraints, so not certain. Base-rate-wise, SpaceX tends to pursue ambitious milestones once hardware is close enough, and a 12-month window is long enough for at least one attempt if development proceeds normally.""}, ""skeptic"": {""probability"": 0.62, ""reasoning"": ""As of Jan 21, 2024, SpaceX had already demonstrated rapid Starship progress and publicly discussed tower catch as a planned next step, so a 2024 attempt was plausible. However, the skeptic view lowers confidence because the resolution requires an actual attempt by Dec 31, 2024, not just statements or preparations. Major blockers include launch cadence, regulatory delays, vehicle reliability, and the possibility SpaceX would choose to delay the first catch attempt until the system is more mature. Still, given SpaceX’s aggressive testing style and the tower hardware already in place, a first attempt sometime in 2024 seemed more likely than not.""}, ""optimist"": {""probability"": 0.72, ""reasoning"": ""As of Jan 21, 2024, SpaceX had already demonstrated rapid Starship progress and had publicly discussed the tower catch concept as part of the program. The main uncertainty is whether booster reliability, launch cadence, and regulatory/operational constraints would allow an actual catch attempt within 2024. But SpaceX has a strong track record of moving aggressively from test to test, and a single attempted catch does not require success—only an attempt. Given the company’s stated ambition and the likelihood of at least one late-2024 integrated flight with booster recovery objectives, YES looks more likely than not and plausibly underpriced.""}, ""judge"": {""final_probability"": 0.67, ""reasoning"": ""The question is literal: did SpaceX make an actual attempt to catch a Starship booster with the tower at any point in 2024? As of Jan. 21, 2024, this was plausible because SpaceX had already built the tower and was iterating quickly, and a catch attempt only requires one qualifying launch/recovery try, not success. But there were meaningful risks of delay from regulatory issues, launch cadence, and booster readiness, and the first attempt could easily slip beyond 2024. I put it somewhat above even odds, but below the more bullish 0.72 forecasts because they may overweight SpaceX’s ambition relative to the operational hurdles.""}}"
validation,three_perspectives_judge,20759,Will an AI win a coding contest on Codeforces in 2024?,"January 21, 2024",No,0,0.1,"Literal resolution: YES only if an AI system outright wins an official Codeforces coding contest at some point in 2024. As of Jan 21, 2024, AI coding ability was improving quickly, but there was no strong precedent for an autonomous AI beating top human competitors in a live Codeforces contest. The event is highly competitive, time-constrained, and adversarial, so the base rate is low. I put some weight on rapid progress and the possibility of a favorable contest or agentic/tool-using system, but not enough to move far above 10%.",0.010000000000000002,ok,,4,"{""base_rate"": ""/Users/kenneth.cao/Desktop/Stat 390/AutoResearch_Prediction_Optimization/outputs/raw/validation/three_perspectives_judge/20759/base_rate.json"", ""skeptic"": ""/Users/kenneth.cao/Desktop/Stat 390/AutoResearch_Prediction_Optimization/outputs/raw/validation/three_perspectives_judge/20759/skeptic.json"", ""optimist"": ""/Users/kenneth.cao/Desktop/Stat 390/AutoResearch_Prediction_Optimization/outputs/raw/validation/three_perspectives_judge/20759/optimist.json"", ""judge"": ""/Users/kenneth.cao/Desktop/Stat 390/AutoResearch_Prediction_Optimization/outputs/raw/validation/three_perspectives_judge/20759/judge.json""}","{""base_rate"": {""probability"": 0.08, ""reasoning"": ""Base rates are low: Codeforces contests are highly competitive, with human grandmasters dominating and AI systems historically struggling to reliably outperform top humans in live, adversarial programming contests. By Jan 21, 2024, LLMs had improved a lot at coding tasks, but winning a Codeforces contest requires fast, correct algorithmic insight, implementation, and robustness under contest conditions. There were few clear precedents of an AI outright winning a Codeforces contest, so the outside-view chance in a single calendar year looks small, though not impossible.""}, ""skeptic"": {""probability"": 0.08, ""reasoning"": ""Very low chance under a literal reading. Codeforces contests are highly competitive, and as of Jan 21, 2024 there was no clear evidence of an AI system reliably winning an official Codeforces coding contest outright. The main blockers are that the AI must actually place first in a qualifying contest within 2024, not just solve problems well or assist a human. Even if AI performance improves, beating top human contestants consistently in a live, time-constrained Codeforces setting is still a hard benchmark. A few percent is plausible for a breakthrough, but the base rate remains low.""}, ""optimist"": {""probability"": 0.18, ""reasoning"": ""By Jan 21, 2024, AI systems had shown strong coding ability, but Codeforces contests are live, adversarial, and require speed, robustness, and handling novel problems under strict time limits. A YES would likely require either a major breakthrough in autonomous contest-solving or a human-assisted/agentic system that can reliably outperform top humans in at least one official Codeforces contest during 2024. That path is plausible but still unlikely within the year. Optimistically, rapid progress in LLMs, tool use, and code generation could make a surprise win underpriced, especially if the contest format or problem set happens to favor algorithmic pattern matching and implementation speed.""}, ""judge"": {""final_probability"": 0.1, ""reasoning"": ""Literal resolution: YES only if an AI system outright wins an official Codeforces coding contest at some point in 2024. As of Jan 21, 2024, AI coding ability was improving quickly, but there was no strong precedent for an autonomous AI beating top human competitors in a live Codeforces contest. The event is highly competitive, time-constrained, and adversarial, so the base rate is low. I put some weight on rapid progress and the possibility of a favorable contest or agentic/tool-using system, but not enough to move far above 10%.""}}"
dev,three_perspectives_judge,40191,Will the Democratic party win the Virginia gubernatorial election of 2025?,"October 06, 2025",Yes,1,0.76,"Literal resolution: YES if the Democratic nominee wins the Virginia governorship in the 2025 election. On or before Oct. 6, 2025, the main available evidence is Virginia’s recent pattern of electing Democrats in gubernatorial races (2013, 2017, 2021) and the state’s competitive-but-blue-leaning statewide baseline, especially in suburban Northern Virginia. This is an open-seat off-year race, so there is real volatility and turnout risk, but absent a major late shift Democrats should be favored. I put the probability slightly below the provided 0.78 cluster to reflect that Virginia remains competitive and gubernatorial outcomes can swing on late campaign dynamics.",0.0576,ok,,4,"{""base_rate"": ""/Users/kenneth.cao/Desktop/Stat 390/AutoResearch_Prediction_Optimization/outputs/raw/dev/three_perspectives_judge/40191/base_rate.json"", ""skeptic"": ""/Users/kenneth.cao/Desktop/Stat 390/AutoResearch_Prediction_Optimization/outputs/raw/dev/three_perspectives_judge/40191/skeptic.json"", ""optimist"": ""/Users/kenneth.cao/Desktop/Stat 390/AutoResearch_Prediction_Optimization/outputs/raw/dev/three_perspectives_judge/40191/optimist.json"", ""judge"": ""/Users/kenneth.cao/Desktop/Stat 390/AutoResearch_Prediction_Optimization/outputs/raw/dev/three_perspectives_judge/40191/judge.json""}","{""base_rate"": {""probability"": 0.72, ""reasoning"": ""Virginia gubernatorial elections have recently leaned Democratic in off-year cycles, and the state has trended blue in statewide contests. The 2025 race is an open-seat election in a midterm-like environment, but Virginia’s electorate has shown a strong Democratic baseline in gubernatorial years, with Democrats winning in 2013, 2017, and 2021. On a base-rate view, Democrats are favored, though not overwhelmingly, because Virginia remains competitive and statewide outcomes can swing with national mood.""}, ""skeptic"": {""probability"": 0.78, ""reasoning"": ""Virginia’s gubernatorial elections have recently leaned Democratic in off-year cycles, and by Oct. 6, 2025 the race would likely still be competitive but with Democrats having a structural edge in statewide Virginia contests. That said, the question is literal: it resolves YES only if the Democratic nominee wins the governorship, not merely if Democrats outperform polls or win other statewide offices. Main blockers are a late Republican surge, turnout asymmetry in a low-turnout off-year election, or an unexpected scandal/shift. Still, absent a major late break, Democrats are favored.""}, ""optimist"": {""probability"": 0.78, ""reasoning"": ""Virginia gubernatorial elections have recently leaned Democratic in statewide races, and 2025 is an off-year where the incumbent president’s party often faces headwinds. Still, Virginia is not a deep-red state, and Democrats have a strong recent bench and turnout advantages in Northern Virginia and other suburbs. On the forecast date, a Democratic win is the most likely single outcome, though not overwhelmingly so because gubernatorial races can be sensitive to candidate quality, national mood, and late campaign dynamics.""}, ""judge"": {""final_probability"": 0.76, ""reasoning"": ""Literal resolution: YES if the Democratic nominee wins the Virginia governorship in the 2025 election. On or before Oct. 6, 2025, the main available evidence is Virginia’s recent pattern of electing Democrats in gubernatorial races (2013, 2017, 2021) and the state’s competitive-but-blue-leaning statewide baseline, especially in suburban Northern Virginia. This is an open-seat off-year race, so there is real volatility and turnout risk, but absent a major late shift Democrats should be favored. I put the probability slightly below the provided 0.78 cluster to reflect that Virginia remains competitive and gubernatorial outcomes can swing on late campaign dynamics.""}}"
dev,three_perspectives_judge,20781,Will X declare bankruptcy in 2024?,"January 21, 2024",No,0,0.04,"Literal resolution requires X to formally declare bankruptcy at some point during calendar year 2024. As of Jan. 21, 2024, X was distressed but still operating, with owner support and multiple alternatives to bankruptcy such as cost cuts, refinancing, or private restructuring. A filing would require a major additional deterioration in liquidity or debt service, so the event is possible but remains a low-probability tail outcome.",0.0016,ok,,4,"{""base_rate"": ""/Users/kenneth.cao/Desktop/Stat 390/AutoResearch_Prediction_Optimization/outputs/raw/dev/three_perspectives_judge/20781/base_rate.json"", ""skeptic"": ""/Users/kenneth.cao/Desktop/Stat 390/AutoResearch_Prediction_Optimization/outputs/raw/dev/three_perspectives_judge/20781/skeptic.json"", ""optimist"": ""/Users/kenneth.cao/Desktop/Stat 390/AutoResearch_Prediction_Optimization/outputs/raw/dev/three_perspectives_judge/20781/optimist.json"", ""judge"": ""/Users/kenneth.cao/Desktop/Stat 390/AutoResearch_Prediction_Optimization/outputs/raw/dev/three_perspectives_judge/20781/judge.json""}","{""base_rate"": {""probability"": 0.03, ""reasoning"": ""Using a literal reading, this asks whether X (Twitter) will formally declare bankruptcy during calendar year 2024. Base rates for large, still-operating tech/platform firms to enter bankruptcy are very low absent severe liquidity distress, and as of Jan. 21, 2024 X still had ongoing operations, ownership support, and no public indication of imminent insolvency proceedings. While financial strain, advertiser weakness, and debt burden raise risk, bankruptcy within the year remains a low-probability tail event.""}, ""skeptic"": {""probability"": 0.03, ""reasoning"": ""Literal resolution requires X to formally declare bankruptcy during 2024. As of Jan. 21, 2024, X still had substantial revenue potential, access to owner support, and strong incentives to avoid a bankruptcy filing because it would be highly disruptive and likely unnecessary absent a severe liquidity crisis. The main blockers are that bankruptcy is a legal last resort, not just financial distress, and the company could instead cut costs, raise capital, or restructure privately. A YES would require a dramatic deterioration plus a formal filing within the calendar year, which seems unlikely.""}, ""optimist"": {""probability"": 0.08, ""reasoning"": ""Using the literal 2024 deadline, X would need to formally declare bankruptcy during 2024. As of Jan. 21, 2024, X still had substantial strategic value, ongoing revenue potential, and access to owner support from Elon Musk, making a formal bankruptcy filing a low-probability outcome. Credible YES paths exist: severe advertiser flight, debt/service stress, litigation, or a liquidity crisis could force a restructuring. But bankruptcy is a drastic step and X had alternatives short of Chapter 11, so YES looks unlikely though not impossible.""}, ""judge"": {""final_probability"": 0.04, ""reasoning"": ""Literal resolution requires X to formally declare bankruptcy at some point during calendar year 2024. As of Jan. 21, 2024, X was distressed but still operating, with owner support and multiple alternatives to bankruptcy such as cost cuts, refinancing, or private restructuring. A filing would require a major additional deterioration in liquidity or debt service, so the event is possible but remains a low-probability tail outcome.""}}"
validation,three_perspectives_judge,31252,Will US federal interest rates at the end of 2025 be lower than at the end of 2024?,"February 01, 2025",Yes,1,0.69,"As of Feb. 1, 2025, the Fed had already started cutting from the 2024 peak, so the literal comparison is between the end-2025 policy rate and the end-2024 level. The most likely path is at least one additional cut during 2025, leaving rates lower by Dec. 31, 2025 than they were on Dec. 31, 2024. The main reasons against YES are sticky inflation, stronger-than-expected growth, or a pause that leaves the target unchanged, but those seem somewhat less likely than continued gradual easing.",0.09610000000000003,ok,,4,"{""base_rate"": ""/Users/kenneth.cao/Desktop/Stat 390/AutoResearch_Prediction_Optimization/outputs/raw/validation/three_perspectives_judge/31252/base_rate.json"", ""skeptic"": ""/Users/kenneth.cao/Desktop/Stat 390/AutoResearch_Prediction_Optimization/outputs/raw/validation/three_perspectives_judge/31252/skeptic.json"", ""optimist"": ""/Users/kenneth.cao/Desktop/Stat 390/AutoResearch_Prediction_Optimization/outputs/raw/validation/three_perspectives_judge/31252/optimist.json"", ""judge"": ""/Users/kenneth.cao/Desktop/Stat 390/AutoResearch_Prediction_Optimization/outputs/raw/validation/three_perspectives_judge/31252/judge.json""}","{""base_rate"": {""probability"": 0.68, ""reasoning"": ""As of Feb. 1, 2025, the Fed had already begun easing from the 2024 peak, and the question only requires the end-2025 policy rate to be below the end-2024 level. Historically, once cuts begin outside a recession, rates often continue drifting lower over the following year, though the pace is uncertain. The main risk is a renewed inflation uptick or a pause in cuts, but base rates favor at least some additional easing by year-end 2025.""}, ""skeptic"": {""probability"": 0.68, ""reasoning"": ""As of Feb. 1, 2025, the Fed had already begun easing in late 2024, so the baseline expectation is for policy rates to be lower by end-2025 than end-2024. However, the question is literal and could fail if the Fed pauses due to sticky inflation, stronger growth, or renewed upside risks, leaving the target range unchanged at year-end. Also, if the resolution uses a specific federal rate measure rather than the target range, technical details could matter. Still, the most likely outcome is additional cuts by Dec. 31, 2025, making YES more likely than not.""}, ""optimist"": {""probability"": 0.72, ""reasoning"": ""As of Feb. 1, 2025, the most literal reading is the federal funds target range (or effective policy rate) at end-2025 versus end-2024. End-2024 policy was still restrictive, and the Fed had already begun easing in late 2024, making further cuts in 2025 plausible if inflation continued to cool and labor-market softness persisted. Markets entering 2025 were generally pricing additional reductions over the year, and the Fed had room to move down from a still-high starting point. Main risk to YES is sticky inflation or renewed growth forcing the Fed to pause, but on balance a lower year-end 2025 rate than year-end 2024 looks more likely than not.""}, ""judge"": {""final_probability"": 0.69, ""reasoning"": ""As of Feb. 1, 2025, the Fed had already started cutting from the 2024 peak, so the literal comparison is between the end-2025 policy rate and the end-2024 level. The most likely path is at least one additional cut during 2025, leaving rates lower by Dec. 31, 2025 than they were on Dec. 31, 2024. The main reasons against YES are sticky inflation, stronger-than-expected growth, or a pause that leaves the target unchanged, but those seem somewhat less likely than continued gradual easing.""}}"
dev,three_perspectives_judge,40201,Will Philadelphia Union win the 2025 MLS championship for US soccer?,"October 11, 2025",No,0,0.07,"Literal resolution is whether Philadelphia Union win the 2025 MLS Cup/championship by the deadline, not whether they are strong in the regular season. As of Oct. 11, 2025, they would still face a high-variance playoff path against multiple contenders, so the true chance is low but non-trivial. The provided forecasts cluster around 6%-8%, and 7% is a reasonable synthesis.",0.004900000000000001,ok,,4,"{""base_rate"": ""/Users/kenneth.cao/Desktop/Stat 390/AutoResearch_Prediction_Optimization/outputs/raw/dev/three_perspectives_judge/40201/base_rate.json"", ""skeptic"": ""/Users/kenneth.cao/Desktop/Stat 390/AutoResearch_Prediction_Optimization/outputs/raw/dev/three_perspectives_judge/40201/skeptic.json"", ""optimist"": ""/Users/kenneth.cao/Desktop/Stat 390/AutoResearch_Prediction_Optimization/outputs/raw/dev/three_perspectives_judge/40201/optimist.json"", ""judge"": ""/Users/kenneth.cao/Desktop/Stat 390/AutoResearch_Prediction_Optimization/outputs/raw/dev/three_perspectives_judge/40201/judge.json""}","{""base_rate"": {""probability"": 0.06, ""reasoning"": ""Philadelphia Union are a strong MLS regular-season club, but MLS Cup winners are highly variable and often come from a small set of top contenders. As of the forecast date, they would still need to survive a large playoff field and multiple single-elimination/high-variance matches. Historically, even elite teams win the title only a minority of the time, and Philadelphia has not been among the most dominant recent championship favorites. A low-single-digit to mid-single-digit chance is appropriate; I estimate about 6%.""}, ""skeptic"": {""probability"": 0.06, ""reasoning"": ""Philadelphia Union are a strong MLS side, but winning the 2025 MLS championship is a low-probability, single-elimination outcome with many blockers: injuries, variance, away playoff matches, and the need to beat multiple top teams. As of the forecast date, they would still need to navigate the full postseason and then win MLS Cup; even elite regular-season teams often fail to convert. A skeptic should also note that if the question resolves by official MLS championship outcome, only the final title matters, not regular-season performance or Supporters’ Shield.""}, ""optimist"": {""probability"": 0.08, ""reasoning"": ""Philadelphia Union are usually a strong regular-season side and can plausibly reach the playoffs with home-field advantage, which gives a real path to a title. But MLS championships are highly volatile, with single-elimination variance, roster depth/injuries, and several stronger or similarly strong contenders typically in the field. As of Oct. 11, 2025, the Union would need to convert a good season into a difficult playoff run, so YES is possible but still a long shot.""}, ""judge"": {""final_probability"": 0.07, ""reasoning"": ""Literal resolution is whether Philadelphia Union win the 2025 MLS Cup/championship by the deadline, not whether they are strong in the regular season. As of Oct. 11, 2025, they would still face a high-variance playoff path against multiple contenders, so the true chance is low but non-trivial. The provided forecasts cluster around 6%-8%, and 7% is a reasonable synthesis.""}}"
validation,three_perspectives_judge,34454,"Will OpenAI publicly release the full o3 model before March 28, 2025?","February 08, 2025",No,0,0.23,"I interpret YES literally: OpenAI must publicly release the full o3 model by March 28, 2025, not merely announce it, preview it, or provide limited/API-only access to a variant. The short remaining window and OpenAI’s tendency to stage frontier-model releases make this less likely than not. The perspectives cluster around the low-to-high 20s, but I lean slightly below them because the wording is strict and the deadline is tight.",0.0529,ok,,4,"{""base_rate"": ""/Users/kenneth.cao/Desktop/Stat 390/AutoResearch_Prediction_Optimization/outputs/raw/validation/three_perspectives_judge/34454/base_rate.json"", ""skeptic"": ""/Users/kenneth.cao/Desktop/Stat 390/AutoResearch_Prediction_Optimization/outputs/raw/validation/three_perspectives_judge/34454/skeptic.json"", ""optimist"": ""/Users/kenneth.cao/Desktop/Stat 390/AutoResearch_Prediction_Optimization/outputs/raw/validation/three_perspectives_judge/34454/optimist.json"", ""judge"": ""/Users/kenneth.cao/Desktop/Stat 390/AutoResearch_Prediction_Optimization/outputs/raw/validation/three_perspectives_judge/34454/judge.json""}","{""base_rate"": {""probability"": 0.28, ""reasoning"": ""Base-rate view: OpenAI has often previewed or partially released frontier models before full public availability, but it also tends to stage releases carefully and may keep the strongest models gated behind API, limited access, or delayed rollout. The question is literal about a \""full o3 model\"" being publicly released by Mar 28, 2025, which is a short window from the forecast date and requires a specific, public, full release rather than a demo, announcement, or restricted access. Given the short timeline and OpenAI’s cautious release pattern for frontier systems, I’d put this below even odds, around 28%.""}, ""skeptic"": {""probability"": 0.18, ""reasoning"": ""Skeptical view: OpenAI had strong incentives to keep frontier reasoning models partially gated, staged, or API-only rather than publicly releasing the full o3 model by the deadline. The wording is strict: it must be a public release of the full model, not just a demo, limited preview, benchmark announcement, or API access to a smaller/modified variant. Even if o3 existed internally, OpenAI could delay for safety, reliability, compute, or productization reasons, and the short window before March 28, 2025 leaves limited time for a broad public launch. So YES is possible, but the literal resolution criteria make it meaningfully less likely than not.""}, ""optimist"": {""probability"": 0.28, ""reasoning"": ""OpenAI had already signaled strong interest in releasing more capable reasoning models, and a public release before Mar 28, 2025 was plausible if o3 was sufficiently safe/stable and strategically useful versus competitors. A YES could happen via a blog/API launch, even if access were limited or staged. But the phrase \""full o3 model\"" is a high bar: OpenAI often ships variants, previews, or API access rather than a clearly identifiable full model release, and safety/evaluation delays could easily push timing past the deadline. On balance, credible but not likely.""}, ""judge"": {""final_probability"": 0.23, ""reasoning"": ""I interpret YES literally: OpenAI must publicly release the full o3 model by March 28, 2025, not merely announce it, preview it, or provide limited/API-only access to a variant. The short remaining window and OpenAI’s tendency to stage frontier-model releases make this less likely than not. The perspectives cluster around the low-to-high 20s, but I lean slightly below them because the wording is strict and the deadline is tight.""}}"
validation,three_perspectives_judge,31118,Will Benjamin Netanyahu remain Prime Minister of Israel throughout 2025?,"February 01, 2025",Yes,1,0.6,"Literal resolution: YES only if Netanyahu remains Prime Minister without interruption through Dec. 31, 2025. He begins 2025 in office, and replacing a sitting Israeli PM is procedurally and politically difficult, especially absent a clearly viable alternative majority. That said, 2025 still carries meaningful risks from coalition instability, wartime pressures, legal/political shocks, resignation, or a successful alternative government. Net: modestly above 50%, but far from secure.",0.16000000000000003,ok,,4,"{""base_rate"": ""/Users/kenneth.cao/Desktop/Stat 390/AutoResearch_Prediction_Optimization/outputs/raw/validation/three_perspectives_judge/31118/base_rate.json"", ""skeptic"": ""/Users/kenneth.cao/Desktop/Stat 390/AutoResearch_Prediction_Optimization/outputs/raw/validation/three_perspectives_judge/31118/skeptic.json"", ""optimist"": ""/Users/kenneth.cao/Desktop/Stat 390/AutoResearch_Prediction_Optimization/outputs/raw/validation/three_perspectives_judge/31118/optimist.json"", ""judge"": ""/Users/kenneth.cao/Desktop/Stat 390/AutoResearch_Prediction_Optimization/outputs/raw/validation/three_perspectives_judge/31118/judge.json""}","{""base_rate"": {""probability"": 0.58, ""reasoning"": ""Outside-view base rate favors incumbency persistence once a coalition is in place, but Netanyahu’s situation is unusually fragile: a narrow coalition, ongoing war pressures, legal/political instability, and a history of Israeli governments collapsing before term. The question is literal and requires him to remain PM for the entire calendar year 2025, so any resignation, replacement, or government change during 2025 makes it NO. Still, absent a clear near-term alternative and given Netanyahu’s demonstrated political durability, a modest majority YES seems appropriate.""}, ""skeptic"": {""probability"": 0.58, ""reasoning"": ""Netanyahu starts 2025 in office, and Israeli governments can be unstable, but the bar here is literal: he must remain prime minister for the entire calendar year 2025. Main failure modes are a coalition collapse, a successful no-confidence/alternative government, resignation, or legal/political crisis forcing replacement. Those risks are real given Israel’s fragmented politics and wartime pressures, but replacing a sitting PM is still procedurally difficult and Netanyahu has historically survived repeated crises. On balance, I slightly favor YES, but with substantial downside risk.""}, ""optimist"": {""probability"": 0.62, ""reasoning"": ""YES resolves if Netanyahu stays PM for the entire calendar year 2025, i.e., does not leave office at any point in 2025. As of Feb. 1, 2025 he is still PM, and Israeli politics often preserve incumbents through coalition bargaining, security crises, and the difficulty of assembling an alternative majority. Credible YES paths include the coalition surviving despite internal tensions, no successful no-confidence/alternative-government formation, and Netanyahu remaining in office even amid legal or political pressure. The main risks are coalition collapse, a replacement government, or Netanyahu’s resignation, but those require overcoming substantial parliamentary and political hurdles. On balance, the status quo and institutional inertia make YES somewhat more likely than not.""}, ""judge"": {""final_probability"": 0.6, ""reasoning"": ""Literal resolution: YES only if Netanyahu remains Prime Minister without interruption through Dec. 31, 2025. He begins 2025 in office, and replacing a sitting Israeli PM is procedurally and politically difficult, especially absent a clearly viable alternative majority. That said, 2025 still carries meaningful risks from coalition instability, wartime pressures, legal/political shocks, resignation, or a successful alternative government. Net: modestly above 50%, but far from secure.""}}"
validation,three_perspectives_judge,40181,Will Russia’s annual GDP growth rate exceed 1.5% in Q3 2025?,"October 08, 2025",No,0,0.34,"Literal resolution is whether Russia’s Q3 2025 annual GDP growth rate (year-over-year) is reported above 1.5%. The perspectives broadly agree this is plausible but not the modal outcome. Russia had still been supported by wartime fiscal stimulus and defense spending, which argues for a non-trivial chance of clearing 1.5%, but sanctions, labor shortages, high rates, and slowing momentum make a miss at or below 1.5% somewhat more likely. I put the probability modestly above the base rate but below even odds.",0.11560000000000002,ok,,4,"{""base_rate"": ""/Users/kenneth.cao/Desktop/Stat 390/AutoResearch_Prediction_Optimization/outputs/raw/validation/three_perspectives_judge/40181/base_rate.json"", ""skeptic"": ""/Users/kenneth.cao/Desktop/Stat 390/AutoResearch_Prediction_Optimization/outputs/raw/validation/three_perspectives_judge/40181/skeptic.json"", ""optimist"": ""/Users/kenneth.cao/Desktop/Stat 390/AutoResearch_Prediction_Optimization/outputs/raw/validation/three_perspectives_judge/40181/optimist.json"", ""judge"": ""/Users/kenneth.cao/Desktop/Stat 390/AutoResearch_Prediction_Optimization/outputs/raw/validation/three_perspectives_judge/40181/judge.json""}","{""base_rate"": {""probability"": 0.28, ""reasoning"": ""Literal read: the question resolves YES if Russia’s annual GDP growth rate for Q3 2025 is reported above 1.5% by the relevant source used for resolution. Base rates suggest a modest chance. Russia’s growth in 2024–2025 was supported by wartime fiscal stimulus and defense spending, but high rates, sanctions, labor constraints, and slowing momentum make sustained >1.5% annual growth less likely than not. Q3 is also a quarter where year-over-year comparisons can be noisy; still, exceeding 1.5% is plausible but not the modal outcome.""}, ""skeptic"": {""probability"": 0.28, ""reasoning"": ""Skeptical view: the resolution hinges on Russia’s official Q3 2025 annual GDP growth rate (year-over-year), which is typically volatile and has been slowing from wartime rebound levels. By Oct. 8, 2025, Q3 data may not yet be fully released, but the underlying economy faces headwinds from sanctions, labor shortages, high rates, and weaker investment/consumption. Even if growth remains positive, exceeding 1.5% year-over-year is not assured and could miss on a modest slowdown or statistical revision. I assign a below-even chance because the threshold is relatively high for a late-2025 quarter.""}, ""optimist"": {""probability"": 0.42, ""reasoning"": ""Literal read: the question resolves YES only if Russia’s reported annual GDP growth rate for Q3 2025 is above 1.5% (likely year-over-year, as used in official quarterly GDP releases). A YES is plausible because Russia’s economy had been running above trend in 2024–2025, supported by wartime fiscal spending, defense production, and still-elevated nominal activity; if Q3 2025 growth stayed near recent official readings, it could clear 1.5%. The main reason to stay below even odds is that high rates, labor constraints, sanctions frictions, and slowing domestic demand could pull quarterly growth down, and the threshold is not trivial if measured strictly year-over-year. Overall, a modestly bullish but not strong chance.""}, ""judge"": {""final_probability"": 0.34, ""reasoning"": ""Literal resolution is whether Russia’s Q3 2025 annual GDP growth rate (year-over-year) is reported above 1.5%. The perspectives broadly agree this is plausible but not the modal outcome. Russia had still been supported by wartime fiscal stimulus and defense spending, which argues for a non-trivial chance of clearing 1.5%, but sanctions, labor shortages, high rates, and slowing momentum make a miss at or below 1.5% somewhat more likely. I put the probability modestly above the base rate but below even odds.""}}"
dev,three_perspectives_judge,22526,"Will Mike Johnson be Speaker of the House on May 20, 2024?","April 24, 2024",Yes,1,0.78,"As of Apr. 24, 2024, Johnson was the sitting Speaker and the question only resolves YES if he is still Speaker on May 20. Over a one-month horizon, removal or resignation was possible but still relatively unlikely: it would require either his departure or a successful House effort to replace him, which is procedurally and politically difficult in a narrowly divided chamber. The provided forecasts all point to continuity, and I’d weight that slightly above the stated 0.72 because the default expectation is that a sitting Speaker remains in place absent a concrete trigger.",0.04839999999999999,ok,,4,"{""base_rate"": ""/Users/kenneth.cao/Desktop/Stat 390/AutoResearch_Prediction_Optimization/outputs/raw/dev/three_perspectives_judge/22526/base_rate.json"", ""skeptic"": ""/Users/kenneth.cao/Desktop/Stat 390/AutoResearch_Prediction_Optimization/outputs/raw/dev/three_perspectives_judge/22526/skeptic.json"", ""optimist"": ""/Users/kenneth.cao/Desktop/Stat 390/AutoResearch_Prediction_Optimization/outputs/raw/dev/three_perspectives_judge/22526/optimist.json"", ""judge"": ""/Users/kenneth.cao/Desktop/Stat 390/AutoResearch_Prediction_Optimization/outputs/raw/dev/three_perspectives_judge/22526/judge.json""}","{""base_rate"": {""probability"": 0.72, ""reasoning"": ""As of Apr. 24, 2024, Mike Johnson had already been elected Speaker and there was no immediate sign of a successful removal or replacement before May 20. Historically, House Speakers usually remain in office absent a resignation, death, or a successful motion to vacate, all of which are relatively rare over a short one-month horizon. The main downside risk is intra-party conflict in a narrow Republican majority, but the base rate still favors continuity by May 20.""}, ""skeptic"": {""probability"": 0.72, ""reasoning"": ""As of Apr. 24, 2024, Mike Johnson was the sitting Speaker and there was no immediate replacement in place. The main risk is political: House Republicans could remove him, he could resign, or a new Speaker could be elected before May 20. But despite intraparty tensions, replacing a Speaker requires a majority vote and the GOP margin was narrow, making a successful change possible but not the default. On balance, he is more likely than not to still be Speaker on May 20, though the chance of disruption is meaningful.""}, ""optimist"": {""probability"": 0.72, ""reasoning"": ""As of Apr. 24, 2024, Mike Johnson had already been elected Speaker and there was no immediate, credible indication he would be removed before May 20. The main risks were a Republican revolt, a motion to vacate, or resignation, but Johnson had recently survived intense intra-party conflict and the House GOP still lacked an obvious consensus replacement. Given the short horizon and the procedural difficulty of replacing a Speaker, YES looks more likely than not and arguably underpriced.""}, ""judge"": {""final_probability"": 0.78, ""reasoning"": ""As of Apr. 24, 2024, Johnson was the sitting Speaker and the question only resolves YES if he is still Speaker on May 20. Over a one-month horizon, removal or resignation was possible but still relatively unlikely: it would require either his departure or a successful House effort to replace him, which is procedurally and politically difficult in a narrowly divided chamber. The provided forecasts all point to continuity, and I’d weight that slightly above the stated 0.72 because the default expectation is that a sitting Speaker remains in place absent a concrete trigger.""}}"
validation,three_perspectives_judge,20747,Will Bitcoin go up over 2024?,"January 21, 2024",Yes,1,0.62,"Literal resolution: YES if Bitcoin is higher on the 2024 deadline than on Jan 21, 2024. The perspectives are broadly aligned around a modest edge above 50%, with the bullish case supported by ETF-driven demand, the April halving, and possible macro easing, while the main counterweight is Bitcoin’s extreme volatility and sensitivity to year-end drawdowns. I’d weight the base rate and skeptic slightly more than the optimist because the question is about a specific start-to-end comparison over a full year, not just a bullish narrative. Net: moderately above even.",0.1444,ok,,4,"{""base_rate"": ""/Users/kenneth.cao/Desktop/Stat 390/AutoResearch_Prediction_Optimization/outputs/raw/validation/three_perspectives_judge/20747/base_rate.json"", ""skeptic"": ""/Users/kenneth.cao/Desktop/Stat 390/AutoResearch_Prediction_Optimization/outputs/raw/validation/three_perspectives_judge/20747/skeptic.json"", ""optimist"": ""/Users/kenneth.cao/Desktop/Stat 390/AutoResearch_Prediction_Optimization/outputs/raw/validation/three_perspectives_judge/20747/optimist.json"", ""judge"": ""/Users/kenneth.cao/Desktop/Stat 390/AutoResearch_Prediction_Optimization/outputs/raw/validation/three_perspectives_judge/20747/judge.json""}","{""base_rate"": {""probability"": 0.62, ""reasoning"": ""Interpreting literally as Bitcoin finishing 2024 above its Jan 21, 2024 level, the outside-view base rate is moderately favorable. Bitcoin has historically had high volatility but a positive long-run drift, and after prior halving cycles it has often posted strong 12-month gains, though with substantial drawdowns along the way. Starting from a relatively elevated but not peak level in early 2024, a year-long horizon still leaves meaningful upside probability, but the outcome is far from certain because BTC can easily end a year down even after strong interim rallies. Overall, slightly better than even.""}, ""skeptic"": {""probability"": 0.56, ""reasoning"": ""Literal read: YES if Bitcoin is higher at the 2024 deadline than on Jan 21, 2024. As of the forecast date, BTC had strong momentum from ETF approval and a favorable macro/regulatory narrative, which supports a modestly above-50% chance. But this is a highly volatile asset with frequent 20%+ drawdowns, and the resolution is sensitive to the exact deadline price; a year-end risk-off move, regulatory shock, or post-ETF sell-the-news reversal could easily leave BTC flat or down. Skeptically, the path to YES is plausible but far from assured.""}, ""optimist"": {""probability"": 0.68, ""reasoning"": ""Literal read: YES if Bitcoin ends 2024 above its Jan 21, 2024 level. On that date BTC was already in a strong uptrend after the spot-ETF approvals, and 2024 had several credible bullish catalysts still ahead: continued ETF inflows, the April halving, potential Fed easing later in the year, and renewed institutional/retail momentum if crypto risk appetite stayed strong. Bitcoin is highly volatile but has historically had a positive skew in strong bull phases, so the market may underprice the chance that these catalysts keep price above the starting point by year-end.""}, ""judge"": {""final_probability"": 0.62, ""reasoning"": ""Literal resolution: YES if Bitcoin is higher on the 2024 deadline than on Jan 21, 2024. The perspectives are broadly aligned around a modest edge above 50%, with the bullish case supported by ETF-driven demand, the April halving, and possible macro easing, while the main counterweight is Bitcoin’s extreme volatility and sensitivity to year-end drawdowns. I’d weight the base rate and skeptic slightly more than the optimist because the question is about a specific start-to-end comparison over a full year, not just a bullish narrative. Net: moderately above even.""}}"
dev,three_perspectives_judge,31298,"Will there be at least 1,000 deaths due to direct conflict between Israel and Iran in 2025?","February 01, 2025",Yes,1,0.08,"A YES requires at least 1,000 deaths caused by direct Israel-Iran conflict during calendar year 2025. As of Feb. 1, 2025, the most likely path remains limited, episodic direct exchanges or proxy-heavy conflict rather than sustained interstate war with mass fatalities. Reaching 1,000 would likely require prolonged, high-intensity direct strikes or a broader war, which is possible but still a low-probability tail outcome.",0.8464,ok,,4,"{""base_rate"": ""/Users/kenneth.cao/Desktop/Stat 390/AutoResearch_Prediction_Optimization/outputs/raw/dev/three_perspectives_judge/31298/base_rate.json"", ""skeptic"": ""/Users/kenneth.cao/Desktop/Stat 390/AutoResearch_Prediction_Optimization/outputs/raw/dev/three_perspectives_judge/31298/skeptic.json"", ""optimist"": ""/Users/kenneth.cao/Desktop/Stat 390/AutoResearch_Prediction_Optimization/outputs/raw/dev/three_perspectives_judge/31298/optimist.json"", ""judge"": ""/Users/kenneth.cao/Desktop/Stat 390/AutoResearch_Prediction_Optimization/outputs/raw/dev/three_perspectives_judge/31298/judge.json""}","{""base_rate"": {""probability"": 0.08, ""reasoning"": ""Base rate is low because direct Israel-Iran conflict has historically been mostly covert, limited, or proxy-based rather than producing mass battlefield fatalities. Even with heightened tensions and occasional direct strikes, reaching 1,000 deaths in a single calendar year would likely require a sustained, large-scale interstate war with repeated high-casualty engagements. As of Feb 1, 2025, escalation risk is nontrivial, but the threshold is high enough that the most likely outcome remains below 1,000 direct-conflict deaths.""}, ""skeptic"": {""probability"": 0.08, ""reasoning"": ""A 1,000-death threshold from direct Israel-Iran conflict in a single year is very high. Even if tensions escalate, both sides have strong incentives to avoid full-scale direct war and to keep exchanges limited, indirect, or proxy-based. Most historical Israel-Iran confrontations have produced far fewer direct fatalities, and reaching 1,000 would likely require sustained large-scale missile/air campaigns or a major ground/strategic escalation that is possible but not the base case. The main blocker is that much of the violence is more likely to remain indirect or episodic rather than producing mass direct deaths.""}, ""optimist"": {""probability"": 0.08, ""reasoning"": ""A YES requires at least 1,000 deaths directly from Israel-Iran conflict within 2025, which is a very high threshold. The main credible path is a major escalation into sustained interstate war involving strikes on military, nuclear, and urban targets, potentially with missile salvos and broader regional spillover. That said, both sides have strong incentives to avoid full-scale war, and prior direct exchanges have been limited relative to this threshold. The risk is non-trivial because miscalculation, retaliation cycles, or attacks on critical infrastructure could rapidly escalate, but reaching 1,000 direct-conflict deaths still looks unlikely absent a large, prolonged war.""}, ""judge"": {""final_probability"": 0.08, ""reasoning"": ""A YES requires at least 1,000 deaths caused by direct Israel-Iran conflict during calendar year 2025. As of Feb. 1, 2025, the most likely path remains limited, episodic direct exchanges or proxy-heavy conflict rather than sustained interstate war with mass fatalities. Reaching 1,000 would likely require prolonged, high-intensity direct strikes or a broader war, which is possible but still a low-probability tail outcome.""}}"
dev,three_perspectives_judge,40208,"On December 1, 2025, will Nvidia be the world's most valuable company by market cap?","October 08, 2025",Yes,1,0.42,"As of Oct. 8, 2025, Nvidia is plausibly in the top tier but the resolution is strict: it must be the single highest market cap on Dec. 1, 2025. That makes this a short-horizon, high-volatility ranking bet against other mega-caps like Microsoft and Apple, where small moves or earnings/news around the cutoff can flip the outcome. Nvidia has a strong path to #1 if AI enthusiasm and earnings momentum persist, but the combination of narrow gaps and a date-specific snapshot keeps YES below even odds. I therefore keep the consensus estimate at 0.42.",0.3364000000000001,ok,,4,"{""base_rate"": ""/Users/kenneth.cao/Desktop/Stat 390/AutoResearch_Prediction_Optimization/outputs/raw/dev/three_perspectives_judge/40208/base_rate.json"", ""skeptic"": ""/Users/kenneth.cao/Desktop/Stat 390/AutoResearch_Prediction_Optimization/outputs/raw/dev/three_perspectives_judge/40208/skeptic.json"", ""optimist"": ""/Users/kenneth.cao/Desktop/Stat 390/AutoResearch_Prediction_Optimization/outputs/raw/dev/three_perspectives_judge/40208/optimist.json"", ""judge"": ""/Users/kenneth.cao/Desktop/Stat 390/AutoResearch_Prediction_Optimization/outputs/raw/dev/three_perspectives_judge/40208/judge.json""}","{""base_rate"": {""probability"": 0.42, ""reasoning"": ""As of the forecast date, Nvidia is already among the top few companies by market cap, but being the single most valuable company on a specific future date is highly path-dependent and can change quickly with earnings, AI sentiment, macro moves, and relative performance of Microsoft/Apple. Base rates for a current leader or near-leader to still be #1 a couple of months later are meaningful but far from dominant, especially given the narrow gap typically separating the top names. The literal resolution on Dec. 1, 2025 favors whichever company has the highest market cap at that moment, so short-term volatility matters a lot. I’d put Nvidia’s chance at a bit below even odds.""}, ""skeptic"": {""probability"": 0.42, ""reasoning"": ""As of the forecast date, Nvidia is a top contender but not a lock to be #1 by Dec. 1, 2025. The main blockers are that the resolution is literal and date-specific: it depends on market cap on that exact day, so even a brief rally in Apple, Microsoft, or another mega-cap could keep Nvidia from first place. Nvidia’s valuation is also highly sensitive to AI sentiment, earnings, export restrictions, and broader risk-off moves; any disappointment could compress its multiple quickly. While Nvidia has strong momentum and a plausible path to the top, the combination of extreme competition at the top and a single-day cutoff makes YES less likely than not.""}, ""optimist"": {""probability"": 0.42, ""reasoning"": ""Nvidia has a credible path to being #1 by Dec. 1, 2025: it was already among the top two or three by market cap, and continued AI capex enthusiasm could keep its valuation ahead of Apple/Microsoft if earnings/guidance remain exceptional. The main risk is that the question is literal and date-specific: a modest pullback in Nvidia or a rally in Microsoft/Apple on or before Dec. 1 would flip the ranking. Because the gap among the top megacaps can be narrow and volatile, YES is plausible but far from assured.""}, ""judge"": {""final_probability"": 0.42, ""reasoning"": ""As of Oct. 8, 2025, Nvidia is plausibly in the top tier but the resolution is strict: it must be the single highest market cap on Dec. 1, 2025. That makes this a short-horizon, high-volatility ranking bet against other mega-caps like Microsoft and Apple, where small moves or earnings/news around the cutoff can flip the outcome. Nvidia has a strong path to #1 if AI enthusiasm and earnings momentum persist, but the combination of narrow gaps and a date-specific snapshot keeps YES below even odds. I therefore keep the consensus estimate at 0.42.""}}"
dev,three_perspectives_judge,31348,Will the US government release additional Epstein documents in 2025?,"February 01, 2025",Yes,1,0.67,"I lean YES because the resolution criterion is broad: any additional Epstein-related document release by a US government entity in 2025 would count, including court unsealing, FOIA production, DOJ/FBI disclosure, or congressional release. There is a persistent pattern of incremental Epstein document releases and ongoing public pressure, so another release in 2025 is more likely than not. I discount the higher forecasts somewhat because many materials are already public, some releases may be delayed or heavily redacted, and the question requires an actual 2025 release rather than discussion or promises.",0.10889999999999997,ok,,4,"{""base_rate"": ""/Users/kenneth.cao/Desktop/Stat 390/AutoResearch_Prediction_Optimization/outputs/raw/dev/three_perspectives_judge/31348/base_rate.json"", ""skeptic"": ""/Users/kenneth.cao/Desktop/Stat 390/AutoResearch_Prediction_Optimization/outputs/raw/dev/three_perspectives_judge/31348/skeptic.json"", ""optimist"": ""/Users/kenneth.cao/Desktop/Stat 390/AutoResearch_Prediction_Optimization/outputs/raw/dev/three_perspectives_judge/31348/optimist.json"", ""judge"": ""/Users/kenneth.cao/Desktop/Stat 390/AutoResearch_Prediction_Optimization/outputs/raw/dev/three_perspectives_judge/31348/judge.json""}","{""base_rate"": {""probability"": 0.72, ""reasoning"": ""Base rate favors disclosure: Epstein-related records have repeatedly been released in waves through court filings, FOIA litigation, and agency document dumps, and there is sustained public/political pressure for more transparency. The question is broad (“additional Epstein documents” in 2025), so even a modest new release by DOJ/FBI/courts or unsealing in related litigation would satisfy it. The main downside is that agencies may resist or delay, but given the high-profile nature and ongoing legal processes, a YES outcome looks more likely than not.""}, ""skeptic"": {""probability"": 0.62, ""reasoning"": ""YES resolves if the US government publicly releases additional Epstein-related documents at any point in 2025. This seems moderately likely because there is continuing public and political pressure for disclosure, and agencies/courts can release more material through FOIA, litigation, or congressional action. However, the skeptic case is substantial: many records may already be sealed, redacted, or held by courts rather than the executive branch; agencies may resist on privacy, victim-protection, or ongoing-investigation grounds; and the question requires an actual release in 2025, not just promises, hearings, or partial references. So I lean YES but not strongly.""}, ""optimist"": {""probability"": 0.72, ""reasoning"": ""YES seems fairly likely because the US government has multiple credible channels to release additional Epstein-related material in 2025: court-ordered or litigation-driven disclosures, FOIA releases, congressional action, DOJ/FBI responses to records requests, or selective declassification/production by agencies. Epstein-related documents have already been released in waves, and public interest plus ongoing civil/criminal proceedings create continuing pressure for more disclosure. The main uncertainty is the literal resolution criterion: if it requires a new, clearly identifiable government release in 2025 (not just court filings or already-public repeats), that still appears more likely than not, but not certain.""}, ""judge"": {""final_probability"": 0.67, ""reasoning"": ""I lean YES because the resolution criterion is broad: any additional Epstein-related document release by a US government entity in 2025 would count, including court unsealing, FOIA production, DOJ/FBI disclosure, or congressional release. There is a persistent pattern of incremental Epstein document releases and ongoing public pressure, so another release in 2025 is more likely than not. I discount the higher forecasts somewhat because many materials are already public, some releases may be delayed or heavily redacted, and the question requires an actual 2025 release rather than discussion or promises.""}}"
validation,three_perspectives_judge,20758,Will OpenAI publish information describing Q* (Q-Star) in 2024?,"January 21, 2024",No,0,0.22,"Literal YES requires OpenAI itself to publicly publish information describing Q* sometime in 2024. On Jan. 21, 2024, Q* was only rumor-level reporting, and OpenAI had strong incentives to avoid confirming or detailing a sensitive internal project. While public speculation could have prompted some clarification or indirect discussion later in the year, the bar is explicit publication describing Q*, which seems unlikely. I put this modestly above the base rate because the topic was already public and could have elicited a response, but still well below 50%.",0.0484,ok,,4,"{""base_rate"": ""/Users/kenneth.cao/Desktop/Stat 390/AutoResearch_Prediction_Optimization/outputs/raw/validation/three_perspectives_judge/20758/base_rate.json"", ""skeptic"": ""/Users/kenneth.cao/Desktop/Stat 390/AutoResearch_Prediction_Optimization/outputs/raw/validation/three_perspectives_judge/20758/skeptic.json"", ""optimist"": ""/Users/kenneth.cao/Desktop/Stat 390/AutoResearch_Prediction_Optimization/outputs/raw/validation/three_perspectives_judge/20758/optimist.json"", ""judge"": ""/Users/kenneth.cao/Desktop/Stat 390/AutoResearch_Prediction_Optimization/outputs/raw/validation/three_perspectives_judge/20758/judge.json""}","{""base_rate"": {""probability"": 0.18, ""reasoning"": ""Literal resolution requires OpenAI to publicly publish information describing Q* during 2024. As of Jan 21, 2024, Q* was only a rumor with no official confirmation, and OpenAI had strong incentives to avoid validating or elaborating on a potentially sensitive internal project. Base rates for companies publicly disclosing speculative internal research details are low, especially when the topic has safety, competitive, and reputational implications. Some chance exists via a blog post, interview, or technical report, but absent a clear reason to expect disclosure, the outside-view probability is modest.""}, ""skeptic"": {""probability"": 0.18, ""reasoning"": ""Skeptical view: by Jan 21, 2024 there was only rumor-level reporting about Q* and no clear indication OpenAI would publicly confirm or describe it. The resolution requires OpenAI itself to publish information describing Q* during 2024, which is a high bar given likely secrecy around internal research and safety-sensitive work. Even if Q* exists, OpenAI could avoid naming it or could publish only vague related material, causing a NO. Some chance remains because the topic was already in public discourse and OpenAI might later address it indirectly or in a technical post, but literal, explicit publication seems unlikely.""}, ""optimist"": {""probability"": 0.28, ""reasoning"": ""YES requires OpenAI to publish information that clearly describes Q* at any point in 2024. As of Jan. 21, 2024, there was already public speculation and reporting about Q* from late 2023, which creates a plausible path to an official clarification, blog post, interview, or technical note later in the year. OpenAI also had incentives to manage the narrative around safety and AGI-related rumors, so some form of publication is credible. But the bar is literal publication by OpenAI, and the company has strong reasons to avoid confirming internal project details, so the default remains no. Overall, I think YES is possible but still under 50%.""}, ""judge"": {""final_probability"": 0.22, ""reasoning"": ""Literal YES requires OpenAI itself to publicly publish information describing Q* sometime in 2024. On Jan. 21, 2024, Q* was only rumor-level reporting, and OpenAI had strong incentives to avoid confirming or detailing a sensitive internal project. While public speculation could have prompted some clarification or indirect discussion later in the year, the bar is explicit publication describing Q*, which seems unlikely. I put this modestly above the base rate because the topic was already public and could have elicited a response, but still well below 50%.""}}"
validation,three_perspectives_judge,41361,"In February 2026, will the weekly amount of finished motor gasoline supplied in the U.S. be highest in the final week of the month?","January 31, 2026",No,0,0.37,"Literal resolution: YES only if the EIA weekly U.S. finished motor gasoline supplied value for the final week of February 2026 is the single highest weekly reading among all February 2026 weeks. That is a specific within-month timing event with only 4–5 observations, so chance alone is not high. Gasoline supply/demand is noisy and can peak earlier due to weather, holidays, or refinery effects; February also tends to be seasonally softer than spring/summer. Still, late-month strength is plausible, so I put it modestly below 50%.",0.1369,ok,,4,"{""base_rate"": ""/Users/kenneth.cao/Desktop/Stat 390/AutoResearch_Prediction_Optimization/outputs/raw/validation/three_perspectives_judge/41361/base_rate.json"", ""skeptic"": ""/Users/kenneth.cao/Desktop/Stat 390/AutoResearch_Prediction_Optimization/outputs/raw/validation/three_perspectives_judge/41361/skeptic.json"", ""optimist"": ""/Users/kenneth.cao/Desktop/Stat 390/AutoResearch_Prediction_Optimization/outputs/raw/validation/three_perspectives_judge/41361/optimist.json"", ""judge"": ""/Users/kenneth.cao/Desktop/Stat 390/AutoResearch_Prediction_Optimization/outputs/raw/validation/three_perspectives_judge/41361/judge.json""}","{""base_rate"": {""probability"": 0.34, ""reasoning"": ""This asks whether the highest weekly U.S. finished motor gasoline supplied value in February 2026 will occur in the final week of the month. Outside view: weekly gasoline supply is noisy and driven by travel patterns, weather, refinery outages, and reporting revisions, so the monthly peak is not especially likely to land exactly in the last week. February is a short month and often has relatively stable or seasonally soft demand versus summer, which slightly reduces the chance of a late-month peak. A rough base-rate estimate is below 50%, with some modest uplift because end-of-month weeks can capture holiday/travel effects and because there are only four or five weekly observations in the month.""}, ""skeptic"": {""probability"": 0.34, ""reasoning"": ""The question is literal and depends on EIA weekly finished motor gasoline supplied data for each week in February 2026, with YES only if the final week is the single highest weekly value in that month. That is a fairly specific pattern and not especially likely in a short 4-week window. Gasoline demand often varies with weather, holidays, and reporting noise, and the last week can be lower than an earlier week due to post-holiday effects or random fluctuation. February also has fewer weeks and can be affected by seasonal maintenance, which may depress late-month supply. I’d assign a modest probability rather than near-even because the final week must beat all prior February weeks, not just be high.""}, ""optimist"": {""probability"": 0.42, ""reasoning"": ""The question resolves YES only if the EIA weekly series for finished motor gasoline supplied in the U.S. reaches its February 2026 monthly maximum in the final week of February. That is a fairly specific timing condition, and weekly gasoline demand/supply patterns are noisy. There is some seasonal support for late-February strength as driving activity and refinery runs can rise ahead of spring, and if early-February weeks are depressed by weather or temporary demand softness, the last week could easily be the peak. But the final week is only one of four or five observations, so even if February is strong overall, the maximum often lands earlier by chance. Net: plausible but not favored.""}, ""judge"": {""final_probability"": 0.37, ""reasoning"": ""Literal resolution: YES only if the EIA weekly U.S. finished motor gasoline supplied value for the final week of February 2026 is the single highest weekly reading among all February 2026 weeks. That is a specific within-month timing event with only 4–5 observations, so chance alone is not high. Gasoline supply/demand is noisy and can peak earlier due to weather, holidays, or refinery effects; February also tends to be seasonally softer than spring/summer. Still, late-month strength is plausible, so I put it modestly below 50%.""}}"
